model_condition,stratum,level,metric,n,mean,std,median,min,p10,p25,p75,p90,p95,max,positive,zero,negative,trimmed_mean_10pct,trimmed_mean_20pct,mean_drop_largest_1,mean_drop_largest_abs_1,mean_drop_largest_2,mean_drop_largest_abs_2,mean_drop_largest_5,mean_drop_largest_abs_5
deepseek_formal,divergence_kwh,50.0,ED_kwh,20,1137.5,3501.3860037659974,0.0,0.0,0.0,0.0,0.0,1125.000000000016,11262.5,11500.0,2,18,0,0.0,0.0,592.1052631578947,592.1052631578947,0.0,0.0,0.0,0.0
deepseek_formal,divergence_kwh,50.0,ED_avg_kw,20,50.0,153.89675281277312,0.0,0.0,0.0,0.0,0.0,50.00000000000071,500.0,500.0,2,18,0,0.0,0.0,26.31578947368421,26.31578947368421,0.0,0.0,0.0,0.0
deepseek_formal,divergence_kwh,50.0,ED_per_soc_gap,20,22.75,70.02772007531995,0.0,0.0,0.0,0.0,0.0,22.50000000000032,225.25,230.0,2,18,0,0.0,0.0,11.842105263157896,11.842105263157896,0.0,0.0,0.0,0.0
deepseek_formal,divergence_kwh,50.0,soc_direction_net_energy_kwh,20,6.25,1845.3689368681523,0.0,-5625.0,-0.0,0.0,0.0,0.0,287.5000000000041,5750.0,1,18,1,0.0,0.0,-296.05263157894734,-296.05263157894734,-312.5,0.0,-375.0,0.0
deepseek_formal,divergence_kwh,50.0,terminal_alignment_kwh,20,35.42763157894765,1809.3895186577531,0.0,-5212.5,0.0,0.0,0.0,0.0,296.05263157895183,5921.052631578953,1,18,1,0.0,0.0,-274.3421052631579,-274.3421052631579,-289.5833333333333,0.0,-347.5,0.0
deepseek_formal,divergence_kwh,50.0,alignment_total_violation_energy,20,1121.1266447368441,77368.00307926483,0.0,-227015.625,0.0,0.0,0.0,0.0,12471.907894737022,249438.15789473688,1,18,1,0.0,0.0,-11948.190789473685,-11948.190789473685,-12611.979166666666,0.0,-15134.375,0.0
deepseek_formal,divergence_kwh,75.0,ED_kwh,20,1975.0,5657.95899596312,0.0,0.0,0.0,0.0,0.0,5650.000000000009,12075.000000000007,23000.0,3,17,0,312.5,0.0,868.421052631579,868.421052631579,277.77777777777777,277.77777777777777,0.0,0.0
deepseek_formal,divergence_kwh,75.0,ED_avg_kw,20,86.36363636363636,246.28602743055689,0.0,0.0,0.0,0.0,0.0,254.54545454545493,525.0000000000003,1000.0,3,17,0,14.204545454545455,0.0,38.27751196172249,38.27751196172249,12.626262626262626,12.626262626262626,0.0,0.0
deepseek_formal,divergence_kwh,75.0,ED_per_soc_gap,20,26.333333333333336,75.43945327950827,0.0,0.0,0.0,0.0,0.0,75.33333333333346,161.0000000000001,306.6666666666667,3,17,0,4.166666666666667,0.0,11.578947368421053,11.578947368421053,3.703703703703704,3.703703703703704,0.0,0.0
deepseek_formal,divergence_kwh,75.0,soc_direction_net_energy_kwh,20,750.0,2893.9592256975566,0.0,-2250.0,0.0,0.0,0.0,575.0000000000082,6037.500000000004,11500.0,2,17,1,0.0,0.0,184.21052631578948,184.21052631578948,-125.0,-125.0,-150.0,0.0
deepseek_formal,divergence_kwh,75.0,terminal_alignment_kwh,20,-86.4144736842101,1333.1152463909527,0.0,-5162.5,0.0,0.0,0.0,89.01315789473882,972.8289473684291,2544.0789473684226,2,17,1,0.0,0.0,-224.86149584487498,180.7479224376736,-286.80555555555554,49.45175438596531,-344.1666666666667,0.0
deepseek_formal,divergence_kwh,75.0,alignment_total_violation_energy,20,-7886.822368421058,52287.944563109646,0.0,-224840.625,0.0,0.0,0.0,1966.3223684210639,21052.110197368285,47440.953947368485,2,17,1,0.0,0.0,-10798.810595567877,3531.798822714676,-12491.145833333334,1092.4013157894644,-14989.375,0.0
deepseek_formal,divergence_kwh,100.0,ED_kwh,20,407.5013375,1816.5147567479728,0.0,0.0,0.0,0.0,0.0,12.502674999999996,418.15041250000576,8125.0,3,17,0,0.7812499999999998,0.0,1.3171973684210523,1.3171973684210523,0.6944444444444442,0.6944444444444442,0.0,0.0
deepseek_formal,divergence_kwh,100.0,ED_avg_kw,20,18.314049493764664,81.64125401995791,0.0,0.0,0.0,0.0,0.0,0.5508054945054943,18.793276966292392,365.1685393258427,3,17,0,0.03434065934065933,0.0,0.058550028918449945,0.058550028918449945,0.030525030525030514,0.030525030525030514,0.0,0.0
deepseek_formal,divergence_kwh,100.0,ED_per_soc_gap,20,4.075013375,18.16514756747973,0.0,0.0,0.0,0.0,0.0,0.12502674999999996,4.181504125000057,81.25,3,17,0,0.007812499999999997,0.0,0.013171973684210522,0.013171973684210522,0.006944444444444442,0.006944444444444442,0.0,0.0
deepseek_formal,divergence_kwh,100.0,soc_direction_net_energy_kwh,20,203.9071712875,908.2206919731913,0.0,-0.0,0.0,0.0,0.0,6.251842574999999,209.0800044625029,4062.5,4,16,0,0.5859374999999999,0.0,0.823338197368421,0.823338197368421,0.5208333333333333,0.5208333333333333,0.0,0.0
deepseek_formal,divergence_kwh,100.0,terminal_alignment_kwh,20,-16.75067496052602,78.81501141795331,0.0,-351.4802631578932,0.0,0.0,0.0,3.618421052632498,6.579917144739315,6.598342894737925,3,16,1,0.2055921052632037,0.0,-17.97957063711886,0.8666717867038307,-19.343932748537885,0.5482456140352698,-23.432017543859548,0.0
deepseek_formal,divergence_kwh,100.0,alignment_total_violation_energy,20,1255.2713815789507,5613.744278841221,0.0,0.0,0.0,0.0,0.0,0.0,1255.2713815789684,25105.427631579012,1,19,0,0.0,0.0,0.0,0.0,0.0,0.0,0.0,0.0
deepseek_formal,soc_gap_direction,canonical_higher,ED_kwh,23,490.2185543478261,2345.5527150124253,0.0,0.0,0.0,0.0,0.0,10.000000000000007,12.524074999999996,11250.0,3,20,0,0.6578947368421051,0.0,1.1375795454545452,1.1375795454545452,0.5952380952380951,0.5952380952380951,0.0,0.0
deepseek_formal,soc_gap_direction,canonical_higher,ED_avg_kw,23,21.787497849976113,104.24678596003983,0.0,0.0,0.0,0.0,0.0,0.43956043956043983,0.5616450549450548,500.0,3,20,0,0.02891844997108154,0.0,0.05056593406593404,0.05056593406593404,0.026164311878597586,0.026164311878597586,0.0,0.0
deepseek_formal,soc_gap_direction,canonical_higher,ED_per_soc_gap,23,9.793489891304349,46.913384937840355,0.0,0.0,0.0,0.0,0.0,0.10000000000000006,0.12524074999999998,225.0,3,20,0,0.0065789473684210505,0.0,0.011375795454545451,0.011375795454545451,0.00595238095238095,0.00595238095238095,0.0,0.0
deepseek_formal,soc_gap_direction,canonical_higher,soc_direction_net_energy_kwh,23,-243.8850684456522,1173.0433381368498,0.0,-5625.0,0.0,-0.0,-0.0,2.5000000000000018,5.937499999999994,6.2684257500000005,3,19,1,0.1644736842105263,0.0,-255.2556818181818,0.7110648068181817,-267.7083333333333,0.44642857142857134,-312.5,0.0
deepseek_formal,soc_gap_direction,canonical_higher,terminal_alignment_kwh,23,258.1530171967968,1234.4703199904839,0.0,0.0,0.0,0.0,0.0,5.921052631581133,6.596403342106493,5921.052631578953,4,19,0,0.5193905817176241,0.0,0.7484892703351265,0.7484892703351265,0.46992481203023134,0.46992481203023134,0.0,0.0
deepseek_formal,soc_gap_direction,canonical_higher,alignment_total_violation_energy,23,10845.13729977117,52011.45133689716,0.0,0.0,0.0,0.0,0.0,0.0,0.0,249438.15789473688,1,22,0,0.0,0.0,0.0,0.0,0.0,0.0,0.0,0.0
deepseek_formal,soc_gap_direction,canonical_lower,ED_kwh,37,1597.972972972973,4684.594945649496,0.0,0.0,0.0,0.0,0.0,6249.999999999995,11500.0,23000.0,5,32,0,423.38709677419354,0.0,1003.4722222222222,1003.4722222222222,703.5714285714286,703.5714285714286,0.0,0.0
deepseek_formal,soc_gap_direction,canonical_lower,ED_avg_kw,37,70.06598017833973,204.3525695320296,0.0,0.0,0.0,0.0,0.0,282.4310520939732,500.0,1000.0,5,32,0,19.11100859995387,0.0,44.23447962773806,44.23447962773806,31.212607617101998,31.212607617101998,0.0,0.0
deepseek_formal,soc_gap_direction,canonical_lower,ED_per_soc_gap,37,22.646396396396398,67.19080821716273,0.0,0.0,0.0,0.0,0.0,72.49999999999999,168.66666666666634,306.6666666666667,5,32,0,4.771505376344087,0.0,14.756944444444445,14.756944444444445,8.607142857142858,8.607142857142858,0.0,0.0
deepseek_formal,soc_gap_direction,canonical_lower,soc_direction_net_energy_kwh,37,670.6081081081081,2376.399836397998,0.0,-2250.0,0.0,0.0,0.0,1624.9999999999943,5750.0,11500.0,4,32,1,131.0483870967742,0.0,369.7916666666667,369.7916666666667,216.07142857142858,216.07142857142858,-70.3125,0.0
deepseek_formal,soc_gap_direction,canonical_lower,terminal_alignment_kwh,37,-197.08837126600255,1288.5451661596842,0.0,-5212.5,0.0,0.0,0.0,0.0,178.0263157894713,2544.0789473684226,2,32,3,0.0,0.0,-273.2319078947366,-57.771381578947086,-306.4708646616541,88.07800751879729,-335.20250822368416,0.0
deepseek_formal,soc_gap_direction,canonical_lower,alignment_total_violation_energy,37,-9720.17958748222,53192.820015515725,0.0,-227015.625,0.0,0.0,0.0,0.0,20751.664473684068,47440.953947368485,3,32,2,0.0,0.0,-11307.988852339184,-3684.1949926900593,-12348.372180451133,2634.560150375939,-14120.5078125,0.0
deepseek_formal,event_family,battery_capacity_derating,ED_kwh,12,1355.2105625000002,3431.4522355692698,0.0,0.0,0.0,0.0,3.131687499999999,4501.252675000002,7812.499999999995,11250.0,3,9,0,501.252675,1.5658437499999995,455.68425,455.68425,1.2526749999999995,1.2526749999999995,0.0,0.0
deepseek_formal,event_family,battery_capacity_derating,ED_avg_kw,12,60.65297727272727,153.00261605203528,0.0,0.0,0.0,0.0,0.14074999999999996,204.60175454545464,349.99999999999983,500.0,3,9,0,22.783572727272727,0.07037499999999998,20.712338842975207,20.712338842975207,0.05629999999999998,0.05629999999999998,0.0,0.0
deepseek_formal,event_family,battery_capacity_derating,ED_per_soc_gap,12,24.315994513888892,66.04010425215968,0.0,0.0,0.0,0.0,0.031316874999999994,60.01252675000003,137.91666666666654,225.0,3,9,0,6.679193416666668,0.015658437499999997,6.071994015151517,6.071994015151517,0.012526749999999998,0.012526749999999998,0.0,0.0
deepseek_formal,event_family,battery_capacity_derating,soc_direction_net_energy_kwh,12,-655.7276311875,1693.3941059177878,0.0,-5625.0,-2024.9999999999998,0.0,0.0,0.0,2.8207915874999956,6.2684257500000005,1,9,2,-225.0,0.0,-715.9090909090909,-203.9755976590909,-787.5,0.6268425750000001,-1125.0,0.0
deepseek_formal,event_family,battery_capacity_derating,terminal_alignment_kwh,12,705.9774934868428,1797.7358193719078,0.0,0.0,0.0,0.0,1.6495857236844813,2290.330886921055,4063.717105263159,5921.052631578953,3,9,0,255.06772902631604,0.8247928618422407,231.87975366028732,231.87975366028732,0.6598342894737925,0.6598342894737925,0.0,0.0
deepseek_formal,event_family,battery_capacity_derating,alignment_total_violation_energy,12,22425.115131578936,71713.70321417603,0.0,0.0,0.0,0.0,0.0,17696.90131578933,123061.94407894713,249438.15789473688,2,10,0,1966.322368421036,0.0,1787.565789473669,1787.565789473669,0.0,0.0,0.0,0.0
deepseek_formal,event_family,export_limit_update,ED_kwh,12,1636.4583333333333,3886.220771452607,0.0,0.0,0.0,0.0,3.124999999999999,7313.750000000003,9643.749999999998,11500.0,3,9,0,813.75,1.5624999999999996,739.7727272727273,739.7727272727273,1.2499999999999996,1.2499999999999996,0.0,0.0
deepseek_formal,event_family,export_limit_update,ED_avg_kw,12,72.1431658229411,170.79832006566835,0.0,0.0,0.0,0.0,0.13736263736263732,328.7066304482036,425.8426966292134,500.0,3,9,0,36.57179898752933,0.06868131868131866,33.24708998866302,33.24708998866302,0.05494505494505493,0.05494505494505493,0.0,0.0
deepseek_formal,event_family,export_limit_update,ED_per_soc_gap,12,25.947916666666668,68.37200754489879,0.0,0.0,0.0,0.0,0.03124999999999999,73.13750000000003,148.1874999999999,230.0,3,9,0,8.1375,0.015624999999999995,7.3977272727272725,7.3977272727272725,0.012499999999999995,0.012499999999999995,0.0,0.0
deepseek_formal,event_family,export_limit_update,soc_direction_net_energy_kwh,12,818.4895833333334,1942.9909629187423,0.0,-0.0,0.0,0.0,3.906249999999999,3656.8750000000014,4821.874999999999,5750.0,4,8,0,407.1875,1.1718749999999998,370.17045454545456,370.17045454545456,0.9374999999999998,0.9374999999999998,0.0,0.0
deepseek_formal,event_family,export_limit_update,terminal_alignment_kwh,12,-462.84265350877155,1499.1836828963906,0.0,-5212.5,-316.33223684210384,0.0,0.0,2.9605263157901347,4.769736842106809,6.578947368423599,2,8,2,-34.8190789473682,0.0,-505.5173444976075,-31.05562200956894,-556.3980263157894,0.9868421052634858,-794.8543233082704,0.0
deepseek_formal,event_family,export_limit_update,alignment_total_violation_energy,12,-16825.84978070175,66584.9190136463,0.0,-227015.625,0.0,0.0,0.0,0.0,11297.442434210538,25105.427631579012,1,10,1,0.0,0.0,-20637.784090909092,2282.311602870819,-22701.5625,0.0,-32430.803571428572,0.0
deepseek_formal,event_family,forecast_revision,ED_kwh,12,1916.6666666666667,6639.5280956806955,0.0,0.0,0.0,0.0,0.0,0.0,10349.999999999984,23000.0,1,11,0,0.0,0.0,0.0,0.0,0.0,0.0,0.0,0.0
deepseek_formal,event_family,forecast_revision,ED_avg_kw,12,83.33333333333333,288.6751345948129,0.0,0.0,0.0,0.0,0.0,0.0,449.9999999999993,1000.0,1,11,0,0.0,0.0,0.0,0.0,0.0,0.0,0.0,0.0
deepseek_formal,event_family,forecast_revision,ED_per_soc_gap,12,25.555555555555557,88.52704127574263,0.0,0.0,0.0,0.0,0.0,0.0,137.9999999999998,306.6666666666667,1,11,0,0.0,0.0,0.0,0.0,0.0,0.0,0.0,0.0
deepseek_formal,event_family,forecast_revision,soc_direction_net_energy_kwh,12,958.3333333333334,3319.7640478403478,0.0,-0.0,0.0,0.0,0.0,0.0,5174.999999999992,11500.0,1,11,0,0.0,0.0,0.0,0.0,0.0,0.0,0.0,0.0
deepseek_formal,event_family,forecast_revision,terminal_alignment_kwh,12,74.17763157894797,256.95885335972696,0.0,0.0,0.0,0.0,0.0,0.0,400.5592105263184,890.1315789473756,1,11,0,0.0,0.0,0.0,0.0,0.0,0.0,0.0,0.0
deepseek_formal,event_family,forecast_revision,alignment_total_violation_energy,12,3953.412828947374,13695.023766062917,0.0,0.0,0.0,0.0,0.0,0.0,21348.429276315786,47440.953947368485,1,11,0,0.0,0.0,0.0,0.0,0.0,0.0,0.0,0.0
deepseek_formal,event_family,power_limit_derating,ED_kwh,12,0.0,0.0,0.0,0.0,0.0,0.0,0.0,0.0,0.0,0.0,0,12,0,0.0,0.0,0.0,0.0,0.0,0.0,0.0,0.0
deepseek_formal,event_family,power_limit_derating,ED_avg_kw,12,0.0,0.0,0.0,0.0,0.0,0.0,0.0,0.0,0.0,0.0,0,12,0,0.0,0.0,0.0,0.0,0.0,0.0,0.0,0.0
deepseek_formal,event_family,power_limit_derating,ED_per_soc_gap,12,0.0,0.0,0.0,0.0,0.0,0.0,0.0,0.0,0.0,0.0,0,12,0,0.0,0.0,0.0,0.0,0.0,0.0,0.0,0.0
deepseek_formal,event_family,power_limit_derating,soc_direction_net_energy_kwh,12,0.0,0.0,0.0,-0.0,0.0,0.0,0.0,0.0,0.0,0.0,0,12,0,0.0,0.0,0.0,0.0,0.0,0.0,0.0,0.0
deepseek_formal,event_family,power_limit_derating,terminal_alignment_kwh,12,0.0,0.0,0.0,0.0,0.0,0.0,0.0,0.0,0.0,0.0,0,12,0,0.0,0.0,0.0,0.0,0.0,0.0,0.0,0.0
deepseek_formal,event_family,power_limit_derating,alignment_total_violation_energy,12,0.0,0.0,0.0,0.0,0.0,0.0,0.0,0.0,0.0,0.0,0,12,0,0.0,0.0,0.0,0.0,0.0,0.0,0.0,0.0
deepseek_formal,event_family,reserve_commitment_update,ED_kwh,12,958.3333333333334,3319.7640478403478,0.0,0.0,0.0,0.0,0.0,0.0,5174.999999999992,11500.0,1,11,0,0.0,0.0,0.0,0.0,0.0,0.0,0.0,0.0
deepseek_formal,event_family,reserve_commitment_update,ED_avg_kw,12,41.666666666666664,144.33756729740645,0.0,0.0,0.0,0.0,0.0,0.0,224.99999999999966,500.0,1,11,0,0.0,0.0,0.0,0.0,0.0,0.0,0.0,0.0
deepseek_formal,event_family,reserve_commitment_update,ED_per_soc_gap,12,12.777777777777779,44.263520637871316,0.0,0.0,0.0,0.0,0.0,0.0,68.9999999999999,153.33333333333334,1,11,0,0.0,0.0,0.0,0.0,0.0,0.0,0.0,0.0
deepseek_formal,event_family,reserve_commitment_update,soc_direction_net_energy_kwh,12,479.1666666666667,1659.8820239201739,0.0,-0.0,0.0,0.0,0.0,0.0,2587.499999999996,5750.0,1,11,0,0.0,0.0,0.0,0.0,0.0,0.0,0.0,0.0
deepseek_formal,event_family,reserve_commitment_update,terminal_alignment_kwh,12,-430.2083333333333,1490.2853823457215,0.0,-5162.5,0.0,0.0,0.0,0.0,0.0,0.0,0,11,1,0.0,0.0,-469.3181818181818,0.0,-516.25,0.0,-737.5,0.0
deepseek_formal,event_family,reserve_commitment_update,alignment_total_violation_energy,12,-18736.71875,64905.89768425685,0.0,-224840.625,0.0,0.0,0.0,0.0,0.0,0.0,0,11,1,0.0,0.0,-20440.05681818182,0.0,-22484.0625,0.0,-32120.089285714286,0.0
deepseek_formal,difficulty,easy,ED_kwh,21,1161.9060357142857,3075.938066810274,0.0,0.0,0.0,0.0,0.0,5000.0,8125.0,11250.0,5,16,0,295.58980882352944,0.9615384615384612,657.5013375000001,657.5013375000001,264.4750921052632,264.4750921052632,0.0,0.0
deepseek_formal,difficulty,easy,ED_avg_kw,21,52.07398653085813,137.48743069872305,0.0,0.0,0.0,0.0,0.0,227.27272727272728,365.1685393258427,500.0,5,16,0,13.434422224833991,0.04226542688081148,29.677685857401023,29.677685857401023,12.020272516956727,12.020272516956727,0.0,0.0
deepseek_formal,difficulty,easy,ED_per_soc_gap,21,17.76985400793651,52.45946831633927,0.0,0.0,0.0,0.0,0.0,66.66666666666667,81.25,225.0,5,16,0,3.9362902450980397,0.009615384615384612,7.408346708333335,7.408346708333335,3.5219439035087725,3.5219439035087725,0.0,0.0
deepseek_formal,difficulty,easy,soc_direction_net_energy_kwh,21,-180.9515035357143,1620.4859954099084,0.0,-5625.0,0.0,0.0,0.0,6.249999999999998,6.2684257500000005,4062.5,3,16,2,0.3676470588235293,0.0,-393.12407871249997,91.2509212875,-414.14473684210526,-117.76218811842105,-492.1875,0.0
deepseek_formal,difficulty,easy,terminal_alignment_kwh,21,386.99183838345925,1387.6204598151949,0.0,-351.4802631578932,0.0,0.0,0.0,6.598342894737925,2544.0789473684226,5921.052631578953,4,16,1,0.7751347213624425,0.0,110.28879872368455,110.28879872368455,-17.80541962603851,-17.80541962603851,-21.967516447368325,0.0
deepseek_formal,difficulty,easy,alignment_total_violation_energy,21,14009.848057644107,54366.59212309323,0.0,0.0,0.0,0.0,0.0,19663.22368421036,25105.427631579012,249438.15789473688,3,18,0,1156.6602167182564,0.0,2238.4325657894688,2238.4325657894688,1034.906509695282,1034.906509695282,0.0,0.0
deepseek_formal,difficulty,hard,ED_kwh,18,1277.7777777777778,5421.151989096864,0.0,0.0,0.0,0.0,0.0,0.0,3449.9999999999673,23000.0,1,17,0,0.0,0.0,0.0,0.0,0.0,0.0,0.0,0.0
deepseek_formal,difficulty,hard,ED_avg_kw,18,55.55555555555556,235.70226039551585,0.0,0.0,0.0,0.0,0.0,0.0,149.99999999999858,1000.0,1,17,0,0.0,0.0,0.0,0.0,0.0,0.0,0.0,0.0
deepseek_formal,difficulty,hard,ED_per_soc_gap,18,17.037037037037038,72.28202652129154,0.0,0.0,0.0,0.0,0.0,0.0,45.99999999999957,306.6666666666667,1,17,0,0.0,0.0,0.0,0.0,0.0,0.0,0.0,0.0
deepseek_formal,difficulty,hard,soc_direction_net_energy_kwh,18,639.0625,2710.5327666597263,0.0,-0.0,-0.0,0.0,-0.0,0.9375000000000021,1727.6562499999836,11500.0,2,16,0,0.19531249999999997,0.0,0.1838235294117647,0.1838235294117647,0.0,0.0,0.0,0.0
deepseek_formal,difficulty,hard,terminal_alignment_kwh,18,49.63450292397705,209.76184515768773,0.0,0.0,0.0,0.0,0.0,0.9868421052633801,136.31578947368465,890.1315789473756,2,16,0,0.2055921052632037,0.0,0.19349845201242702,0.19349845201242702,0.0,0.0,0.0,0.0
deepseek_formal,difficulty,hard,alignment_total_violation_energy,18,2635.6085526315824,11181.940080714323,0.0,0.0,0.0,0.0,0.0,0.0,7116.143092105205,47440.953947368485,1,17,0,0.0,0.0,0.0,0.0,0.0,0.0,0.0,0.0
deepseek_formal,difficulty,medium,ED_kwh,21,1095.2380952380952,3459.1149432298707,0.0,0.0,0.0,0.0,0.0,0.0,11500.0,11500.0,2,19,0,0.0,0.0,575.0,575.0,0.0,0.0,0.0,0.0
deepseek_formal,difficulty,medium,ED_avg_kw,21,47.61904761904762,150.39630187955962,0.0,0.0,0.0,0.0,0.0,0.0,500.0,500.0,2,19,0,0.0,0.0,25.0,25.0,0.0,0.0,0.0,0.0
deepseek_formal,difficulty,medium,ED_per_soc_gap,21,18.253968253968257,58.912543916281805,0.0,0.0,0.0,0.0,0.0,0.0,153.33333333333334,230.0,2,19,0,0.0,0.0,7.666666666666667,7.666666666666667,0.0,0.0,0.0,0.0
deepseek_formal,difficulty,medium,soc_direction_net_energy_kwh,21,547.6190476190476,1729.5574716149354,0.0,-0.0,0.0,0.0,0.0,0.0,5750.0,5750.0,2,19,0,0.0,0.0,287.5,287.5,0.0,0.0,0.0,0.0
deepseek_formal,difficulty,medium,terminal_alignment_kwh,21,-494.04761904761904,1560.381659280526,0.0,-5212.5,0.0,0.0,0.0,0.0,0.0,0.0,0,19,2,0.0,0.0,-518.75,-258.125,-546.0526315789474,0.0,-648.4375,0.0
deepseek_formal,difficulty,medium,alignment_total_violation_energy,21,-21516.964285714286,67958.3791195039,0.0,-227015.625,0.0,0.0,0.0,0.0,0.0,0.0,0,19,2,0.0,0.0,-22592.8125,-11242.03125,-23781.907894736843,0.0,-28241.015625,0.0
deepseek_formal,season,autumn,ED_kwh,18,0.6959305555555554,2.9525832904095273,0.0,0.0,0.0,0.0,0.0,0.0,1.8790124999999815,12.526749999999996,1,17,0,0.0,0.0,0.0,0.0,0.0,0.0,0.0,0.0
deepseek_formal,season,autumn,ED_avg_kw,18,0.031277777777777765,0.1327003726026754,0.0,0.0,0.0,0.0,0.0,0.0,0.08444999999999918,0.5629999999999998,1,17,0,0.0,0.0,0.0,0.0,0.0,0.0,0.0,0.0
deepseek_formal,season,autumn,ED_per_soc_gap,18,0.0069593055555555545,0.029525832904095276,0.0,0.0,0.0,0.0,0.0,0.0,0.018790124999999817,0.12526749999999998,1,17,0,0.0,0.0,0.0,0.0,0.0,0.0,0.0,0.0
deepseek_formal,season,autumn,soc_direction_net_energy_kwh,18,0.34824587500000004,1.4774821183964568,0.0,-0.0,0.0,0.0,0.0,0.0,0.9402638624999912,6.2684257500000005,1,17,0,0.0,0.0,0.0,0.0,0.0,0.0,0.0,0.0
deepseek_formal,season,autumn,terminal_alignment_kwh,18,0.36657460526321806,1.5552443351544203,0.0,0.0,0.0,0.0,0.0,0.0,0.9897514342106795,6.598342894737925,1,17,0,0.0,0.0,0.0,0.0,0.0,0.0,0.0,0.0
deepseek_formal,season,autumn,alignment_total_violation_energy,18,0.0,0.0,0.0,0.0,0.0,0.0,0.0,0.0,0.0,0.0,0,18,0,0.0,0.0,0.0,0.0,0.0,0.0,0.0,0.0
deepseek_formal,season,spring,ED_kwh,18,0.0,0.0,0.0,0.0,0.0,0.0,0.0,0.0,0.0,0.0,0,18,0,0.0,0.0,0.0,0.0,0.0,0.0,0.0,0.0
deepseek_formal,season,spring,ED_avg_kw,18,0.0,0.0,0.0,0.0,0.0,0.0,0.0,0.0,0.0,0.0,0,18,0,0.0,0.0,0.0,0.0,0.0,0.0,0.0,0.0
deepseek_formal,season,spring,ED_per_soc_gap,18,0.0,0.0,0.0,0.0,0.0,0.0,0.0,0.0,0.0,0.0,0,18,0,0.0,0.0,0.0,0.0,0.0,0.0,0.0,0.0
deepseek_formal,season,spring,soc_direction_net_energy_kwh,18,0.17361111111111108,0.7365695637359868,0.0,-0.0,0.0,0.0,0.0,0.0,0.4687499999999955,3.1249999999999996,1,17,0,0.0,0.0,0.0,0.0,0.0,0.0,0.0,0.0
deepseek_formal,season,spring,terminal_alignment_kwh,18,0.18274853801173663,0.775336382880159,0.0,0.0,0.0,0.0,0.0,0.0,0.49342105263168423,3.2894736842112593,1,17,0,0.0,0.0,0.0,0.0,0.0,0.0,0.0,0.0
deepseek_formal,season,spring,alignment_total_violation_energy,18,0.0,0.0,0.0,0.0,0.0,0.0,0.0,0.0,0.0,0.0,0,18,0,0.0,0.0,0.0,0.0,0.0,0.0,0.0,0.0
deepseek_formal,season,summer,ED_kwh,12,5187.5,7520.521167868862,0.0,0.0,0.0,0.0,11312.5,11500.0,16674.999999999993,23000.0,5,7,0,3925.0,3468.75,3568.181818181818,3568.181818181818,2775.0,2775.0,0.0,0.0
deepseek_formal,season,summer,ED_avg_kw,12,227.27272727272725,327.77738867854447,0.0,0.0,0.0,0.0,500.0,500.0,724.9999999999997,1000.0,5,7,0,172.72727272727272,153.4090909090909,157.02479338842974,157.02479338842974,122.72727272727272,122.72727272727272,0.0,0.0
deepseek_formal,season,summer,ED_per_soc_gap,12,81.80555555555556,114.89885392377349,0.0,0.0,0.0,0.0,171.25,229.5,264.49999999999994,306.6666666666667,5,7,0,67.5,55.62500000000001,61.36363636363637,61.36363636363637,44.50000000000001,44.50000000000001,0.0,0.0
deepseek_formal,season,summer,soc_direction_net_energy_kwh,12,1260.4166666666667,4431.440591917821,0.0,-5625.0,-2024.9999999999998,0.0,1437.5,5750.0,8337.499999999996,11500.0,3,7,2,925.0,718.75,329.54545454545456,329.54545454545456,-212.5,-212.5,-1125.0,0.0
deepseek_formal,season,summer,terminal_alignment_kwh,12,-84.9780701754374,2955.094882575788,0.0,-5212.5,-4646.25,0.0,222.5328947368439,2378.6842105263186,4063.717105263159,5921.052631578953,3,7,2,-172.8289473684202,111.26644736842195,-630.9808612440183,-630.9808612440183,-948.4868421052624,-172.8289473684202,-1482.142857142857,0.0
deepseek_formal,season,summer,alignment_total_violation_energy,12,-11276.159539473687,122630.36122948976,0.0,-227015.625,-202356.56249999997,0.0,4915.80592105259,44663.180921052684,138339.69572368413,249438.15789473688,3,7,2,-15773.644736842116,2457.902960526295,-34977.46112440192,-34977.46112440192,-43219.30263157897,-15773.644736842116,-64550.892857142855,0.0
deepseek_formal,season,winter,ED_kwh,12,678.125,2345.1601818232143,0.0,0.0,0.0,0.0,0.0,11.250000000000002,3663.124999999994,8125.0,2,10,0,1.2499999999999996,0.0,1.136363636363636,1.136363636363636,0.0,0.0,0.0,0.0
deepseek_formal,season,winter,ED_avg_kw,12,30.47649915627444,105.40077626047037,0.0,0.0,0.0,0.0,0.0,0.4945054945054945,164.62804049882672,365.1685393258427,2,10,0,0.05494505494505493,0.0,0.04995004995004993,0.04995004995004993,0.0,0.0,0.0,0.0
deepseek_formal,season,winter,ED_per_soc_gap,12,6.78125,23.45160181823214,0.0,0.0,0.0,0.0,0.0,0.1125,36.631249999999945,81.25,2,10,0,0.012499999999999995,0.0,0.01136363636363636,0.01136363636363636,0.0,0.0,0.0,0.0
deepseek_formal,season,winter,soc_direction_net_energy_kwh,12,339.0625,1172.5800909116072,0.0,-0.0,0.0,0.0,0.0,5.625000000000001,1831.562499999997,4062.5,2,10,0,0.6249999999999998,0.0,0.568181818181818,0.568181818181818,0.0,0.0,0.0,0.0
deepseek_formal,season,winter,terminal_alignment_kwh,12,-28.741776315789135,101.65386075419953,0.0,-351.4802631578932,0.0,0.0,0.0,0.0,2.9605263157906148,6.578947368423599,1,10,1,0.0,0.0,-31.95275119617211,0.5980861244021454,-35.14802631578932,0.0,-50.21146616541331,0.0
deepseek_formal,season,winter,alignment_total_violation_energy,12,2092.118969298251,7247.312700606407,0.0,0.0,0.0,0.0,0.0,0.0,11297.442434210538,25105.427631579012,1,11,0,0.0,0.0,0.0,0.0,0.0,0.0,0.0,0.0
deepseek_formal,location_id,fresno,ED_kwh,18,1903.4722222222222,4378.053148013403,0.0,0.0,0.0,0.0,0.0,11325.0,11500.0,11500.0,4,14,0,1422.65625,1.0416666666666663,1338.9705882352941,1338.9705882352941,703.90625,703.90625,0.0,0.0
deepseek_formal,location_id,fresno,ED_avg_kw,18,83.36385836385836,191.72724345865686,0.0,0.0,0.0,0.0,0.0,500.0,500.0,500.0,4,14,0,62.53434065934066,0.04578754578754577,58.85585003232062,58.85585003232062,31.28434065934066,31.28434065934066,0.0,0.0
deepseek_formal,location_id,fresno,ED_per_soc_gap,18,33.80324074074074,79.13810089061161,0.0,0.0,0.0,0.0,0.0,174.8333333333334,225.75,230.0,4,14,0,23.653645833333336,0.010416666666666663,22.262254901960787,22.262254901960787,9.591145833333334,9.591145833333334,0.0,0.0
deepseek_formal,location_id,fresno,soc_direction_net_energy_kwh,18,326.90972222222223,2374.397935222659,0.0,-5625.0,0.0,0.0,-0.0,1729.375000000004,5750.0,5750.0,4,13,1,359.9609375,0.26041666666666663,7.904411764705882,7.904411764705882,-350.9765625,-350.9765625,-432.6923076923077,0.0
deepseek_formal,location_id,fresno,terminal_alignment_kwh,18,-246.8932748538007,2272.382368198485,0.0,-5212.5,-1548.749999999999,0.0,0.0,4.276315789474963,893.7499999999945,5921.052631578953,3,13,2,-322.0394736842103,0.0,-609.7136222910215,-609.7136222910215,-648.2319078947368,-322.03947368421035,-798.0769230769231,0.0
deepseek_formal,location_id,fresno,alignment_total_violation_energy,18,-11245.449561403506,97628.50138734671,0.0,-227015.625,-67452.18749999996,0.0,0.0,0.0,37415.72368421018,249438.15789473688,1,15,2,-14052.5390625,0.0,-26579.779411764706,-26579.779411764706,-28241.015625,-14052.5390625,-34758.17307692308,0.0
deepseek_formal,location_id,los_angeles,ED_kwh,18,729.8625972222222,2188.5691340211856,0.0,0.0,0.0,0.0,0.0,1508.7687250000035,5468.749999999995,8125.0,3,15,0,313.282921875,0.0,294.85451470588237,294.85451470588237,0.7829218749999998,0.7829218749999998,0.0,0.0
deepseek_formal,location_id,los_angeles,ED_avg_kw,18,32.94468147769833,98.65714099145913,0.0,0.0,0.0,0.0,0.0,68.57591818181835,247.9570990806944,365.1685393258427,3,15,0,14.239732954545454,0.0,13.402101604278075,13.402101604278075,0.03518749999999999,0.03518749999999999,0.0,0.0
deepseek_formal,location_id,los_angeles,ED_per_soc_gap,18,8.22455189814815,24.04462036657365,0.0,0.0,0.0,0.0,0.0,20.087687250000048,68.85416666666666,81.25,3,15,0,4.174495885416667,0.0,3.928937303921569,3.928937303921569,0.007829218749999999,0.007829218749999999,0.0,0.0
deepseek_formal,location_id,los_angeles,soc_direction_net_energy_kwh,18,101.04269031944445,1121.5187257715354,0.0,-2250.0,-0.0,0.0,0.0,1.8805277250000045,614.7031618874943,4062.5,2,15,1,0.39177660937500003,0.0,-131.98421025,-131.98421025,-140.625,0.39177660937500003,-173.07692307692307,0.0
deepseek_formal,location_id,los_angeles,terminal_alignment_kwh,18,122.1776126169593,610.0736195457303,0.0,-351.4802631578932,0.0,0.0,0.0,1.9795028684213822,387.220433565787,2544.0789473684226,2,15,1,0.4123964309211203,0.0,-20.287171780185606,-20.287171780185606,-21.967516447368325,0.4123964309211203,-27.03694331983794,0.0
deepseek_formal,location_id,los_angeles,alignment_total_violation_energy,18,2487.1472953216316,7298.5841986627365,0.0,0.0,0.0,0.0,0.0,5898.967105263122,20479.554276315648,25105.427631579012,2,16,0,1228.9514802631475,0.0,1156.6602167182564,1156.6602167182564,0.0,0.0,0.0,0.0
deepseek_formal,location_id,sacramento,ED_kwh,12,1916.6666666666667,6639.5280956806955,0.0,0.0,0.0,0.0,0.0,0.0,10349.999999999984,23000.0,1,11,0,0.0,0.0,0.0,0.0,0.0,0.0,0.0,0.0
deepseek_formal,location_id,sacramento,ED_avg_kw,12,83.33333333333333,288.6751345948129,0.0,0.0,0.0,0.0,0.0,0.0,449.9999999999993,1000.0,1,11,0,0.0,0.0,0.0,0.0,0.0,0.0,0.0,0.0
deepseek_formal,location_id,sacramento,ED_per_soc_gap,12,25.555555555555557,88.52704127574263,0.0,0.0,0.0,0.0,0.0,0.0,137.9999999999998,306.6666666666667,1,11,0,0.0,0.0,0.0,0.0,0.0,0.0,0.0,0.0
deepseek_formal,location_id,sacramento,soc_direction_net_energy_kwh,12,958.3333333333334,3319.7640478403478,0.0,-0.0,0.0,0.0,0.0,0.0,5174.999999999992,11500.0,1,11,0,0.0,0.0,0.0,0.0,0.0,0.0,0.0,0.0
deepseek_formal,location_id,sacramento,terminal_alignment_kwh,12,74.17763157894797,256.95885335972696,0.0,0.0,0.0,0.0,0.0,0.0,400.5592105263184,890.1315789473756,1,11,0,0.0,0.0,0.0,0.0,0.0,0.0,0.0,0.0
deepseek_formal,location_id,sacramento,alignment_total_violation_energy,12,3953.412828947374,13695.023766062917,0.0,0.0,0.0,0.0,0.0,0.0,21348.429276315786,47440.953947368485,1,11,0,0.0,0.0,0.0,0.0,0.0,0.0,0.0,0.0
deepseek_formal,location_id,san_diego,ED_kwh,12,0.0,0.0,0.0,0.0,0.0,0.0,0.0,0.0,0.0,0.0,0,12,0,0.0,0.0,0.0,0.0,0.0,0.0,0.0,0.0
deepseek_formal,location_id,san_diego,ED_avg_kw,12,0.0,0.0,0.0,0.0,0.0,0.0,0.0,0.0,0.0,0.0,0,12,0,0.0,0.0,0.0,0.0,0.0,0.0,0.0,0.0
deepseek_formal,location_id,san_diego,ED_per_soc_gap,12,0.0,0.0,0.0,0.0,0.0,0.0,0.0,0.0,0.0,0.0,0,12,0,0.0,0.0,0.0,0.0,0.0,0.0,0.0,0.0
deepseek_formal,location_id,san_diego,soc_direction_net_energy_kwh,12,0.0,0.0,0.0,-0.0,0.0,0.0,0.0,0.0,0.0,0.0,0,12,0,0.0,0.0,0.0,0.0,0.0,0.0,0.0,0.0
deepseek_formal,location_id,san_diego,terminal_alignment_kwh,12,0.0,0.0,0.0,0.0,0.0,0.0,0.0,0.0,0.0,0.0,0,12,0,0.0,0.0,0.0,0.0,0.0,0.0,0.0,0.0
deepseek_formal,location_id,san_diego,alignment_total_violation_energy,12,0.0,0.0,0.0,0.0,0.0,0.0,0.0,0.0,0.0,0.0,0,12,0,0.0,0.0,0.0,0.0,0.0,0.0,0.0,0.0
deepseek_formal,horizon_group,81-87,ED_kwh,12,0.0,0.0,0.0,0.0,0.0,0.0,0.0,0.0,0.0,0.0,0,12,0,0.0,0.0,0.0,0.0,0.0,0.0,0.0,0.0
deepseek_formal,horizon_group,81-87,ED_avg_kw,12,0.0,0.0,0.0,0.0,0.0,0.0,0.0,0.0,0.0,0.0,0,12,0,0.0,0.0,0.0,0.0,0.0,0.0,0.0,0.0
deepseek_formal,horizon_group,81-87,ED_per_soc_gap,12,0.0,0.0,0.0,0.0,0.0,0.0,0.0,0.0,0.0,0.0,0,12,0,0.0,0.0,0.0,0.0,0.0,0.0,0.0,0.0
deepseek_formal,horizon_group,81-87,soc_direction_net_energy_kwh,12,0.0,0.0,0.0,-0.0,0.0,0.0,0.0,0.0,0.0,0.0,0,12,0,0.0,0.0,0.0,0.0,0.0,0.0,0.0,0.0
deepseek_formal,horizon_group,81-87,terminal_alignment_kwh,12,0.0,0.0,0.0,0.0,0.0,0.0,0.0,0.0,0.0,0.0,0,12,0,0.0,0.0,0.0,0.0,0.0,0.0,0.0,0.0
deepseek_formal,horizon_group,81-87,alignment_total_violation_energy,12,0.0,0.0,0.0,0.0,0.0,0.0,0.0,0.0,0.0,0.0,0,12,0,0.0,0.0,0.0,0.0,0.0,0.0,0.0,0.0
deepseek_formal,horizon_group,88-90,ED_kwh,20,1219.3763375,3144.257161626635,0.0,0.0,0.0,0.0,0.0,5312.500000000005,8281.250000000002,11250.0,4,16,0,313.282921875,0.0,691.4487763157895,691.4487763157895,278.4737083333333,278.4737083333333,0.0,0.0
deepseek_formal,horizon_group,88-90,ED_avg_kw,20,54.6502133299285,140.53813030150613,0.0,0.0,0.0,0.0,0.0,241.06230847803903,371.9101123595506,500.0,4,16,0,14.239732954545454,0.0,31.210750873608948,31.210750873608948,12.657540404040404,12.657540404040404,0.0,0.0
deepseek_formal,horizon_group,88-90,ED_per_soc_gap,20,18.652096708333335,53.66220291104178,0.0,0.0,0.0,0.0,0.0,68.12500000000003,88.4375000000001,225.0,4,16,0,4.174495885416667,0.0,7.791680745614037,7.791680745614037,3.71066300925926,3.71066300925926,0.0,0.0
deepseek_formal,horizon_group,88-90,soc_direction_net_energy_kwh,20,-190.1553287125,1662.0200031735512,0.0,-5625.0,-224.9999999999997,0.0,0.0,3.439342575000004,209.0800044625029,4062.5,3,15,2,0.19531249999999997,0.0,-413.97929338157894,95.88912767105263,-437.3263888888889,-124.47814301388888,-525.0,0.0
deepseek_formal,horizon_group,88-90,terminal_alignment_kwh,20,406.1769566184215,1420.8077815244997,0.0,-351.4802631578932,0.0,0.0,0.0,260.34640334210997,2712.9276315789516,5921.052631578953,4,15,1,0.617988536184324,0.0,115.92034214681466,115.92034214681466,-18.977358143274667,-18.977358143274667,-23.432017543859548,0.0
deepseek_formal,horizon_group,88-90,alignment_total_violation_energy,20,14710.340460526311,55681.63126526012,0.0,0.0,0.0,0.0,0.0,20207.444078947232,36322.064144737065,249438.15789473688,3,17,0,1228.9514802631475,0.0,2356.2448060941774,2356.2448060941774,1092.4013157894644,1092.4013157894644,0.0,0.0
deepseek_formal,horizon_group,91-92,ED_kwh,28,1643.3035714285713,5156.397143964288,0.0,0.0,0.0,0.0,0.0,3458.750000000008,11500.0,23000.0,4,24,0,479.6875,0.0,852.3148148148148,852.3148148148148,442.78846153846155,442.78846153846155,0.0,0.0
deepseek_formal,horizon_group,91-92,ED_avg_kw,28,71.44819466248038,224.19111021800714,0.0,0.0,0.0,0.0,0.0,150.38461538461573,500.0,1000.0,4,24,0,20.856227106227106,0.0,37.057387057387054,37.057387057387054,19.25190194420964,19.25190194420964,0.0,0.0
deepseek_formal,horizon_group,91-92,ED_per_soc_gap,28,24.647321428571427,75.38686359672003,0.0,0.0,0.0,0.0,0.0,46.08750000000011,203.16666666666657,306.6666666666667,4,24,0,6.394097222222222,0.0,14.202160493827162,14.202160493827162,5.90224358974359,5.90224358974359,0.0,0.0
deepseek_formal,horizon_group,91-92,soc_direction_net_energy_kwh,28,821.6517857142857,2578.198571982144,0.0,-0.0,0.0,-0.0,0.0,1729.375000000004,5750.0,11500.0,4,24,0,239.84375,0.0,426.1574074074074,426.1574074074074,221.39423076923077,221.39423076923077,0.0,0.0
deepseek_formal,horizon_group,91-92,terminal_alignment_kwh,28,-338.51033834586434,1379.8207214963745,0.0,-5212.5,0.0,0.0,0.0,0.0,4.27631578947533,890.1315789473756,2,24,2,0.0,0.0,-384.0155945419102,-157.99220272904446,-399.03846153846155,34.48886639676151,-451.0869565217391,0.0
deepseek_formal,horizon_group,91-92,alignment_total_violation_energy,28,-14443.403430451126,60399.56814955812,0.0,-227015.625,0.0,0.0,0.0,0.0,0.0,47440.953947368485,1,25,2,0.0,0.0,-16735.416666666668,-6570.3581871345,-17379.08653846154,1824.652074898788,-19645.92391304348,0.0
qwen_flash,divergence_kwh,50.0,ED_kwh,20,-155.25000000000003,694.2991070136848,0.0,-3105.0000000000005,0.0,0.0,0.0,0.0,0.0,0.0,0,19,1,0.0,0.0,-163.42105263157896,0.0,-172.50000000000003,0.0,-207.00000000000003,0.0
qwen_flash,divergence_kwh,50.0,ED_avg_kw,20,-6.750000000000002,30.186917696247168,0.0,-135.00000000000003,0.0,0.0,0.0,0.0,0.0,0.0,0,19,1,0.0,0.0,-7.105263157894738,0.0,-7.500000000000002,0.0,-9.000000000000002,0.0
qwen_flash,divergence_kwh,50.0,ED_per_soc_gap,20,-3.1050000000000004,13.885982140273695,0.0,-62.10000000000001,0.0,0.0,0.0,0.0,0.0,0.0,0,19,1,0.0,0.0,-3.2684210526315796,0.0,-3.4500000000000006,0.0,-4.140000000000001,0.0
qwen_flash,divergence_kwh,50.0,soc_direction_net_energy_kwh,20,-302.32,1274.031475526244,0.0,-5500.0,-608.7499999999999,0.0,0.0,1.6100000000000294,66.54500000000078,1025.0,2,15,3,-35.15625,0.0,-372.178947368421,-28.757894736842104,-393.75,26.588888888888892,-472.5,0.0
qwen_flash,divergence_kwh,50.0,terminal_alignment_kwh,20,58.775000000000226,382.2290947551156,0.0,-592.1052631578932,-40.72368421052656,0.0,0.0,123.14736842105427,1078.9473684210552,1078.9473684210561,3,15,2,1.0592105263157805,0.0,5.081717451523601,5.081717451523601,-54.57748538011705,-54.57748538011705,-66.62280701754395,0.0
qwen_flash,divergence_kwh,50.0,alignment_total_violation_energy,20,2364.6396643957314,15995.413042514781,0.0,-26979.578865519696,-1580.0812057092096,0.0,0.0,5082.707894736913,44654.34210526322,44736.84210526322,3,15,2,42.89638157894751,0.0,134.52374645533718,134.52374645533718,-2338.5582676304807,-2338.5582676304807,-2852.026061507454,0.0
qwen_flash,divergence_kwh,75.0,ED_kwh,20,126.5,565.7251983074468,0.0,0.0,0.0,0.0,0.0,0.0,126.50000000000179,2530.0,1,19,0,0.0,0.0,0.0,0.0,0.0,0.0,0.0,0.0
qwen_flash,divergence_kwh,75.0,ED_avg_kw,20,5.5,24.596747752497688,0.0,0.0,0.0,0.0,0.0,0.0,5.500000000000078,110.0,1,19,0,0.0,0.0,0.0,0.0,0.0,0.0,0.0,0.0
qwen_flash,divergence_kwh,75.0,ED_per_soc_gap,20,1.6866666666666668,7.543002644099289,0.0,0.0,0.0,0.0,0.0,0.0,1.6866666666666907,33.733333333333334,1,19,0,0.0,0.0,0.0,0.0,0.0,0.0,0.0,0.0
qwen_flash,divergence_kwh,75.0,soc_direction_net_energy_kwh,20,-300.675,927.8796573654535,0.0,-3062.5,-1298.5,-264.0625,0.0,0.0,85.38750000000121,1707.75,1,13,6,-191.171875,-45.3125,-406.38157894736844,-155.31578947368422,-428.9583333333333,-258.81944444444446,-514.75,-36.25
qwen_flash,divergence_kwh,75.0,terminal_alignment_kwh,20,-290.38569078947444,914.1828582299828,0.0,-2906.661184210529,-1352.7302631578955,-277.9605263157931,0.0,0.0,89.8815789473696,1797.6315789473665,1,13,6,-197.22450657894814,-47.697368421053284,-400.2813365650976,-152.68698060941892,-422.5191885964919,-261.038011695907,-507.0230263157903,-38.15789473684263
qwen_flash,divergence_kwh,75.0,alignment_total_violation_energy,20,-7092.905494703626,31826.252062216266,0.0,-90522.38676600001,-40575.86394623881,-7047.9029605262585,0.0,0.0,3994.9232603500545,79898.46520699996,1,13,6,-4318.800964810446,-1404.810855263154,-11671.398689530131,-2701.8801646353954,-12319.80972783736,-7290.78824083736,-14783.771673404834,-1123.8486842105233
qwen_flash,divergence_kwh,100.0,ED_kwh,20,1065.1,4634.983925481693,0.0,0.0,0.0,0.0,0.0,55.200000000000784,1561.9000000000142,20750.0,2,18,0,0.0,0.0,29.05263157894737,29.05263157894737,0.0,0.0,0.0,0.0
qwen_flash,divergence_kwh,100.0,ED_avg_kw,20,51.2,223.3886393945008,0.0,0.0,0.0,0.0,0.0,2.400000000000034,72.8000000000007,1000.0,2,18,0,0.0,0.0,1.263157894736842,1.263157894736842,0.0,0.0,0.0,0.0
qwen_flash,divergence_kwh,100.0,ED_per_soc_gap,20,10.651,46.34983925481693,0.0,0.0,0.0,0.0,0.0,0.5520000000000078,15.619000000000142,207.5,2,18,0,0.0,0.0,0.2905263157894737,0.2905263157894737,0.0,0.0,0.0,0.0
qwen_flash,divergence_kwh,100.0,soc_direction_net_energy_kwh,20,532.45,2702.3307771158156,0.0,-4000.0,-27.599999999999962,-0.0,0.0,455.0000000000065,4841.250000000005,10375.0,2,16,2,0.0,0.0,14.421052631578947,14.421052631578947,-237.55555555555554,-237.55555555555554,-285.06666666666666,0.0
qwen_flash,divergence_kwh,100.0,terminal_alignment_kwh,20,-119.47203947368465,475.67855718213815,0.0,-2025.0000000000036,-309.71381578947324,0.0,0.0,0.0,20.42434210526332,408.4868421052606,1,16,3,-18.157894736842053,0.0,-147.25934903047124,-19.181094182825746,-155.4404239766085,6.553362573099321,-186.52850877193023,0.0
qwen_flash,divergence_kwh,100.0,alignment_total_violation_energy,20,-4891.640436716455,22129.847077513703,0.0,-94489.47368421059,-12639.571355526283,0.0,0.0,0.0,1135.2070947309332,22704.14189461834,1,16,3,-783.9705985197343,0.0,-6344.050033102497,-175.96500263781604,-6696.497257163746,-1447.0820524853802,-8035.796708596496,0.0
qwen_flash,soc_gap_direction,canonical_higher,ED_kwh,23,902.1739130434783,4326.674091684301,0.0,0.0,0.0,0.0,0.0,0.0,0.0,20750.0,1,22,0,0.0,0.0,0.0,0.0,0.0,0.0,0.0,0.0
qwen_flash,soc_gap_direction,canonical_higher,ED_avg_kw,23,43.47826086956522,208.51441405707476,0.0,0.0,0.0,0.0,0.0,0.0,0.0,1000.0,1,22,0,0.0,0.0,0.0,0.0,0.0,0.0,0.0,0.0
qwen_flash,soc_gap_direction,canonical_higher,ED_per_soc_gap,23,9.021739130434783,43.26674091684301,0.0,0.0,0.0,0.0,0.0,0.0,0.0,207.5,1,22,0,0.0,0.0,0.0,0.0,0.0,0.0,0.0,0.0
qwen_flash,soc_gap_direction,canonical_higher,soc_direction_net_energy_kwh,23,406.5217391304348,2183.515428043944,0.0,-1025.0,0.0,-0.0,-0.0,-0.0,-0.0,10375.0,1,21,1,0.0,0.0,-46.59090909090909,-46.59090909090909,-48.80952380952381,0.0,-56.94444444444444,0.0
qwen_flash,soc_gap_direction,canonical_higher,terminal_alignment_kwh,23,25.93678489702514,250.578055943549,0.0,-482.40131578947694,0.0,0.0,0.0,0.0,0.0,1078.9473684210552,1,21,1,0.0,0.0,-21.927332535885316,-21.927332535885316,-22.97149122807033,0.0,-26.800073099415386,0.0
qwen_flash,soc_gap_direction,canonical_higher,alignment_total_violation_energy,23,1395.9334966819265,9784.366325714955,0.0,-12543.529576315748,0.0,0.0,0.0,0.0,0.0,44650.00000000006,1,21,1,0.0,0.0,-570.1604352870795,-570.1604352870795,-597.3109322055118,0.0,-696.8627542397638,0.0
qwen_flash,soc_gap_direction,canonical_lower,ED_kwh,37,-0.6216216216216339,673.8491156265108,0.0,-3105.0000000000005,0.0,0.0,0.0,0.0,110.39999999999765,2530.0,2,34,1,0.0,0.0,-70.91666666666669,85.61111111111111,-88.71428571428572,15.771428571428572,-97.03125000000001,0.0
qwen_flash,soc_gap_direction,canonical_lower,ED_avg_kw,37,-0.027027027027027795,29.29778763593525,0.0,-135.00000000000003,0.0,0.0,0.0,0.0,4.799999999999898,110.0,2,34,1,0.0,0.0,-3.083333333333334,3.7222222222222223,-3.857142857142858,0.6857142857142857,-4.218750000000001,0.0
qwen_flash,soc_gap_direction,canonical_lower,ED_per_soc_gap,37,-0.6174774774774778,11.797729154935423,0.0,-62.10000000000001,0.0,0.0,0.0,0.0,1.1039999999999763,33.733333333333334,2,34,1,0.0,0.0,-1.571666666666667,1.0903703703703702,-1.7742857142857145,0.1577142857142857,-1.9406250000000003,0.0
qwen_flash,soc_gap_direction,canonical_lower,soc_direction_net_energy_kwh,37,-290.83513513513515,1522.3581878794014,0.0,-5500.0,-1399.0,-256.25,0.0,6.440000000000003,1161.549999999997,4550.0,4,23,10,-176.81129032258065,-35.641304347826086,-425.30277777777775,-146.1361111111111,-486.2471428571429,-280.31142857142856,-564.3671875,-139.2546875
qwen_flash,soc_gap_direction,canonical_lower,terminal_alignment_kwh,37,-205.89731507823663,782.2603069196466,0.0,-2906.661184210529,-1283.618421052634,-269.73684210526653,0.0,6.778947368420971,542.5789473684168,1797.6315789473665,4,23,10,-142.85526315789517,-37.51716247139618,-261.5508954678367,-130.8760964912285,-299.85084586466223,-76.75827067669208,-341.2566817434216,-50.29687500000034
qwen_flash,soc_gap_direction,canonical_lower,alignment_total_violation_energy,37,-6067.691777410035,29577.9442504292,0.0,-94489.47368421059,-31459.9813888355,-5666.940789473592,0.0,274.5368421052631,27110.68193674722,79898.46520699996,4,23,10,-4022.5423104108672,-1320.0729405034324,-8455.640582532535,-3611.5311688877973,-9975.425802183843,-1128.3638661131629,-11641.574596134875,-3187.3334290037046
qwen_flash,event_family,battery_capacity_derating,ED_kwh,12,0.0,0.0,0.0,0.0,0.0,0.0,0.0,0.0,0.0,0.0,0,12,0,0.0,0.0,0.0,0.0,0.0,0.0,0.0,0.0
qwen_flash,event_family,battery_capacity_derating,ED_avg_kw,12,0.0,0.0,0.0,0.0,0.0,0.0,0.0,0.0,0.0,0.0,0,12,0,0.0,0.0,0.0,0.0,0.0,0.0,0.0,0.0
qwen_flash,event_family,battery_capacity_derating,ED_per_soc_gap,12,0.0,0.0,0.0,0.0,0.0,0.0,0.0,0.0,0.0,0.0,0,12,0,0.0,0.0,0.0,0.0,0.0,0.0,0.0,0.0
qwen_flash,event_family,battery_capacity_derating,soc_direction_net_energy_kwh,12,-817.7083333333334,1736.4447280465354,0.0,-5500.0,-2881.25,-312.5,0.0,-0.0,0.0,0.0,0,9,3,-431.25,-156.25,-892.0454545454545,-392.04545454545456,-981.25,-125.0,-1401.7857142857142,0.0
qwen_flash,event_family,battery_capacity_derating,terminal_alignment_kwh,12,-380.46189692982534,876.1548520481817,0.0,-2906.661184210529,-1167.2039473684242,-101.80921052631652,0.0,0.0,0.0,0.0,0,9,3,-165.88815789473747,-50.90460526315826,-415.04934210526403,-150.80741626794315,-456.5542763157904,-40.723684210526606,-652.2203947368434,0.0
qwen_flash,event_family,battery_capacity_derating,alignment_total_violation_energy,12,-12041.981999741778,27239.03163060831,0.0,-90522.38676600001,-35942.60786213749,-3950.203014273029,0.0,0.0,0.0,0.0,0,9,3,-5398.139723090132,-1975.1015071365146,-13136.70763608194,-4907.399748263756,-14450.378399690133,-1580.0812057092116,-20643.397713843045,0.0
qwen_flash,event_family,export_limit_update,ED_kwh,12,1727.25,6113.386342133288,0.0,-3105.0000000000005,0.0,0.0,138.0,2332.2000000000007,10728.999999999987,20750.0,3,8,1,308.2,69.0,-2.090909090909132,-2.090909090909132,-255.30000000000004,308.2,-443.5714285714286,0.0
qwen_flash,event_family,export_limit_update,ED_avg_kw,12,83.25,293.5262494069467,0.0,-135.00000000000003,0.0,0.0,6.0,101.40000000000003,510.4999999999994,1000.0,3,8,1,13.4,3.0,-0.09090909090909349,-0.09090909090909349,-11.100000000000003,13.4,-19.28571428571429,0.0
qwen_flash,event_family,export_limit_update,ED_per_soc_gap,12,15.387777777777776,64.1303103195634,0.0,-62.10000000000001,0.0,0.0,1.38,30.91200000000001,111.9283333333332,207.5,3,8,1,3.925333333333333,0.69,-2.076969696969698,-2.0769696969696976,-5.658000000000001,3.925333333333333,-8.871428571428572,0.0
qwen_flash,event_family,export_limit_update,soc_direction_net_energy_kwh,12,404.175,3348.7717699926943,0.0,-4000.0,-1166.1,-69.0,0.0,14.490000000000064,4677.604999999993,10375.0,2,7,3,-152.48999999999998,-34.5,-502.26363636363635,-502.26363636363635,-554.1,-152.48999999999998,-791.5714285714286,0.0
qwen_flash,event_family,export_limit_update,terminal_alignment_kwh,12,-342.71326754386024,659.318013418946,0.0,-2025.0000000000036,-1246.6611842105276,-338.49506578947387,0.0,0.0,7.626315789473607,16.947368421052488,1,7,4,-210.4506578947372,-96.61595394736872,-375.40968899521596,-189.77811004784724,-412.95065789473756,-75.59802631578972,-589.9295112781965,0.0
qwen_flash,event_family,export_limit_update,alignment_total_violation_energy,12,-15165.331785149132,30702.586508182503,0.0,-94489.47368421059,-57270.4303451369,-12783.634024342085,0.0,0.0,308.8539473684216,686.3421052631602,1,7,4,-8818.084984284218,-3255.9346180921057,-16606.393047913887,-7954.046157961729,-18267.032352705275,-2536.1134839473684,-26095.76050386468,0.0
qwen_flash,event_family,forecast_revision,ED_kwh,12,0.0,0.0,0.0,0.0,0.0,0.0,0.0,0.0,0.0,0.0,0,12,0,0.0,0.0,0.0,0.0,0.0,0.0,0.0,0.0
qwen_flash,event_family,forecast_revision,ED_avg_kw,12,0.0,0.0,0.0,0.0,0.0,0.0,0.0,0.0,0.0,0.0,0,12,0,0.0,0.0,0.0,0.0,0.0,0.0,0.0,0.0
qwen_flash,event_family,forecast_revision,ED_per_soc_gap,12,0.0,0.0,0.0,0.0,0.0,0.0,0.0,0.0,0.0,0.0,0,12,0,0.0,0.0,0.0,0.0,0.0,0.0,0.0,0.0
qwen_flash,event_family,forecast_revision,soc_direction_net_energy_kwh,12,-23.958333333333332,444.87160856370747,0.0,-1025.0,-258.75,0.0,0.0,0.0,461.24999999999926,1025.0,1,9,2,-28.75,0.0,-119.31818181818181,-119.31818181818181,-131.25,-28.75,-187.5,0.0
qwen_flash,event_family,forecast_revision,terminal_alignment_kwh,12,154.60526315789488,440.35185017398396,0.0,-302.6315789473729,0.0,0.0,0.0,971.0526315789501,1078.9473684210557,1078.9473684210561,2,9,1,107.89473684210552,0.0,70.57416267942567,70.57416267942567,-30.263157894737287,-30.263157894737287,-43.233082706767554,0.0
qwen_flash,event_family,forecast_revision,alignment_total_violation_energy,12,6277.028508771932,18389.592919025083,0.0,-14062.500000000087,0.0,0.0,0.0,40185.000000000065,44689.07894736848,44736.84210526322,2,9,1,4465.0000000000055,0.0,2780.6818181818157,2780.6818181818157,-1406.2500000000086,-1406.2500000000086,-2008.9285714285838,0.0
qwen_flash,event_family,power_limit_derating,ED_kwh,12,0.0,0.0,0.0,0.0,0.0,0.0,0.0,0.0,0.0,0.0,0,12,0,0.0,0.0,0.0,0.0,0.0,0.0,0.0,0.0
qwen_flash,event_family,power_limit_derating,ED_avg_kw,12,0.0,0.0,0.0,0.0,0.0,0.0,0.0,0.0,0.0,0.0,0,12,0,0.0,0.0,0.0,0.0,0.0,0.0,0.0,0.0
qwen_flash,event_family,power_limit_derating,ED_per_soc_gap,12,0.0,0.0,0.0,0.0,0.0,0.0,0.0,0.0,0.0,0.0,0,12,0,0.0,0.0,0.0,0.0,0.0,0.0,0.0,0.0
qwen_flash,event_family,power_limit_derating,soc_direction_net_energy_kwh,12,474.6041666666667,1389.3205315186424,0.0,-562.5,0.0,0.0,0.0,1536.9750000000006,2986.762499999998,4550.0,2,9,1,170.775,0.0,104.11363636363636,104.11363636363636,-56.25,-56.25,-80.35714285714286,0.0
qwen_flash,event_family,power_limit_derating,terminal_alignment_kwh,12,134.50109649122783,566.6362386907091,0.0,-592.1052631578932,0.0,0.0,0.0,367.6381578947347,1033.6019736842072,1797.6315789473665,2,9,1,40.84868421052606,0.0,-16.692583732057507,-16.692583732057507,-59.21052631578932,40.84868421052606,-84.58646616541331,0.0
qwen_flash,event_family,power_limit_derating,alignment_total_violation_energy,12,6301.919019674883,25496.114280414404,0.0,-26979.578865519696,0.0,0.0,0.0,20433.727705156514,48441.587385190025,79898.46520699996,2,9,1,2270.414189461834,0.0,-388.6760882637596,-388.6760882637596,-2697.9578865519698,2270.414189461834,-3854.2255522170994,0.0
qwen_flash,event_family,reserve_commitment_update,ED_kwh,12,0.0,0.0,0.0,0.0,0.0,0.0,0.0,0.0,0.0,0.0,0,12,0,0.0,0.0,0.0,0.0,0.0,0.0,0.0,0.0
qwen_flash,event_family,reserve_commitment_update,ED_avg_kw,12,0.0,0.0,0.0,0.0,0.0,0.0,0.0,0.0,0.0,0.0,0,12,0,0.0,0.0,0.0,0.0,0.0,0.0,0.0,0.0
qwen_flash,event_family,reserve_commitment_update,ED_per_soc_gap,12,0.0,0.0,0.0,0.0,0.0,0.0,0.0,0.0,0.0,0.0,0,12,0,0.0,0.0,0.0,0.0,0.0,0.0,0.0,0.0
qwen_flash,event_family,reserve_commitment_update,soc_direction_net_energy_kwh,12,-154.6875,461.07832016865143,0.0,-1600.0,-230.62499999999997,-0.0,0.0,-0.0,0.0,0.0,0,10,2,-25.625,0.0,-168.75,-23.295454545454547,-185.625,0.0,-265.17857142857144,0.0
qwen_flash,event_family,reserve_commitment_update,terminal_alignment_kwh,12,-151.06907894736855,445.1791069534236,0.0,-1543.092105263156,-242.76315789473986,0.0,0.0,0.0,0.0,0.0,0,10,2,-26.973684210526653,0.0,-164.8026315789475,-24.521531100478775,-181.28289473684225,0.0,-258.9755639097747,0.0
qwen_flash,event_family,reserve_commitment_update,alignment_total_violation_energy,12,-1404.810855263154,3485.894491791684,0.0,-11190.789473684257,-5100.246710526233,0.0,0.0,0.0,0.0,0.0,0,10,2,-566.6940789473592,0.0,-1532.52093301435,-515.1764354066902,-1685.773026315785,0.0,-2408.2471804511215,0.0
qwen_flash,difficulty,easy,ED_kwh,21,26.285714285714285,120.45627541026776,0.0,0.0,0.0,0.0,0.0,0.0,0.0,552.0,1,20,0,0.0,0.0,0.0,0.0,0.0,0.0,0.0,0.0
qwen_flash,difficulty,easy,ED_avg_kw,21,1.1428571428571428,5.237229365663818,0.0,0.0,0.0,0.0,0.0,0.0,0.0,24.0,1,20,0,0.0,0.0,0.0,0.0,0.0,0.0,0.0,0.0
qwen_flash,difficulty,easy,ED_per_soc_gap,21,0.26285714285714284,1.2045627541026778,0.0,0.0,0.0,0.0,0.0,0.0,0.0,5.52,1,20,0,0.0,0.0,0.0,0.0,0.0,0.0,0.0,0.0
qwen_flash,difficulty,easy,soc_direction_net_energy_kwh,21,-421.17857142857144,1080.6948492256531,0.0,-4000.0,-1250.0,0.0,0.0,0.0,0.0,0.0,0,16,5,-104.83823529411765,-19.71153846153846,-442.2375,-242.2375,-465.5131578947368,-93.80263157894737,-552.796875,0.0
qwen_flash,difficulty,easy,terminal_alignment_kwh,21,-321.12233709273244,778.0607825947142,0.0,-2906.661184210529,-1251.6447368421086,0.0,0.0,0.0,0.0,0.0,0,16,5,-106.58281733746165,-20.748987854251272,-337.17845394736906,-191.8453947368426,-354.92468836565166,-95.36357340720252,-421.4730674342113,0.0
qwen_flash,difficulty,easy,alignment_total_violation_energy,21,-11804.15154600596,28250.497980192984,0.0,-94489.47368421059,-38180.5851738092,0.0,0.0,0.0,0.0,0.0,0,16,5,-3698.548353877327,-860.8299595141737,-12394.359123306258,-7669.885439095728,-13046.693814006587,-3309.2274745218187,-15492.948904132823,0.0
qwen_flash,difficulty,hard,ED_kwh,18,1152.7777777777778,4890.821903206954,0.0,0.0,0.0,0.0,0.0,0.0,3112.4999999999704,20750.0,1,17,0,0.0,0.0,0.0,0.0,0.0,0.0,0.0,0.0
qwen_flash,difficulty,hard,ED_avg_kw,18,55.55555555555556,235.70226039551585,0.0,0.0,0.0,0.0,0.0,0.0,149.99999999999858,1000.0,1,17,0,0.0,0.0,0.0,0.0,0.0,0.0,0.0,0.0
qwen_flash,difficulty,hard,ED_per_soc_gap,18,11.527777777777779,48.90821903206954,0.0,0.0,0.0,0.0,0.0,0.0,31.124999999999705,207.5,1,17,0,0.0,0.0,0.0,0.0,0.0,0.0,0.0,0.0
qwen_flash,difficulty,hard,soc_direction_net_energy_kwh,18,576.3888888888889,2470.5541207184056,0.0,-1025.0,-0.0,0.0,0.0,307.50000000000074,2427.499999999987,10375.0,2,15,1,64.0625,0.0,0.0,0.0,-64.0625,-64.0625,-78.84615384615384,0.0
qwen_flash,difficulty,hard,terminal_alignment_kwh,18,93.08296783625747,376.12622856907694,0.0,-482.40131578947694,0.0,0.0,0.0,323.6842105263173,1078.9473684210554,1078.9473684210561,2,15,1,67.43421052631595,0.0,35.09094427244578,35.09094427244578,-30.15008223684231,-30.15008223684231,-37.10779352226746,0.0
qwen_flash,difficulty,hard,alignment_total_violation_energy,18,4269.072918274863,14998.623410000595,0.0,-12543.529576315748,0.0,0.0,0.0,13395.00000000005,44663.02631578953,44736.84210526322,2,15,1,2790.6250000000036,0.0,1888.6159072755477,1888.6159072755477,-783.9705985197343,-783.9705985197343,-964.8868904858268,0.0
qwen_flash,difficulty,medium,ED_kwh,21,-27.3809523809524,895.158671755487,0.0,-3105.0000000000005,0.0,0.0,0.0,0.0,0.0,2530.0,1,19,1,0.0,0.0,-155.25000000000003,126.5,-163.42105263157896,0.0,-194.06250000000003,0.0
qwen_flash,difficulty,medium,ED_avg_kw,21,-1.1904761904761918,38.91994225023857,0.0,-135.00000000000003,0.0,0.0,0.0,0.0,0.0,110.0,1,19,1,0.0,0.0,-6.750000000000002,5.5,-7.105263157894738,0.0,-8.437500000000002,0.0
qwen_flash,difficulty,medium,ED_per_soc_gap,21,-1.350793650793651,15.74171252524684,0.0,-62.10000000000001,0.0,0.0,0.0,0.0,0.0,33.733333333333334,1,19,1,0.0,0.0,-3.1050000000000004,1.6866666666666668,-3.2684210526315796,0.0,-3.8812500000000005,0.0
qwen_flash,difficulty,medium,soc_direction_net_energy_kwh,21,-140.05476190476188,1703.181357189008,0.0,-5500.0,-1265.0,0.0,0.0,16.100000000000065,1707.75,4550.0,3,13,5,-123.46470588235294,-22.115384615384617,-374.5575,127.9425,-484.15263157894736,-104.79736842105262,-575.9375,-52.11875
qwen_flash,difficulty,medium,terminal_alignment_kwh,21,-93.02756892230623,631.6305647342617,0.0,-1543.092105263156,-592.1052631578932,0.0,0.0,16.947368421052488,408.4868421052606,1797.6315789473665,3,13,5,-75.5897832817341,-23.27935222672099,-187.56052631578987,-187.56052631578987,-218.93144044321357,-116.21675900277059,-261.0402960526319,-43.307565789474154
qwen_flash,difficulty,medium,alignment_total_violation_energy,21,-1016.8693049194934,24439.708334514067,0.0,-62133.37289810533,-15800.812057092116,0.0,0.0,686.3421052631602,22704.14189461834,79898.46520699996,3,13,5,-2049.6418083119197,-435.9185222671994,-5062.636030515466,-5062.636030515466,-6524.045394996193,-2058.913037484421,-7790.200288136926,-1190.1936677631575
qwen_flash,season,autumn,ED_kwh,18,0.0,0.0,0.0,0.0,0.0,0.0,0.0,0.0,0.0,0.0,0,18,0,0.0,0.0,0.0,0.0,0.0,0.0,0.0,0.0
qwen_flash,season,autumn,ED_avg_kw,18,0.0,0.0,0.0,0.0,0.0,0.0,0.0,0.0,0.0,0.0,0,18,0,0.0,0.0,0.0,0.0,0.0,0.0,0.0,0.0
qwen_flash,season,autumn,ED_per_soc_gap,18,0.0,0.0,0.0,0.0,0.0,0.0,0.0,0.0,0.0,0.0,0,18,0,0.0,0.0,0.0,0.0,0.0,0.0,0.0,0.0
qwen_flash,season,autumn,soc_direction_net_energy_kwh,18,-380.81944444444446,1532.681123078395,0.0,-5500.0,-918.7499999999994,0.0,0.0,0.0,256.1624999999976,1707.75,1,15,2,-191.40625,0.0,-503.6764705882353,-79.69117647058823,-535.15625,106.734375,-658.6538461538462,0.0
qwen_flash,season,autumn,terminal_alignment_kwh,18,-84.23702485380159,830.2471143326534,0.0,-2906.661184210529,-122.17105263157976,0.0,0.0,0.0,269.6447368421024,1797.6315789473665,1,15,2,-25.45230263157913,0.0,-194.93517801857618,81.78792569659414,-207.1186266447372,-25.45230263157913,-254.9152327935227,0.0
qwen_flash,season,autumn,alignment_total_violation_energy,18,-1468.040756449565,29494.705730295434,0.0,-90522.38676600001,-4740.243617127632,0.0,0.0,0.0,11984.76978104988,79898.46520699996,1,15,2,-987.5507535682573,0.0,-6254.305813123066,3770.4501852886965,-6645.199926443258,-987.5507535682573,-8178.7076017763175,0.0
qwen_flash,season,spring,ED_kwh,18,140.55555555555554,596.326718800655,0.0,0.0,0.0,0.0,0.0,0.0,379.4999999999964,2530.0,1,17,0,0.0,0.0,0.0,0.0,0.0,0.0,0.0,0.0
qwen_flash,season,spring,ED_avg_kw,18,6.111111111111111,25.92724864350674,0.0,0.0,0.0,0.0,0.0,0.0,16.499999999999844,110.0,1,17,0,0.0,0.0,0.0,0.0,0.0,0.0,0.0,0.0
qwen_flash,season,spring,ED_per_soc_gap,18,1.8740740740740742,7.951022917342068,0.0,0.0,0.0,0.0,0.0,0.0,5.0599999999999525,33.733333333333334,1,17,0,0.0,0.0,0.0,0.0,0.0,0.0,0.0,0.0
qwen_flash,season,spring,soc_direction_net_energy_kwh,18,94.30555555555556,1175.9770048133055,0.0,-1265.0,-701.2499999999999,0.0,0.0,0.0,682.4999999999935,4550.0,1,14,3,-99.21875,0.0,-167.7941176470588,-167.7941176470588,-178.28125,-99.21875,-219.42307692307693,0.0
qwen_flash,season,spring,terminal_alignment_kwh,18,-24.236111111111086,450.10502410108813,0.0,-1331.5789473684222,-177.63157894736784,0.0,0.0,122.54605263157848,509.05592105262883,1078.9473684210552,2,14,2,-11.476151315789537,0.0,-89.12925696594439,52.666408668730746,-120.23026315789471,-11.476151315789537,-147.97570850202425,0.0
qwen_flash,season,spring,alignment_total_violation_energy,18,-1208.822770500368,20394.998980139473,0.0,-62133.37289810533,-8093.873659655904,0.0,0.0,6811.242568385518,25996.020610425567,44650.00000000006,2,14,2,-267.2148106813347,0.0,-3906.4005805298048,2374.9742958293355,-5569.559485226564,-267.2148106813347,-6854.842443355771,0.0
qwen_flash,season,summer,ED_kwh,12,1516.4166666666667,6126.796544811583,0.0,-3105.0000000000005,0.0,0.0,0.0,496.8000000000002,9641.099999999986,20750.0,2,9,1,55.2,0.0,-232.09090909090912,-232.09090909090912,-310.50000000000006,55.2,-443.5714285714286,0.0
qwen_flash,season,summer,ED_avg_kw,12,74.08333333333333,294.33143295312925,0.0,-135.00000000000003,0.0,0.0,0.0,21.60000000000001,463.1999999999993,1000.0,2,9,1,2.4,0.0,-10.090909090909093,-10.090909090909093,-13.500000000000004,2.4,-19.28571428571429,0.0
qwen_flash,season,summer,ED_per_soc_gap,12,12.576666666666666,63.99222954722114,0.0,-62.10000000000001,0.0,0.0,0.0,4.968000000000002,96.41099999999985,207.5,2,9,1,0.5519999999999999,0.0,-5.1436363636363645,-5.1436363636363645,-6.210000000000001,0.5519999999999999,-8.871428571428572,0.0
qwen_flash,season,summer,soc_direction_net_energy_kwh,12,584.0708333333333,3130.6630057645743,0.0,-1600.0,-1152.6,-261.1875,0.0,14.490000000000064,4677.604999999993,10375.0,2,6,4,-176.61499999999998,-66.53125,-306.01363636363635,-306.01363636363635,-338.225,-176.61499999999998,-483.17857142857144,2.300000000000009
qwen_flash,season,summer,terminal_alignment_kwh,12,-318.3711622807024,532.7106647611894,0.0,-1543.092105263156,-1174.7203947368453,-338.49506578947387,0.0,0.0,7.626315789473607,16.947368421052488,1,6,5,-229.4309210526325,-130.33305921052704,-348.854665071771,-207.03289473684296,-383.7401315789481,-102.57171052631638,-548.2001879699259,2.421052631578927
qwen_flash,season,summer,alignment_total_violation_energy,12,-6699.954189703395,11348.208635916484,0.0,-38180.5851738092,-13407.905589210563,-11528.97449934213,0.0,0.0,308.8539473684216,686.3421052631602,1,6,5,-4290.520720789469,-3675.1574799341997,-7371.43567106399,-3838.078645693776,-8108.5792381703895,-2871.491773421044,-11583.6846259577,98.04887218045145
qwen_flash,season,winter,ED_kwh,12,0.0,0.0,0.0,0.0,0.0,0.0,0.0,0.0,0.0,0.0,0,12,0,0.0,0.0,0.0,0.0,0.0,0.0,0.0,0.0
qwen_flash,season,winter,ED_avg_kw,12,0.0,0.0,0.0,0.0,0.0,0.0,0.0,0.0,0.0,0.0,0,12,0,0.0,0.0,0.0,0.0,0.0,0.0,0.0,0.0
qwen_flash,season,winter,ED_per_soc_gap,12,0.0,0.0,0.0,0.0,0.0,0.0,0.0,0.0,0.0,0.0,0,12,0,0.0,0.0,0.0,0.0,0.0,0.0,0.0,0.0
qwen_flash,season,winter,soc_direction_net_energy_kwh,12,-271.875,1215.2922978930549,0.0,-4000.0,-258.75,0.0,0.0,0.0,461.24999999999926,1025.0,1,9,2,-28.75,0.0,-389.77272727272725,67.04545454545455,-428.75,-28.75,-612.5,0.0
qwen_flash,season,winter,terminal_alignment_kwh,12,-104.05701754386003,689.2950246841425,0.0,-2025.0000000000036,-272.36842105263554,0.0,0.0,0.0,485.5263157894745,1078.9473684210561,1,9,2,-30.263157894737287,0.0,-211.60287081339786,70.57416267942575,-232.76315789473765,-30.263157894737287,-332.51879699248235,0.0
qwen_flash,season,winter,alignment_total_violation_energy,12,-5317.927631578955,31316.61675298079,0.0,-94489.47368421059,-12656.250000000076,0.0,0.0,0.0,20131.578947368416,44736.84210526322,1,9,2,-1406.2500000000086,0.0,-9868.361244019152,2788.576555023921,-10855.197368421068,-1406.2500000000086,-15507.424812030096,0.0
qwen_flash,location_id,fresno,ED_kwh,18,-31.94444444444447,970.8564122477712,0.0,-3105.0000000000005,0.0,0.0,0.0,0.0,379.4999999999964,2530.0,1,16,1,0.0,0.0,-182.64705882352945,148.8235294117647,-194.06250000000003,0.0,-238.84615384615387,0.0
qwen_flash,location_id,fresno,ED_avg_kw,18,-1.3888888888888904,42.211148358598756,0.0,-135.00000000000003,0.0,0.0,0.0,0.0,16.499999999999844,110.0,1,16,1,0.0,0.0,-7.941176470588237,6.470588235294118,-8.437500000000002,0.0,-10.384615384615387,0.0
qwen_flash,location_id,fresno,ED_per_soc_gap,18,-1.5759259259259264,17.063280169357274,0.0,-62.10000000000001,0.0,0.0,0.0,0.0,5.0599999999999525,33.733333333333334,1,16,1,0.0,0.0,-3.6529411764705886,1.9843137254901961,-3.8812500000000005,0.0,-4.776923076923078,0.0
qwen_flash,location_id,fresno,soc_direction_net_energy_kwh,18,80.26944444444446,1208.1261856010603,0.0,-1600.0,-558.8749999999998,0.0,0.0,4.830000000000031,696.1849999999936,4550.0,2,13,3,-94.07187499999999,0.0,-182.65588235294115,-182.65588235294118,-195.078125,-94.07187499999999,-240.09615384615384,0.0
qwen_flash,location_id,fresno,terminal_alignment_kwh,18,-151.05409356725175,484.06552245824116,0.0,-1543.092105263156,-588.289473684213,0.0,0.0,5.084210526315759,75.67828947368315,408.4868421052606,2,13,3,-99.02302631578976,0.0,-183.96826625387013,-69.16950464396326,-196.5254934210528,9.731085526315411,-241.8775303643727,0.0
qwen_flash,location_id,fresno,alignment_total_violation_energy,18,-3088.9232867434266,16018.568438685017,0.0,-62133.37289810533,-7324.095394736791,0.0,0.0,205.90263157894856,3989.0120736664057,22704.14189461834,2,13,3,-1010.7117598684181,0.0,-4606.162415058825,384.27963157197945,-4936.943947578949,-1010.7117598684181,-6076.238704712552,0.0
qwen_flash,location_id,los_angeles,ED_kwh,18,1183.4444444444443,4884.895510017676,0.0,0.0,0.0,0.0,0.0,165.6000000000004,3581.699999999971,20750.0,2,16,0,34.5,0.0,32.470588235294116,32.470588235294116,0.0,0.0,0.0,0.0
qwen_flash,location_id,los_angeles,ED_avg_kw,18,56.888888888888886,235.43723751874407,0.0,0.0,0.0,0.0,0.0,7.200000000000017,170.3999999999986,1000.0,2,16,0,1.5,0.0,1.411764705882353,1.411764705882353,0.0,0.0,0.0,0.0
qwen_flash,location_id,los_angeles,ED_per_soc_gap,18,11.834444444444445,48.84895510017675,0.0,0.0,0.0,0.0,0.0,1.6560000000000037,35.81699999999971,207.5,2,16,0,0.345,0.0,0.3247058823529412,0.3247058823529412,0.0,0.0,0.0,0.0
qwen_flash,location_id,los_angeles,soc_direction_net_energy_kwh,18,295.0833333333333,2712.4874315241477,0.0,-4000.0,-768.7499999999999,0.0,0.0,307.50000000000074,2427.499999999987,10375.0,2,12,4,-66.46875,-23.0,-297.8529411764706,-297.8529411764706,-380.53125,-66.46875,-468.34615384615387,-21.23076923076923
qwen_flash,location_id,los_angeles,terminal_alignment_kwh,18,-197.92945906432772,632.1719288485315,0.0,-2025.0000000000036,-789.9671052631577,-217.89473684210463,0.0,0.0,161.8421052631569,1078.9473684210561,1,12,5,-163.54235197368448,-64.41063596491249,-273.03986068111504,-90.45472136222915,-290.10485197368473,-17.88034539473668,-357.05212550607354,-22.348178137651757
qwen_flash,location_id,los_angeles,alignment_total_violation_energy,18,-7831.12625350073,26954.339906195004,0.0,-94489.47368421059,-30339.880758006548,-9407.647182236811,0.0,0.0,6710.526315789419,44736.84210526322,1,12,5,-5700.477561504109,-2170.6230787280706,-10923.359686369196,-2733.5764046354425,-11606.069666767271,-5700.477561504109,-14284.393436021257,-964.8868904858268
qwen_flash,location_id,sacramento,ED_kwh,12,0.0,0.0,0.0,0.0,0.0,0.0,0.0,0.0,0.0,0.0,0,12,0,0.0,0.0,0.0,0.0,0.0,0.0,0.0,0.0
qwen_flash,location_id,sacramento,ED_avg_kw,12,0.0,0.0,0.0,0.0,0.0,0.0,0.0,0.0,0.0,0.0,0,12,0,0.0,0.0,0.0,0.0,0.0,0.0,0.0,0.0
qwen_flash,location_id,sacramento,ED_per_soc_gap,12,0.0,0.0,0.0,0.0,0.0,0.0,0.0,0.0,0.0,0.0,0,12,0,0.0,0.0,0.0,0.0,0.0,0.0,0.0,0.0
qwen_flash,location_id,sacramento,soc_direction_net_energy_kwh,12,-109.375,299.9585672146314,0.0,-1025.0,-258.75,0.0,0.0,0.0,0.0,0.0,0,10,2,-28.75,0.0,-119.31818181818181,-26.136363636363637,-131.25,0.0,-187.5,0.0
qwen_flash,location_id,sacramento,terminal_alignment_kwh,12,64.6929824561402,331.0439565224005,0.0,-302.6315789473729,0.0,0.0,0.0,0.0,485.5263157894741,1078.9473684210552,1,10,1,0.0,0.0,-27.511961722488444,-27.511961722488444,-30.263157894737287,0.0,-43.233082706767554,0.0
qwen_flash,location_id,sacramento,alignment_total_violation_energy,12,2548.9583333333308,13861.031521463901,0.0,-14062.500000000087,0.0,0.0,0.0,0.0,20092.499999999993,44650.00000000006,1,10,1,0.0,0.0,-1278.409090909099,-1278.409090909099,-1406.2500000000086,0.0,-2008.9285714285838,0.0
qwen_flash,location_id,san_diego,ED_kwh,12,0.0,0.0,0.0,0.0,0.0,0.0,0.0,0.0,0.0,0.0,0,12,0,0.0,0.0,0.0,0.0,0.0,0.0,0.0,0.0
qwen_flash,location_id,san_diego,ED_avg_kw,12,0.0,0.0,0.0,0.0,0.0,0.0,0.0,0.0,0.0,0.0,0,12,0,0.0,0.0,0.0,0.0,0.0,0.0,0.0,0.0
qwen_flash,location_id,san_diego,ED_per_soc_gap,12,0.0,0.0,0.0,0.0,0.0,0.0,0.0,0.0,0.0,0.0,0,12,0,0.0,0.0,0.0,0.0,0.0,0.0,0.0,0.0
qwen_flash,location_id,san_diego,soc_direction_net_energy_kwh,12,-571.2291666666666,1873.976888920547,0.0,-5500.0,-2756.2499999999995,0.0,0.0,0.0,768.4874999999988,1707.75,1,9,2,-306.25,0.0,-778.4090909090909,-123.1590909090909,-856.25,170.775,-1223.2142857142858,0.0
qwen_flash,location_id,san_diego,terminal_alignment_kwh,12,-126.35553728070238,1029.3162654436235,0.0,-2906.661184210529,-366.51315789473944,0.0,0.0,0.0,808.9342105263137,1797.6315789473665,1,9,2,-40.723684210526606,0.0,-301.26345693779956,126.39952153110004,-331.3898026315795,-40.723684210526606,-473.4140037593993,0.0
qwen_flash,location_id,san_diego,alignment_total_violation_energy,12,-2202.0611346743476,36642.677590507774,0.0,-90522.38676600001,-14220.730851382903,0.0,0.0,0.0,35954.30934314992,79898.46520699996,1,9,2,-1580.0812057092116,0.0,-9665.74534755383,5827.059377264349,-10632.319882309213,-1580.0812057092116,-15189.028403298875,0.0
qwen_flash,horizon_group,81-87,ED_kwh,12,1729.1666666666667,5990.009042842367,0.0,0.0,0.0,0.0,0.0,0.0,9337.499999999985,20750.0,1,11,0,0.0,0.0,0.0,0.0,0.0,0.0,0.0,0.0
qwen_flash,horizon_group,81-87,ED_avg_kw,12,83.33333333333333,288.67513459481285,0.0,0.0,0.0,0.0,0.0,0.0,449.9999999999993,1000.0,1,11,0,0.0,0.0,0.0,0.0,0.0,0.0,0.0,0.0
qwen_flash,horizon_group,81-87,ED_per_soc_gap,12,17.291666666666668,59.90009042842368,0.0,0.0,0.0,0.0,0.0,0.0,93.37499999999986,207.5,1,11,0,0.0,0.0,0.0,0.0,0.0,0.0,0.0,0.0
qwen_flash,horizon_group,81-87,soc_direction_net_energy_kwh,12,843.2291666666666,3034.275620193268,0.0,-1025.0,-230.62499999999997,0.0,0.0,922.5000000000003,5232.499999999994,10375.0,2,8,2,76.875,0.0,-23.295454545454547,-23.295454545454547,-128.125,-128.125,-183.03571428571428,0.0
qwen_flash,horizon_group,81-87,terminal_alignment_kwh,12,117.14638157894733,473.7706142797664,0.0,-482.40131578947694,-242.76315789473986,0.0,0.0,971.0526315789501,1078.9473684210557,1078.9473684210561,2,8,2,80.92105263157887,0.0,29.709928229664705,29.709928229664705,-75.21381578947435,-75.21381578947435,-107.44830827067764,0.0
qwen_flash,horizon_group,81-87,alignment_total_violation_energy,12,5471.043587938606,18873.727842821856,0.0,-12543.529576315748,-10071.71052631583,0.0,0.0,40185.000000000065,44689.07894736848,44736.84210526322,2,8,2,3345.92105263158,0.0,1901.4255409090956,1901.4255409090956,-2373.4319050000004,-2373.4319050000004,-3390.617007142858,0.0
qwen_flash,horizon_group,88-90,ED_kwh,20,0.0,0.0,0.0,0.0,0.0,0.0,0.0,0.0,0.0,0.0,0,20,0,0.0,0.0,0.0,0.0,0.0,0.0,0.0,0.0
qwen_flash,horizon_group,88-90,ED_avg_kw,20,0.0,0.0,0.0,0.0,0.0,0.0,0.0,0.0,0.0,0.0,0,20,0,0.0,0.0,0.0,0.0,0.0,0.0,0.0,0.0
qwen_flash,horizon_group,88-90,ED_per_soc_gap,20,0.0,0.0,0.0,0.0,0.0,0.0,0.0,0.0,0.0,0.0,0,20,0,0.0,0.0,0.0,0.0,0.0,0.0,0.0,0.0
qwen_flash,horizon_group,88-90,soc_direction_net_energy_kwh,20,-718.75,1575.7334340754333,0.0,-5500.0,-3156.25,-140.625,0.0,0.0,0.0,0.0,0,15,5,-304.6875,-46.875,-756.578947368421,-467.10526315789474,-798.6111111111111,-270.8333333333333,-958.3333333333334,0.0
qwen_flash,horizon_group,88-90,terminal_alignment_kwh,20,-359.13240131579005,796.466791252432,0.0,-2906.661184210529,-1328.980263157898,-101.80921052631652,0.0,0.0,0.0,0.0,0,15,5,-140.68667763157924,-33.93640350877217,-378.03410664820007,-225.0519390581722,-399.0360014619889,-125.05482456140378,-478.8432017543867,0.0
qwen_flash,horizon_group,88-90,alignment_total_violation_energy,20,-13298.641827331583,29037.91176660554,0.0,-94489.47368421059,-43414.76533302828,-3950.203014273029,0.0,0.0,0.0,0.0,0,15,5,-5060.061006026313,-1316.7343380910097,-13998.57034455956,-9025.440150653738,-14776.268697035091,-4497.832005356723,-17731.52243644211,0.0
qwen_flash,horizon_group,91-92,ED_kwh,28,-0.8214285714285877,778.0938272266745,0.0,-3105.0000000000005,0.0,0.0,0.0,0.0,358.7999999999992,2530.0,2,25,1,0.0,0.0,-94.55555555555557,114.14814814814815,-119.42307692307693,21.23076923076923,-135.00000000000003,0.0
qwen_flash,horizon_group,91-92,ED_avg_kw,28,-0.03571428571428673,33.83016640115976,0.0,-135.00000000000003,0.0,0.0,0.0,0.0,15.599999999999966,110.0,2,25,1,0.0,0.0,-4.1111111111111125,4.962962962962963,-5.192307692307693,0.9230769230769231,-5.8695652173913055,0.0
qwen_flash,horizon_group,91-92,ED_per_soc_gap,28,-0.8159523809523813,13.616678751136059,0.0,-62.10000000000001,0.0,0.0,0.0,0.0,3.587999999999992,33.733333333333334,2,25,1,0.0,0.0,-2.095555555555556,1.453827160493827,-2.388461538461539,0.21230769230769228,-2.7,0.0
qwen_flash,horizon_group,91-92,soc_direction_net_energy_kwh,28,101.61964285714286,1011.9486715078658,0.0,-1600.0,-279.45,0.0,0.0,4.830000000000031,1115.6724999999976,4550.0,3,21,4,-22.808333333333326,0.0,-63.13518518518518,-63.13518518518518,-131.24615384615385,-131.24615384615385,-149.06521739130434,-11.299999999999997
qwen_flash,horizon_group,91-92,terminal_alignment_kwh,28,-44.45582706766944,533.108222719935,0.0,-1543.092105263156,-294.1578947368429,0.0,0.0,5.084210526315759,271.4480263157872,1797.6315789473665,3,21,4,-24.008771929824718,0.0,-112.6812865497078,-112.6812865497078,-132.7262145748989,-57.6654858299598,-150.7751716247141,-11.894736842105234
qwen_flash,horizon_group,91-92,alignment_total_violation_energy,28,282.93529110290547,20339.93804104466,0.0,-62133.37289810533,-8018.042763157842,0.0,0.0,205.90263157894856,14997.911968343997,79898.46520699996,3,21,4,-770.189418859647,0.0,-2665.788039115504,-2665.788039115504,-3641.554575028344,-378.5732368466645,-4146.380915478266,-216.54776887871444
