scenario_id,event_family,difficulty,degradation_cost_per_kwh,terminal_tolerance_kwh,status,physical_cost_usd,throughput_kwh,runtime_seconds
v2e2_01647af4ab413aad9430,power_limit_derating,hard,0.0,0.0,optimal,698.148582732418,1536.0214681440443,0.01349300000583753
v2e2_01647af4ab413aad9430,power_limit_derating,hard,0.0,1.0,optimal,698.0920078482075,1534.968836565097,0.01628620899282396
v2e2_01647af4ab413aad9430,power_limit_derating,hard,0.008,0.0,optimal,704.5438457710954,358.1578947368421,0.015218290995107964
v2e2_01647af4ab413aad9430,power_limit_derating,hard,0.008,1.0,optimal,704.4790931710953,357.10526315789474,0.016041958995629102
v2e2_01647af4ab413aad9430,power_limit_derating,hard,0.02,0.0,optimal,708.8417405079375,358.1578947368421,0.014327207987662405
v2e2_01647af4ab413aad9430,power_limit_derating,hard,0.02,1.0,optimal,708.7643563289901,357.10526315789474,0.01604079201933928
v2e2_07ecea8c63a586f9fa3b,reserve_commitment_update,hard,0.0,0.0,optimal,469.792586379243,728.6763157894736,0.015073082991875708
v2e2_07ecea8c63a586f9fa3b,reserve_commitment_update,hard,0.0,1.0,optimal,469.74697709503255,727.6236842105263,0.01672145799966529
v2e2_07ecea8c63a586f9fa3b,reserve_commitment_update,hard,0.008,0.0,optimal,474.64084132341407,324.14473684210526,0.016981292021228
v2e2_07ecea8c63a586f9fa3b,reserve_commitment_update,hard,0.008,1.0,optimal,474.592498958414,325.09473684210525,0.018341332994168624
v2e2_07ecea8c63a586f9fa3b,reserve_commitment_update,hard,0.02,0.0,optimal,475.22122396815087,23.75,0.009797542006708682
v2e2_07ecea8c63a586f9fa3b,reserve_commitment_update,hard,0.02,1.0,optimal,475.18428160315085,24.700000000000003,0.01266137498896569
v2e2_12b72852882928644d40,forecast_revision,easy,0.0,0.0,optimal,232.80199464561184,827.3684210526316,0.0148122500104364
v2e2_12b72852882928644d40,forecast_revision,easy,0.0,1.0,optimal,232.76874464561186,828.3184210526316,0.01612633399781771
v2e2_12b72852882928644d40,forecast_revision,easy,0.008,0.0,optimal,237.39791990876975,476.9078947368421,0.014874417014652863
v2e2_12b72852882928644d40,forecast_revision,easy,0.008,1.0,optimal,237.36070978245397,475.85526315789474,0.017301457992289215
v2e2_12b72852882928644d40,forecast_revision,easy,0.02,0.0,optimal,240.2932119857434,26.315789473684212,0.013651084009325132
v2e2_12b72852882928644d40,forecast_revision,easy,0.02,1.0,optimal,240.2438540910066,25.263157894736842,0.016695208003511652
v2e2_16b5f26ad506f7afac02,export_limit_update,medium,0.0,0.0,optimal,224.16060185878482,2021.2841452659281,0.01653975000954233
v2e2_16b5f26ad506f7afac02,export_limit_update,medium,0.0,1.0,optimal,224.1152051302848,2022.2341452659275,0.024448499985737726
v2e2_16b5f26ad506f7afac02,export_limit_update,medium,0.008,0.0,optimal,234.35528233620184,609.4359097638505,0.02013662498211488
v2e2_16b5f26ad506f7afac02,export_limit_update,medium,0.008,1.0,optimal,234.3043453362018,608.383278184903,0.022575500013772398
v2e2_16b5f26ad506f7afac02,export_limit_update,medium,0.02,0.0,optimal,237.9396614271048,157.89473684210526,0.010185916005866602
v2e2_16b5f26ad506f7afac02,export_limit_update,medium,0.02,1.0,optimal,237.87805510078903,156.8421052631579,0.018538542004534975
v2e2_16c288d882ac6a326385,battery_capacity_derating,easy,0.0,0.0,optimal,398.7047014153433,1423.2763157894738,0.012769082997692749
v2e2_16c288d882ac6a326385,battery_capacity_derating,easy,0.0,1.0,optimal,398.66531678084334,1424.2263157894738,0.011448792007286102
v2e2_16c288d882ac6a326385,battery_capacity_derating,easy,0.008,0.0,optimal,407.7153767965275,381.9078947368421,0.017932584014488384
v2e2_16c288d882ac6a326385,battery_capacity_derating,easy,0.008,1.0,optimal,407.67505584915915,380.85526315789474,0.015291832998627797
v2e2_16c288d882ac6a326385,battery_capacity_derating,easy,0.02,0.0,optimal,410.50829617481696,131.57894736842104,0.020155083009740338
v2e2_16c288d882ac6a326385,battery_capacity_derating,easy,0.02,1.0,optimal,410.4556420695538,130.52631578947367,0.016300040995702147
v2e2_1a991ca6b21c0ed79241,forecast_revision,hard,0.0,0.0,optimal,347.2585665326961,1678.4868421052631,0.011899584002094343
v2e2_1a991ca6b21c0ed79241,forecast_revision,hard,0.0,1.0,optimal,347.2356000641961,1679.4368421052632,0.01873424998484552
v2e2_1a991ca6b21c0ed79241,forecast_revision,hard,0.008,0.0,optimal,355.0804327261171,476.9078947368421,0.011118416994577274
v2e2_1a991ca6b21c0ed79241,forecast_revision,hard,0.008,1.0,optimal,355.0509590419066,475.85526315789474,0.016137708007590845
v2e2_1a991ca6b21c0ed79241,forecast_revision,hard,0.02,0.0,optimal,358.65801309322245,26.315789473684212,0.009329625027021393
v2e2_1a991ca6b21c0ed79241,forecast_revision,hard,0.02,1.0,optimal,358.61665357743294,25.263157894736842,0.01519041697611101
v2e2_1fd8536d13787e44dc17,battery_capacity_derating,easy,0.0,0.0,optimal,269.6608475302817,1295.421052631579,0.015233291982440278
v2e2_1fd8536d13787e44dc17,battery_capacity_derating,easy,0.0,1.0,optimal,269.6536552881764,1294.3684210526317,0.01488462500856258
v2e2_1fd8536d13787e44dc17,battery_capacity_derating,easy,0.008,0.0,optimal,276.1876018921238,524.4078947368421,0.014473125018412247
v2e2_1fd8536d13787e44dc17,battery_capacity_derating,easy,0.008,1.0,optimal,276.171988597387,523.3552631578947,0.013212209014454857
v2e2_1fd8536d13787e44dc17,battery_capacity_derating,easy,0.02,0.0,optimal,282.4804966289659,524.4078947368421,0.014275082998210564
v2e2_1fd8536d13787e44dc17,battery_capacity_derating,easy,0.02,1.0,optimal,282.45225175528174,523.3552631578947,0.015449208003701642
v2e2_20534de655a33fde87ca,export_limit_update,easy,0.0,0.0,optimal,287.37136713033067,684.8684210526316,0.010969291994115338
v2e2_20534de655a33fde87ca,export_limit_update,easy,0.0,1.0,optimal,287.30296447033066,685.8184210526315,0.013630957982968539
v2e2_20534de655a33fde87ca,export_limit_update,easy,0.008,0.0,optimal,292.85031449875174,684.8684210526316,0.010866917000385001
v2e2_20534de655a33fde87ca,export_limit_update,easy,0.008,1.0,optimal,292.7895118387517,685.8184210526315,0.017396625014953315
v2e2_20534de655a33fde87ca,export_limit_update,easy,0.02,0.0,optimal,300.18812210401484,334.4078947368421,0.010766584018711
v2e2_20534de655a33fde87ca,export_limit_update,easy,0.02,1.0,optimal,300.13368736717274,333.35526315789474,0.014827083010459319
v2e2_25e030e6613f44a39649,export_limit_update,hard,0.0,0.0,optimal,180.13918366825672,1678.6430921052631,0.015965041995514184
v2e2_25e030e6613f44a39649,export_limit_update,hard,0.0,1.0,optimal,180.12165896125674,1679.5930921052632,0.01630858299904503
v2e2_25e030e6613f44a39649,export_limit_update,hard,0.008,0.0,optimal,191.0783230011558,684.9030470914128,0.017962834011996165
v2e2_25e030e6613f44a39649,export_limit_update,hard,0.008,1.0,optimal,191.06114665378738,683.8504155124654,0.01717845900566317
v2e2_25e030e6613f44a39649,export_limit_update,hard,0.02,0.0,optimal,195.50547123758238,358.1578947368421,0.015842499997233972
v2e2_25e030e6613f44a39649,export_limit_update,hard,0.02,1.0,optimal,195.47566331126657,357.10526315789474,0.01851791702210903
v2e2_28d9724eea09520d5cd7,reserve_commitment_update,medium,0.0,0.0,optimal,252.2661017163592,1526.6188699300553,0.01147258299170062
v2e2_28d9724eea09520d5cd7,reserve_commitment_update,medium,0.0,1.0,optimal,252.2659159689908,1525.566238351108,0.010383957996964455
v2e2_28d9724eea09520d5cd7,reserve_commitment_update,medium,0.008,0.0,optimal,259.2298962322629,663.5592105263158,0.011413458996685222
v2e2_28d9724eea09520d5cd7,reserve_commitment_update,medium,0.008,1.0,optimal,259.22128943226284,662.5065789473684,0.01064787499490194
v2e2_28d9724eea09520d5cd7,reserve_commitment_update,medium,0.02,0.0,optimal,261.73513890232863,187.93421052631578,0.01215262501500547
v2e2_28d9724eea09520d5cd7,reserve_commitment_update,medium,0.02,1.0,optimal,261.7139005233812,186.88157894736844,0.01091895898571238
v2e2_31906e8fff0262a0bd53,power_limit_derating,medium,0.0,0.0,optimal,342.95788589651715,1551.8317174515237,0.011406709003495052
v2e2_31906e8fff0262a0bd53,power_limit_derating,medium,0.0,1.0,optimal,342.8638358965171,1552.7817174515237,0.012662583001656458
v2e2_31906e8fff0262a0bd53,power_limit_derating,medium,0.008,0.0,optimal,349.8029217884839,708.6184210526316,0.009261875005904585
v2e2_31906e8fff0262a0bd53,power_limit_derating,medium,0.008,1.0,optimal,349.71647178848383,709.5684210526316,0.015535583021119237
v2e2_31906e8fff0262a0bd53,power_limit_derating,medium,0.02,0.0,optimal,358.30634284111545,708.6184210526316,0.009329499996965751
v2e2_31906e8fff0262a0bd53,power_limit_derating,medium,0.02,1.0,optimal,358.2312928411154,709.5684210526316,0.012772916990797967
v2e2_394e89f7d166924e9409,export_limit_update,easy,0.0,0.0,optimal,670.4854455204945,1559.7368421052631,0.018844958016416058
v2e2_394e89f7d166924e9409,export_limit_update,easy,0.0,1.0,optimal,670.4286487444946,1560.6868421052632,0.015338416997110471
v2e2_394e89f7d166924e9409,export_limit_update,easy,0.008,0.0,optimal,677.9822207198366,358.1578947368421,0.014031500002602115
v2e2_394e89f7d166924e9409,export_limit_update,easy,0.008,1.0,optimal,677.9174681198366,357.10526315789474,0.01502595900092274
v2e2_394e89f7d166924e9409,export_limit_update,easy,0.02,0.0,optimal,682.2801154566787,358.1578947368421,0.013530374999390915
v2e2_394e89f7d166924e9409,export_limit_update,easy,0.02,1.0,optimal,682.2027312777313,357.10526315789474,0.01555041701067239
v2e2_4029a98e7ae402335d31,export_limit_update,medium,0.0,0.0,optimal,195.8039819853242,1886.481994459834,0.027326875017024577
v2e2_4029a98e7ae402335d31,export_limit_update,medium,0.0,1.0,optimal,195.7726319853242,1887.431994459834,0.024262749997433275
v2e2_4029a98e7ae402335d31,export_limit_update,medium,0.008,0.0,optimal,200.57978121132828,358.1578947368421,0.0159739590017125
v2e2_4029a98e7ae402335d31,export_limit_update,medium,0.008,1.0,optimal,200.54234596922302,357.10526315789474,0.01004166601342149
v2e2_4029a98e7ae402335d31,export_limit_update,medium,0.02,0.0,optimal,202.63480713238093,157.89473684210526,0.011883708008099347
v2e2_4029a98e7ae402335d31,export_limit_update,medium,0.02,1.0,optimal,202.58631760606514,156.8421052631579,0.011153208004543558
v2e2_47a354a03084871e0ca3,export_limit_update,medium,0.0,0.0,optimal,230.82448068543528,1583.4868421052631,0.022090832993853837
v2e2_47a354a03084871e0ca3,export_limit_update,medium,0.0,1.0,optimal,230.78161363593523,1584.4368421052632,0.02147295800386928
v2e2_47a354a03084871e0ca3,export_limit_update,medium,0.008,0.0,optimal,237.7805126735931,381.9078947368421,0.01790725000319071
v2e2_47a354a03084871e0ca3,export_limit_update,medium,0.008,1.0,optimal,237.73870475780365,380.85526315789474,0.014120166975772008
v2e2_47a354a03084871e0ca3,export_limit_update,medium,0.02,0.0,optimal,240.75559084464572,131.57894736842104,0.017276041995501146
v2e2_47a354a03084871e0ca3,export_limit_update,medium,0.02,1.0,optimal,240.7017694656984,130.52631578947367,0.02307512500556186
v2e2_4bc783ae8ece976241af,reserve_commitment_update,easy,0.0,0.0,optimal,258.13628757540863,2060.7250952458453,0.018589167011668906
v2e2_4bc783ae8ece976241af,reserve_commitment_update,easy,0.0,1.0,optimal,258.12181114290865,2061.675095245845,0.014164916996378452
v2e2_4bc783ae8ece976241af,reserve_commitment_update,easy,0.008,0.0,optimal,265.50670848974346,456.3184210526316,0.012102790991775692
v2e2_4bc783ae8ece976241af,reserve_commitment_update,easy,0.008,1.0,optimal,265.48860265816455,455.2657894736842,0.010171332978643477
v2e2_4bc783ae8ece976241af,reserve_commitment_update,easy,0.02,0.0,optimal,270.4666425886909,23.75,0.011058000003686175
v2e2_4bc783ae8ece976241af,reserve_commitment_update,easy,0.02,1.0,optimal,270.43829354369086,24.700000000000003,0.009225166984833777
v2e2_579d7046347071a2967e,battery_capacity_derating,easy,0.0,0.0,optimal,473.93086561858195,1565.7763157894738,0.015169499994954094
v2e2_579d7046347071a2967e,battery_capacity_derating,easy,0.0,1.0,optimal,473.8847556965819,1566.7263157894736,0.017600958002731204
v2e2_579d7046347071a2967e,battery_capacity_derating,easy,0.008,0.0,optimal,482.0568135321346,524.4078947368421,0.014811667002504691
v2e2_579d7046347071a2967e,battery_capacity_derating,easy,0.008,1.0,optimal,482.0069863637135,523.3552631578948,0.014113499986706302
v2e2_579d7046347071a2967e,battery_capacity_derating,easy,0.02,0.0,optimal,482.7983647268714,23.75,0.009353541012387723
v2e2_579d7046347071a2967e,battery_capacity_derating,easy,0.02,1.0,optimal,482.75339119487137,24.700000000000003,0.00943887498578988
v2e2_57ed2833756fcc2a81f4,export_limit_update,easy,0.0,0.0,optimal,1072.8924773134645,1185.5263157894738,0.015285500005120412
v2e2_57ed2833756fcc2a81f4,export_limit_update,easy,0.0,1.0,optimal,1072.8185910713592,1184.4736842105262,0.015117291011847556
v2e2_57ed2833756fcc2a81f4,export_limit_update,easy,0.008,0.0,optimal,1079.3809339989907,334.4078947368421,0.016679624997777864
v2e2_57ed2833756fcc2a81f4,export_limit_update,easy,0.008,1.0,optimal,1079.2986267042538,333.35526315789474,0.010869833000469953
v2e2_57ed2833756fcc2a81f4,export_limit_update,easy,0.02,0.0,optimal,1083.3938287358328,334.4078947368421,0.015996333997463807
v2e2_57ed2833756fcc2a81f4,export_limit_update,easy,0.02,1.0,optimal,1083.2988898621486,333.35526315789474,0.010636875027557835
v2e2_581afa30a65d6a5d08a5,export_limit_update,hard,0.0,0.0,optimal,241.93909607352396,1994.4982844764545,0.01569716600351967
v2e2_581afa30a65d6a5d08a5,export_limit_update,hard,0.0,1.0,optimal,241.93672746299762,1993.445652897507,0.019763207994401455
v2e2_581afa30a65d6a5d08a5,export_limit_update,hard,0.008,0.0,optimal,252.67807629787137,1000.0328947368422,0.014758290984900668
v2e2_581afa30a65d6a5d08a5,export_limit_update,hard,0.008,1.0,optimal,252.66728663471343,998.9802631578948,0.01567629200872034
v2e2_581afa30a65d6a5d08a5,export_limit_update,hard,0.02,0.0,optimal,259.08392245346346,524.4078947368421,0.013225624978076667
v2e2_581afa30a65d6a5d08a5,export_limit_update,hard,0.02,1.0,optimal,259.0605012113582,523.3552631578948,0.013473416998749599
v2e2_599ab783e7af2d598059,reserve_commitment_update,hard,0.0,0.0,optimal,327.37161541582526,1031.6368421052632,0.01396537502296269
v2e2_599ab783e7af2d598059,reserve_commitment_update,hard,0.0,1.0,optimal,327.34864894732533,1032.5868421052633,0.013685375015484169
v2e2_599ab783e7af2d598059,reserve_commitment_update,hard,0.008,0.0,optimal,331.49405336889106,153.4828947368421,0.015226417017402127
v2e2_599ab783e7af2d598059,reserve_commitment_update,hard,0.008,1.0,optimal,331.4653254320489,152.43026315789473,0.015351834008470178
v2e2_599ab783e7af2d598059,reserve_commitment_update,hard,0.02,0.0,optimal,332.8370513011016,26.315789473684212,0.01623845801805146
v2e2_599ab783e7af2d598059,reserve_commitment_update,hard,0.02,1.0,optimal,332.7956917853121,25.263157894736842,0.013341083016712219
v2e2_6044c2cf8efb739eb457,reserve_commitment_update,easy,0.0,0.0,optimal,698.9558343177483,799.7697368421052,0.015614041010849178
v2e2_6044c2cf8efb739eb457,reserve_commitment_update,easy,0.0,1.0,optimal,698.8712947392482,800.7197368421052,0.011191500001586974
v2e2_6044c2cf8efb739eb457,reserve_commitment_update,easy,0.008,0.0,optimal,705.0416963291825,756.7131578947369,0.015121832984732464
v2e2_6044c2cf8efb739eb457,reserve_commitment_update,easy,0.008,1.0,optimal,704.9502313607616,755.6605263157895,0.009312500013038516
v2e2_6044c2cf8efb739eb457,reserve_commitment_update,easy,0.02,0.0,optimal,707.6901788607615,23.75,0.009864207997452468
v2e2_6044c2cf8efb739eb457,reserve_commitment_update,easy,0.02,1.0,optimal,707.6060183607615,24.700000000000003,0.00977683300152421
v2e2_689fd81bd1f3eec1e27d,reserve_commitment_update,easy,0.0,0.0,optimal,362.883519585324,1423.5578947368422,0.013928375003160909
v2e2_689fd81bd1f3eec1e27d,reserve_commitment_update,easy,0.0,1.0,optimal,362.84824817532393,1424.5078947368422,0.01693599999998696
v2e2_689fd81bd1f3eec1e27d,reserve_commitment_update,easy,0.008,0.0,optimal,369.0569908204293,290.0684210526316,0.013338165997993201
v2e2_689fd81bd1f3eec1e27d,reserve_commitment_update,easy,0.008,1.0,optimal,369.0203339888504,289.0157894736842,0.018172375013818964
v2e2_689fd81bd1f3eec1e27d,reserve_commitment_update,easy,0.02,0.0,optimal,371.373542006324,157.89473684210526,0.012553500011563301
v2e2_689fd81bd1f3eec1e27d,reserve_commitment_update,easy,0.02,1.0,optimal,371.32425359579764,156.8421052631579,0.01723691599909216
v2e2_68ad1227a66cd68252f6,power_limit_derating,easy,0.0,0.0,optimal,487.1548742026785,708.6184210526316,0.01133466701139696
v2e2_68ad1227a66cd68252f6,power_limit_derating,easy,0.0,1.0,optimal,487.08882852117847,709.5684210526316,0.014246041013393551
v2e2_68ad1227a66cd68252f6,power_limit_derating,easy,0.008,0.0,optimal,489.48749045991536,157.89473684210526,0.010843916999874637
v2e2_68ad1227a66cd68252f6,power_limit_derating,easy,0.008,1.0,optimal,489.4151430914943,156.8421052631579,0.018718750012340024
v2e2_68ad1227a66cd68252f6,power_limit_derating,easy,0.02,0.0,optimal,491.3822273020206,157.89473684210526,0.010848249978153035
v2e2_68ad1227a66cd68252f6,power_limit_derating,easy,0.02,1.0,optimal,491.2972483546522,156.8421052631579,0.016109750024043024
v2e2_729fd4e9cb1879f64d23,forecast_revision,hard,0.0,0.0,optimal,497.63823335352447,1233.0263157894738,0.013480708003044128
v2e2_729fd4e9cb1879f64d23,forecast_revision,hard,0.0,1.0,optimal,497.59832167984024,1231.9736842105265,0.016179875005036592
v2e2_729fd4e9cb1879f64d23,forecast_revision,hard,0.008,0.0,optimal,505.3821600712876,381.9078947368421,0.012064583017490804
v2e2_729fd4e9cb1879f64d23,forecast_revision,hard,0.008,1.0,optimal,505.3338273449719,380.85526315789474,0.013563915999839082
v2e2_729fd4e9cb1879f64d23,forecast_revision,hard,0.02,0.0,optimal,507.9271045449719,131.57894736842104,0.015807916002813727
v2e2_729fd4e9cb1879f64d23,forecast_revision,hard,0.02,1.0,optimal,507.8661833765508,130.52631578947367,0.012769791996106505
v2e2_7778cc641046e1b0a2cd,forecast_revision,hard,0.0,0.0,optimal,421.6651406666468,833.7828947368421,0.01396629199734889
v2e2_7778cc641046e1b0a2cd,forecast_revision,hard,0.0,1.0,optimal,421.6305507508573,832.7302631578948,0.012946333008585498
v2e2_7778cc641046e1b0a2cd,forecast_revision,hard,0.008,0.0,optimal,424.6264586995415,358.1578947368421,0.015403917001094669
v2e2_7778cc641046e1b0a2cd,forecast_revision,hard,0.008,1.0,optimal,424.58344773112043,357.10526315789474,0.013231499993707985
v2e2_7778cc641046e1b0a2cd,forecast_revision,hard,0.02,0.0,optimal,426.75016570217304,157.89473684210526,0.011438041983637959
v2e2_7778cc641046e1b0a2cd,forecast_revision,hard,0.02,1.0,optimal,426.69583188112045,156.8421052631579,0.013009540998609737
v2e2_7b2e0628b0d7b7a4badd,power_limit_derating,medium,0.0,0.0,optimal,271.3871894312668,874.8684210526316,0.011471042002085596
v2e2_7b2e0628b0d7b7a4badd,power_limit_derating,medium,0.0,1.0,optimal,271.3187867712668,875.8184210526316,0.010083250002935529
v2e2_7b2e0628b0d7b7a4badd,power_limit_derating,medium,0.008,0.0,optimal,278.38613679968785,874.8684210526316,0.009293333016103134
v2e2_7b2e0628b0d7b7a4badd,power_limit_derating,medium,0.008,1.0,optimal,278.3253341396878,875.8184210526316,0.009943292010575533
v2e2_7b2e0628b0d7b7a4badd,power_limit_derating,medium,0.02,0.0,optimal,287.96199540495104,524.4078947368421,0.010406582994619384
v2e2_7b2e0628b0d7b7a4badd,power_limit_derating,medium,0.02,1.0,optimal,287.907560668109,523.3552631578948,0.009760833985637873
v2e2_7e727667efa4e288ccd0,export_limit_update,medium,0.0,0.0,optimal,444.45338281061527,1009.047783933518,0.014770000008866191
v2e2_7e727667efa4e288ccd0,export_limit_update,medium,0.0,1.0,optimal,444.4083282341153,1009.997783933518,0.01713358299457468
v2e2_7e727667efa4e288ccd0,export_limit_update,medium,0.008,0.0,optimal,452.0058199522358,732.3684210526316,0.012916124978801236
v2e2_7e727667efa4e288ccd0,export_limit_update,medium,0.008,1.0,optimal,451.9683653757358,733.3184210526316,0.016809249995276332
v2e2_7e727667efa4e288ccd0,export_limit_update,medium,0.02,0.0,optimal,457.1988508397359,381.9078947368421,0.017273166013183072
v2e2_7e727667efa4e288ccd0,export_limit_update,medium,0.02,1.0,optimal,457.152251176578,380.85526315789474,0.015214457991532981
v2e2_7f938d120000eec26457,battery_capacity_derating,easy,0.0,0.0,optimal,267.2855802597202,1104.1381578947369,0.007387375022517517
v2e2_7f938d120000eec26457,battery_capacity_derating,easy,0.0,1.0,optimal,267.2482998657202,1105.088157894737,0.017408458021236584
v2e2_7f938d120000eec26457,battery_capacity_derating,easy,0.008,0.0,optimal,271.8096665240623,358.1578947368421,0.013519458007067442
v2e2_7f938d120000eec26457,battery_capacity_derating,easy,0.008,1.0,optimal,271.77082006090444,357.10526315789474,0.018053583014989272
v2e2_7f938d120000eec26457,battery_capacity_derating,easy,0.02,0.0,optimal,276.10756126090445,358.1578947368421,0.014407417009351775
v2e2_7f938d120000eec26457,battery_capacity_derating,easy,0.02,1.0,optimal,276.05608321879913,357.10526315789474,0.01835379097610712
v2e2_8e9a9550f230c7b3cff3,forecast_revision,medium,0.0,0.0,optimal,286.2242101930198,708.6184210526316,0.012122832995373756
v2e2_8e9a9550f230c7b3cff3,forecast_revision,medium,0.0,1.0,optimal,286.1558075330198,709.5684210526316,0.01514870798564516
v2e2_8e9a9550f230c7b3cff3,forecast_revision,medium,0.008,0.0,optimal,291.8931575614409,708.6184210526316,0.012355374987237155
v2e2_8e9a9550f230c7b3cff3,forecast_revision,medium,0.008,1.0,optimal,291.83235490144085,709.5684210526316,0.01550799998221919
v2e2_8e9a9550f230c7b3cff3,forecast_revision,medium,0.02,0.0,optimal,299.51596516670406,358.1578947368421,0.01110995901399292
v2e2_8e9a9550f230c7b3cff3,forecast_revision,medium,0.02,1.0,optimal,299.46153042986185,357.10526315789474,0.01540908301831223
v2e2_90357feca5a42c2b5eee,forecast_revision,medium,0.0,0.0,optimal,177.524883236623,1209.2763157894738,0.017683915997622535
v2e2_90357feca5a42c2b5eee,forecast_revision,medium,0.0,1.0,optimal,177.50333058399144,1208.2236842105262,0.015228584001306444
v2e2_90357feca5a42c2b5eee,forecast_revision,medium,0.008,0.0,optimal,186.64645290767567,1009.0131578947369,0.019608167000114918
v2e2_90357feca5a42c2b5eee,forecast_revision,medium,0.008,1.0,optimal,186.61647920241248,1007.9605263157895,0.015219415974570438
v2e2_90357feca5a42c2b5eee,forecast_revision,medium,0.02,0.0,optimal,191.44923314254407,157.8947368421053,0.013918417011154816
v2e2_90357feca5a42c2b5eee,forecast_revision,medium,0.02,1.0,optimal,191.40745179517566,156.84210526315783,0.011229374998947605
v2e2_a015340abe1151fa1614,reserve_commitment_update,easy,0.0,0.0,optimal,205.23931168007726,640.5289473684211,0.010955041012493894
v2e2_a015340abe1151fa1614,reserve_commitment_update,easy,0.0,1.0,optimal,205.20105510407726,641.4789473684211,0.014112083008512855
v2e2_a015340abe1151fa1614,reserve_commitment_update,easy,0.008,0.0,optimal,210.36354325902462,640.5289473684211,0.011168124998221174
v2e2_a015340abe1151fa1614,reserve_commitment_update,easy,0.008,1.0,optimal,210.3328866830246,641.4789473684211,0.014031083992449567
v2e2_a015340abe1151fa1614,reserve_commitment_update,easy,0.02,0.0,optimal,213.95249525376144,290.06842105263155,0.014103374996921048
v2e2_a015340abe1151fa1614,reserve_commitment_update,easy,0.02,1.0,optimal,213.9105367590246,289.0157894736842,0.013982375006889924
v2e2_a26fd019af93d45104b8,export_limit_update,medium,0.0,0.0,optimal,144.05512819650187,1678.4868421052631,0.015037790988571942
v2e2_a26fd019af93d45104b8,export_limit_update,medium,0.0,1.0,optimal,144.04523869650188,1679.436842105263,0.015309249982237816
v2e2_a26fd019af93d45104b8,export_limit_update,medium,0.008,0.0,optimal,154.62216967868133,553.3240997229916,0.015262542001437396
v2e2_a26fd019af93d45104b8,export_limit_update,medium,0.008,1.0,optimal,154.60499333131293,552.2714681440443,0.01115966698853299
v2e2_a26fd019af93d45104b8,export_limit_update,medium,0.02,0.0,optimal,160.37529305655534,476.9078947368421,0.015296458004740998
v2e2_a26fd019af93d45104b8,export_limit_update,medium,0.02,1.0,optimal,160.34548513023955,475.85526315789474,0.011205874994629994
v2e2_a49aba98f0f44c8c6622,reserve_commitment_update,hard,0.0,0.0,optimal,257.8762623807403,1507.2618421052632,0.01598558298428543
v2e2_a49aba98f0f44c8c6622,reserve_commitment_update,hard,0.0,1.0,optimal,257.77070788074025,1508.2118421052633,0.015179040987277403
v2e2_a49aba98f0f44c8c6622,reserve_commitment_update,hard,0.008,0.0,optimal,266.44493508882545,1030.9517313019392,0.017119124997407198
v2e2_a49aba98f0f44c8c6622,reserve_commitment_update,hard,0.008,1.0,optimal,266.34698058882543,1031.901731301939,0.01466554097714834
v2e2_a49aba98f0f44c8c6622,reserve_commitment_update,hard,0.02,0.0,optimal,271.2890066968718,376.7763157894737,0.012107957998523489
v2e2_a49aba98f0f44c8c6622,reserve_commitment_update,hard,0.02,1.0,optimal,271.20245219687183,377.7263157894737,0.008852250000927597
v2e2_a614c009acc530c12890,reserve_commitment_update,easy,0.0,0.0,optimal,318.3768697423197,2017.9328947368422,0.01542874998995103
v2e2_a614c009acc530c12890,reserve_commitment_update,easy,0.0,1.0,optimal,318.2713152423197,2018.8828947368422,0.01724374998593703
v2e2_a614c009acc530c12890,reserve_commitment_update,easy,0.008,0.0,optimal,330.91011057704964,1286.2872576177285,0.015487208002014086
v2e2_a614c009acc530c12890,reserve_commitment_update,easy,0.008,1.0,optimal,330.8121560770496,1287.2372576177286,0.01279854099266231
v2e2_a614c009acc530c12890,reserve_commitment_update,easy,0.02,0.0,optimal,340.1310288692934,759.2789473684211,0.014613165985792875
v2e2_a614c009acc530c12890,reserve_commitment_update,easy,0.02,1.0,optimal,340.0444743692934,760.2289473684211,0.01408774999435991
v2e2_a66e250328b3cef2064f,reserve_commitment_update,medium,0.0,0.0,optimal,181.06802359131788,1983.9944802638506,0.01422420801827684
v2e2_a66e250328b3cef2064f,reserve_commitment_update,medium,0.0,1.0,optimal,181.05966446500207,1982.941848684903,0.013372374989558011
v2e2_a66e250328b3cef2064f,reserve_commitment_update,medium,0.008,0.0,optimal,185.70559068724387,354.1842105263158,0.014072291989577934
v2e2_a66e250328b3cef2064f,reserve_commitment_update,medium,0.008,1.0,optimal,185.6888105082965,353.13157894736844,0.010087000002386048
v2e2_a66e250328b3cef2064f,reserve_commitment_update,medium,0.02,0.0,optimal,189.3511247409281,23.75,0.009465333016123623
v2e2_a66e250328b3cef2064f,reserve_commitment_update,medium,0.02,1.0,optimal,189.3253776889281,24.700000000000003,0.008758333016885445
v2e2_a7c71f5aa3db3e32fdd1,power_limit_derating,hard,0.0,0.0,optimal,362.8263445700527,1805.0380886426592,0.029941167013021186
v2e2_a7c71f5aa3db3e32fdd1,power_limit_derating,hard,0.0,1.0,optimal,362.7940548647896,1803.9854570637121,0.02604983397759497
v2e2_a7c71f5aa3db3e32fdd1,power_limit_derating,hard,0.008,0.0,optimal,369.98327343078677,524.4078947368421,0.010939667001366615
v2e2_a7c71f5aa3db3e32fdd1,power_limit_derating,hard,0.008,1.0,optimal,369.944210272892,523.3552631578948,0.009567917004460469
v2e2_a7c71f5aa3db3e32fdd1,power_limit_derating,hard,0.02,0.0,optimal,372.33448335710256,23.75,0.009475582977756858
v2e2_a7c71f5aa3db3e32fdd1,power_limit_derating,hard,0.02,1.0,optimal,372.2985281656026,24.700000000000003,0.008299834007630125
v2e2_aa86ae40329fa58392a5,battery_capacity_derating,medium,0.0,0.0,optimal,231.8259461029389,1325.4605263157894,0.014140207989839837
v2e2_aa86ae40329fa58392a5,battery_capacity_derating,medium,0.0,1.0,optimal,231.81437510293893,1326.4105263157894,0.014070999983232468
v2e2_aa86ae40329fa58392a5,battery_capacity_derating,medium,0.008,0.0,optimal,240.0812830101758,524.4078947368421,0.015183375013293698
v2e2_aa86ae40329fa58392a5,battery_capacity_derating,medium,0.008,1.0,optimal,240.06640909438633,523.3552631578948,0.015607291017659009
v2e2_aa86ae40329fa58392a5,battery_capacity_derating,medium,0.02,0.0,optimal,246.3741777470179,524.4078947368421,0.013687124999705702
v2e2_aa86ae40329fa58392a5,battery_capacity_derating,medium,0.02,1.0,optimal,246.34667225228105,523.3552631578948,0.014701875013997778
v2e2_ac2a6bbea5f71d8219ff,forecast_revision,medium,0.0,0.0,optimal,173.08031899030445,1678.6430921052631,0.014259499992476776
v2e2_ac2a6bbea5f71d8219ff,forecast_revision,medium,0.0,1.0,optimal,173.06279428330444,1679.5930921052632,0.0160981249937322
v2e2_ac2a6bbea5f71d8219ff,forecast_revision,medium,0.008,0.0,optimal,184.01945832320354,684.9030470914128,0.010682082996936515
v2e2_ac2a6bbea5f71d8219ff,forecast_revision,medium,0.008,1.0,optimal,184.0022819758351,683.8504155124654,0.02030549998744391
v2e2_ac2a6bbea5f71d8219ff,forecast_revision,medium,0.02,0.0,optimal,188.4466065596301,358.1578947368421,0.010835332999704406
v2e2_ac2a6bbea5f71d8219ff,forecast_revision,medium,0.02,1.0,optimal,188.41679863331433,357.10526315789474,0.019068541994784027
v2e2_ade91af586194aa1b583,battery_capacity_derating,medium,0.0,0.0,optimal,445.9304155462604,1277.9605263157896,0.014895333995809779
v2e2_ade91af586194aa1b583,battery_capacity_derating,medium,0.0,1.0,optimal,445.8677229847604,1278.9105263157896,0.016399874992202967
v2e2_ade91af586194aa1b583,battery_capacity_derating,medium,0.008,0.0,optimal,453.3500556192867,476.9078947368421,0.010628374991938472
v2e2_ade91af586194aa1b583,battery_capacity_derating,medium,0.008,1.0,optimal,453.29420862981306,475.85526315789474,0.016872292006155476
v2e2_ade91af586194aa1b583,battery_capacity_derating,medium,0.02,0.0,optimal,458.9942624601108,421.5720221606648,0.010220333992037922
v2e2_ade91af586194aa1b583,battery_capacity_derating,medium,0.02,1.0,optimal,458.92596576537403,420.5193905817174,0.010507917002541944
v2e2_b7e962716394d888d563,forecast_revision,easy,0.0,0.0,optimal,493.37504141637226,1535.9868421052631,0.015703000011853874
v2e2_b7e962716394d888d563,forecast_revision,easy,0.0,1.0,optimal,493.31234885487225,1536.9368421052632,0.014726499997777864
v2e2_b7e962716394d888d563,forecast_revision,easy,0.008,0.0,optimal,501.8946047446617,334.4078947368421,0.01566050000838004
v2e2_b7e962716394d888d563,forecast_revision,easy,0.008,1.0,optimal,501.83875775518806,333.35526315789474,0.010417125013191253
v2e2_b7e962716394d888d563,forecast_revision,easy,0.02,0.0,optimal,505.9074994815038,334.4078947368421,0.015255125006660819
v2e2_b7e962716394d888d563,forecast_revision,easy,0.02,1.0,optimal,505.8390209130828,333.35526315789474,0.0108193340129219
v2e2_babe8da2420b974ae448,battery_capacity_derating,medium,0.0,0.0,optimal,222.12252190678436,1182.9605263157896,0.014757041994016618
v2e2_babe8da2420b974ae448,battery_capacity_derating,medium,0.0,1.0,optimal,222.07965485728437,1183.9105263157894,0.020114584011025727
v2e2_babe8da2420b974ae448,battery_capacity_derating,medium,0.008,0.0,optimal,227.81227732652118,381.9078947368421,0.017296000005444512
v2e2_babe8da2420b974ae448,battery_capacity_derating,medium,0.008,1.0,optimal,227.7704694107317,380.85526315789474,0.019202458002837375
v2e2_babe8da2420b974ae448,battery_capacity_derating,medium,0.02,0.0,optimal,230.78735549757383,131.57894736842104,0.012163000006694347
v2e2_babe8da2420b974ae448,battery_capacity_derating,medium,0.02,1.0,optimal,230.7335341186265,130.52631578947367,0.020527416025288403
v2e2_be357ad7fa505f6b8f35,battery_capacity_derating,easy,0.0,0.0,optimal,333.4193327332226,1423.2763157894738,0.016205082996748388
v2e2_be357ad7fa505f6b8f35,battery_capacity_derating,easy,0.0,1.0,optimal,333.36420423322255,1424.2263157894738,0.01132320798933506
v2e2_be357ad7fa505f6b8f35,battery_capacity_derating,easy,0.008,0.0,optimal,337.85705046638043,381.9078947368421,0.01123725000070408
v2e2_be357ad7fa505f6b8f35,battery_capacity_derating,easy,0.008,1.0,optimal,337.80055123480156,380.85526315789474,0.015530458011198789
v2e2_be357ad7fa505f6b8f35,battery_capacity_derating,easy,0.02,0.0,optimal,340.9020052657226,131.57894736842104,0.011635832983301952
v2e2_be357ad7fa505f6b8f35,battery_capacity_derating,easy,0.02,1.0,optimal,340.8340368446699,130.52631578947367,0.01914716701139696
v2e2_c049d4bc657bdc82a484,reserve_commitment_update,hard,0.0,0.0,optimal,455.25229056749725,1031.6368421052632,0.01691337500233203
v2e2_c049d4bc657bdc82a484,reserve_commitment_update,hard,0.0,1.0,optimal,455.18959800599725,1032.5868421052633,0.014185249980073422
v2e2_c049d4bc657bdc82a484,reserve_commitment_update,hard,0.008,0.0,optimal,461.19963689973406,153.48289473684213,0.01357224999810569
v2e2_c049d4bc657bdc82a484,reserve_commitment_update,hard,0.008,1.0,optimal,461.14397178394455,152.43026315789473,0.010043582995422184
v2e2_c049d4bc657bdc82a484,reserve_commitment_update,hard,0.02,0.0,optimal,463.0414316365762,153.48289473684213,0.0145555829803925
v2e2_c049d4bc657bdc82a484,reserve_commitment_update,hard,0.02,1.0,optimal,462.97313494183925,152.43026315789473,0.010552249994361773
v2e2_c4d42554da4b1f44862b,power_limit_derating,hard,0.0,0.0,optimal,658.5713384801512,824.8026315789474,0.013394709007116035
v2e2_c4d42554da4b1f44862b,power_limit_derating,hard,0.0,1.0,optimal,658.4850332169933,823.75,0.02163283299887553
v2e2_c4d42554da4b1f44862b,power_limit_derating,hard,0.008,0.0,optimal,664.353017843032,627.174515235457,0.012645249982597306
v2e2_c4d42554da4b1f44862b,power_limit_derating,hard,0.008,1.0,optimal,664.2582915272426,626.1218836565096,0.021533291990635917
v2e2_c4d42554da4b1f44862b,power_limit_derating,hard,0.02,0.0,optimal,666.6932833985721,23.75,0.008071249991189688
v2e2_c4d42554da4b1f44862b,power_limit_derating,hard,0.02,1.0,optimal,666.6091228985722,24.700000000000003,0.009119166003074497
v2e2_c577765fa5c45c1fea7a,battery_capacity_derating,medium,0.0,0.0,optimal,301.11094628487143,1182.9605263157896,0.012098290986614302
v2e2_c577765fa5c45c1fea7a,battery_capacity_derating,medium,0.0,1.0,optimal,301.0774741083714,1183.9105263157896,0.016367750009521842
v2e2_c577765fa5c45c1fea7a,battery_capacity_derating,medium,0.008,0.0,optimal,305.4439139664503,381.9078947368421,0.016696375008905306
v2e2_c577765fa5c45c1fea7a,battery_capacity_derating,medium,0.008,1.0,optimal,305.41465080855556,380.85526315789474,0.019410833017900586
v2e2_c577765fa5c45c1fea7a,battery_capacity_derating,medium,0.02,0.0,optimal,308.1864171177661,131.57894736842104,0.01405675002024509
v2e2_c577765fa5c45c1fea7a,battery_capacity_derating,medium,0.02,1.0,optimal,308.1454007177661,130.52631578947336,0.02208066699677147
v2e2_c9b994f593c92dd9efa9,power_limit_derating,hard,0.0,0.0,optimal,325.7897966919405,1680.7462257617728,0.011808707989985123
v2e2_c9b994f593c92dd9efa9,power_limit_derating,hard,0.0,1.0,optimal,325.7090466919405,1681.696225761773,0.012038790999213234
v2e2_c9b994f593c92dd9efa9,power_limit_derating,hard,0.008,0.0,optimal,336.89982175308177,1059.1135734072022,0.009896957984892651
v2e2_c9b994f593c92dd9efa9,power_limit_derating,hard,0.008,1.0,optimal,336.82667175308177,1060.0635734072023,0.012017041997751221
v2e2_c9b994f593c92dd9efa9,power_limit_derating,hard,0.02,0.0,optimal,345.57229481554714,708.6530470914126,0.03180583400535397
v2e2_c9b994f593c92dd9efa9,power_limit_derating,hard,0.02,1.0,optimal,345.4970451208103,707.6004155124654,0.029795374983223155
v2e2_cd47662d04581b339960,power_limit_derating,medium,0.0,0.0,optimal,274.6533186979265,1225.121191135734,0.016156874975422397
v2e2_cd47662d04581b339960,power_limit_derating,medium,0.0,1.0,optimal,274.6461264558213,1224.0685595567868,0.01534650000394322
v2e2_cd47662d04581b339960,power_limit_derating,medium,0.008,0.0,optimal,280.97711235374373,381.90789473684214,0.013855958997737616
v2e2_cd47662d04581b339960,power_limit_derating,medium,0.008,1.0,optimal,280.9614990590069,380.8552631578948,0.015284041000995785
v2e2_cd47662d04581b339960,power_limit_derating,medium,0.02,0.0,optimal,285.5600070905858,381.90789473684214,0.014310499973362312
v2e2_cd47662d04581b339960,power_limit_derating,medium,0.02,1.0,optimal,285.5317622169016,380.85526315789474,0.015257916995324194
v2e2_d00d3a4d54f973fa24ac,forecast_revision,medium,0.0,0.0,optimal,574.5857243938389,1209.2763157894738,0.022736041981261224
v2e2_d00d3a4d54f973fa24ac,forecast_revision,medium,0.0,1.0,optimal,574.5310561938388,1208.2236842105262,0.01836137499776669
v2e2_d00d3a4d54f973fa24ac,forecast_revision,medium,0.008,0.0,optimal,579.9963797477862,358.1578947368421,0.01532758300891146
v2e2_d00d3a4d54f973fa24ac,forecast_revision,medium,0.008,1.0,optimal,579.9332904951547,357.10526315789474,0.017131125001469627
v2e2_d00d3a4d54f973fa24ac,forecast_revision,medium,0.02,0.0,optimal,582.0236691425231,157.89473684210526,0.012197625008411705
v2e2_d00d3a4d54f973fa24ac,forecast_revision,medium,0.02,1.0,optimal,581.9482982688389,156.8421052631579,0.012326041993219405
v2e2_d2a42e359dd264f920da,power_limit_derating,medium,0.0,0.0,optimal,457.6158543621537,1551.8317174515237,0.011082166980486363
v2e2_d2a42e359dd264f920da,power_limit_derating,medium,0.0,1.0,optimal,457.5531618006537,1552.7817174515235,0.011414083011914045
v2e2_d2a42e359dd264f920da,power_limit_derating,medium,0.008,0.0,optimal,466.1880520567867,358.15789473684214,0.014753541996469721
v2e2_d2a42e359dd264f920da,power_limit_derating,medium,0.008,1.0,optimal,466.13220506731307,357.10526315789474,0.011090416985098273
v2e2_d2a42e359dd264f920da,power_limit_derating,medium,0.02,0.0,optimal,470.48594679362884,358.1578947368421,0.01855474998592399
v2e2_d2a42e359dd264f920da,power_limit_derating,medium,0.02,1.0,optimal,470.41746822520776,357.10526315789474,0.01122679197578691
v2e2_d6701d548a93409fed9a,forecast_revision,hard,0.0,0.0,optimal,382.66991860566236,1009.047783933518,0.019854874990414828
v2e2_d6701d548a93409fed9a,forecast_revision,hard,0.0,1.0,optimal,382.61126863616227,1009.997783933518,0.01914954200037755
v2e2_d6701d548a93409fed9a,forecast_revision,hard,0.008,0.0,optimal,390.7423008771305,1009.047783933518,0.017645624990109354
v2e2_d6701d548a93409fed9a,forecast_revision,hard,0.008,1.0,optimal,390.69125090763043,1009.997783933518,0.017898207996040583
v2e2_d6701d548a93409fed9a,forecast_revision,hard,0.02,0.0,optimal,399.19870776539227,381.9078947368421,0.01781866600504145
v2e2_d6701d548a93409fed9a,forecast_revision,hard,0.02,1.0,optimal,399.1495976074976,380.85526315789474,0.018174125027144328
v2e2_d6ba00286f170447ebbf,forecast_revision,hard,0.0,0.0,optimal,383.9702928287166,1035.3635734072022,0.01750874999561347
v2e2_d6ba00286f170447ebbf,forecast_revision,hard,0.0,1.0,optimal,383.91164285921667,1036.3135734072023,0.01474520901683718
v2e2_d6ba00286f170447ebbf,forecast_revision,hard,0.008,0.0,optimal,392.2532014159742,1035.3635734072022,0.016941542009590194
v2e2_d6ba00286f170447ebbf,forecast_revision,hard,0.008,1.0,optimal,392.20215144647426,1036.3135734072023,0.014876917004585266
v2e2_d6ba00286f170447ebbf,forecast_revision,hard,0.02,0.0,optimal,400.6641021831835,358.1578947368421,0.018190958013292402
v2e2_d6ba00286f170447ebbf,forecast_revision,hard,0.02,1.0,optimal,400.6149920252887,357.10526315789474,0.01462800000444986
v2e2_e6c8a896df3972a400a6,reserve_commitment_update,medium,0.0,0.0,optimal,390.203289134538,1014.0197368421052,0.01081912498921156
v2e2_e6c8a896df3972a400a6,reserve_commitment_update,medium,0.0,1.0,optimal,390.144639165038,1014.9697368421052,0.010975291981594637
v2e2_e6c8a896df3972a400a6,reserve_commitment_update,medium,0.008,0.0,optimal,398.3154470292749,1014.0197368421052,0.010665624984540045
v2e2_e6c8a896df3972a400a6,reserve_commitment_update,medium,0.008,1.0,optimal,398.2643970597748,1014.9697368421052,0.010804040997754782
v2e2_e6c8a896df3972a400a6,reserve_commitment_update,medium,0.02,0.0,optimal,405.41345262072224,187.93421052631578,0.010526541998842731
v2e2_e6c8a896df3972a400a6,reserve_commitment_update,medium,0.02,1.0,optimal,405.36458535756424,186.88157894736844,0.014727249974384904
v2e2_e87de31d325befcf7b51,forecast_revision,hard,0.0,0.0,optimal,366.2389185699557,1797.3930921052631,0.015366707986686379
v2e2_e87de31d325befcf7b51,forecast_revision,hard,0.0,1.0,optimal,366.2010606899557,1798.3430921052632,0.020213707990478724
v2e2_e87de31d325befcf7b51,forecast_revision,hard,0.008,0.0,optimal,372.422375808278,476.9078947368421,0.013825750007526949
v2e2_e87de31d325befcf7b51,forecast_revision,hard,0.008,1.0,optimal,372.38248661880436,475.85526315789474,0.016707208997104317
v2e2_e87de31d325befcf7b51,forecast_revision,hard,0.02,0.0,optimal,377.3795848444622,26.315789473684212,0.015995416993973777
v2e2_e87de31d325befcf7b51,forecast_revision,hard,0.02,1.0,optimal,377.327129170778,25.263157894736842,0.011566291999770328
v2e2_e9230cb9c5afdd6582ec,power_limit_derating,hard,0.0,0.0,optimal,482.5626579096169,1512.2714681440443,0.01726266698096879
v2e2_e9230cb9c5afdd6582ec,power_limit_derating,hard,0.0,1.0,optimal,482.52086470961694,1511.2188365650968,0.018653916980838403
v2e2_e9230cb9c5afdd6582ec,power_limit_derating,hard,0.008,0.0,optimal,488.62905750238014,334.4078947368421,0.010057957988465205
v2e2_e9230cb9c5afdd6582ec,power_limit_derating,hard,0.008,1.0,optimal,488.5792303339591,333.35526315789474,0.010242416989058256
v2e2_e9230cb9c5afdd6582ec,power_limit_derating,hard,0.02,0.0,optimal,491.1370352865907,184.21052631578948,0.010008417011704296
v2e2_e9230cb9c5afdd6582ec,power_limit_derating,hard,0.02,1.0,optimal,491.0745765392223,183.1578947368421,0.010796125017805025
v2e2_ea69a5744fe4489919e6,export_limit_update,hard,0.0,0.0,optimal,319.04075009106003,1725.986842105263,0.018118333973689005
v2e2_ea69a5744fe4489919e6,export_limit_update,hard,0.0,1.0,optimal,318.98548427805997,1726.936842105263,0.014078125008381903
v2e2_ea69a5744fe4489919e6,export_limit_update,hard,0.008,0.0,optimal,326.397992460139,874.8684210526317,0.014134540979284793
v2e2_ea69a5744fe4489919e6,export_limit_update,hard,0.008,1.0,optimal,326.3503266471389,875.8184210526316,0.014384332986082882
v2e2_ea69a5744fe4489919e6,export_limit_update,hard,0.02,0.0,optimal,332.4343283085461,368.94044321329636,0.010738207987742499
v2e2_ea69a5744fe4489919e6,export_limit_update,hard,0.02,1.0,optimal,332.3793168664409,367.887811634349,0.010221292002825066
v2e2_eabe3c90461f173e872b,battery_capacity_derating,easy,0.0,0.0,optimal,288.7046105710581,1851.4013157894738,0.012087915994925424
v2e2_eabe3c90461f173e872b,battery_capacity_derating,easy,0.0,1.0,optimal,288.6592138425581,1852.351315789474,0.021899415994994342
v2e2_eabe3c90461f173e872b,battery_capacity_derating,easy,0.008,0.0,optimal,298.3049033859797,741.9901640547091,0.014248791994759813
v2e2_eabe3c90461f173e872b,battery_capacity_derating,easy,0.008,1.0,optimal,298.25396638597965,740.9375324757618,0.015305458015063778
v2e2_eabe3c90461f173e872b,battery_capacity_derating,easy,0.02,0.0,optimal,303.66547398440485,334.4078947368421,0.012532583001302555
v2e2_eabe3c90461f173e872b,battery_capacity_derating,easy,0.02,1.0,optimal,303.60190540545744,333.35526315789474,0.016433874989161268
v2e2_eeaa2f40bad66efc8c57,power_limit_derating,easy,0.0,0.0,optimal,312.950372916239,1535.9868421052631,0.01444704202003777
v2e2_eeaa2f40bad66efc8c57,power_limit_derating,easy,0.0,1.0,optimal,312.89089657023897,1536.9368421052632,0.0150557910092175
v2e2_eeaa2f40bad66efc8c57,power_limit_derating,easy,0.008,0.0,optimal,316.78808647676533,184.21052631578948,0.011265000008279458
v2e2_eeaa2f40bad66efc8c57,power_limit_derating,easy,0.008,1.0,optimal,316.7225488557127,183.1578947368421,0.018858958006603643
v2e2_eeaa2f40bad66efc8c57,power_limit_derating,easy,0.02,0.0,optimal,318.9986127925548,184.21052631578948,0.01122416599537246
v2e2_eeaa2f40bad66efc8c57,power_limit_derating,easy,0.02,1.0,optimal,318.9204435925548,183.1578947368421,0.022899125004187226
v2e2_eefa2a6aa00281c6d0de,battery_capacity_derating,easy,0.0,0.0,optimal,561.160398121533,823.6793628808864,0.014825874997768551
v2e2_eefa2a6aa00281c6d0de,battery_capacity_derating,easy,0.0,1.0,optimal,561.0837477895329,824.6293628808864,0.014213500020559877
v2e2_eefa2a6aa00281c6d0de,battery_capacity_derating,easy,0.008,0.0,optimal,567.7498330245801,823.6793628808864,0.014193625014740974
v2e2_eefa2a6aa00281c6d0de,battery_capacity_derating,easy,0.008,1.0,optimal,567.68078269258,824.6293628808864,0.013548166025429964
v2e2_eefa2a6aa00281c6d0de,battery_capacity_derating,easy,0.02,0.0,optimal,577.6339853791507,823.6793628808864,0.01636912501999177
v2e2_eefa2a6aa00281c6d0de,battery_capacity_derating,easy,0.02,1.0,optimal,577.5763350471507,824.6293628808864,0.014407874987227842
v2e2_f5ed58c9117bb14967a8,power_limit_derating,medium,0.0,0.0,optimal,358.9724565732609,1528.0817174515237,0.010524417011765763
v2e2_f5ed58c9117bb14967a8,power_limit_derating,medium,0.0,1.0,optimal,358.94949010476086,1529.0317174515235,0.010908458003541455
v2e2_f5ed58c9117bb14967a8,power_limit_derating,medium,0.008,0.0,optimal,365.4413684721182,334.4078947368421,0.01531883399002254
v2e2_f5ed58c9117bb14967a8,power_limit_derating,medium,0.008,1.0,optimal,365.4118947879077,333.35526315789474,0.01441283299936913
v2e2_f5ed58c9117bb14967a8,power_limit_derating,medium,0.02,0.0,optimal,368.8203882826445,184.21052631578945,0.013764458999503404
v2e2_f5ed58c9117bb14967a8,power_limit_derating,medium,0.02,1.0,optimal,368.77902876685505,183.1578947368421,0.010302666982170194
v2e2_f60d5d4b26a4ec302fa4,battery_capacity_derating,easy,0.0,0.0,optimal,220.9261617554482,1399.5263157894738,0.018189750000601634
v2e2_f60d5d4b26a4ec302fa4,battery_capacity_derating,easy,0.0,1.0,optimal,220.88836695544816,1400.4763157894738,0.010934249992715195
v2e2_f60d5d4b26a4ec302fa4,battery_capacity_derating,easy,0.008,0.0,optimal,227.65122386071133,358.1578947368421,0.011334749986417592
v2e2_f60d5d4b26a4ec302fa4,battery_capacity_derating,easy,0.008,1.0,optimal,227.61731513439554,357.10526315789474,0.014845500001683831
v2e2_f60d5d4b26a4ec302fa4,battery_capacity_derating,easy,0.02,0.0,optimal,231.26053757255346,157.89473684210526,0.013555999990785494
v2e2_f60d5d4b26a4ec302fa4,battery_capacity_derating,easy,0.02,1.0,optimal,231.21453493044814,156.8421052631579,0.01492237497586757
v2e2_ff7d4d179a2e6d483137,export_limit_update,easy,0.0,0.0,optimal,626.830269836846,1725.9868421052631,0.018253042013384402
v2e2_ff7d4d179a2e6d483137,export_limit_update,easy,0.0,1.0,optimal,626.7609064228461,1726.9368421052632,0.01599941702443175
v2e2_ff7d4d179a2e6d483137,export_limit_update,easy,0.008,0.0,optimal,633.7903034040899,500.6925207756233,0.017558416991960257
v2e2_ff7d4d179a2e6d483137,export_limit_update,easy,0.008,1.0,optimal,633.7126816966106,499.6398891966759,0.010416542005259544
v2e2_ff7d4d179a2e6d483137,export_limit_update,easy,0.02,0.0,optimal,634.2925493190829,23.75,0.012803124991478398
v2e2_ff7d4d179a2e6d483137,export_limit_update,easy,0.02,1.0,optimal,634.225713731583,24.700000000000003,0.008485750004183501
