scenario_id,event_family,difficulty,model_condition,block_id,branch,objective_order,status,physical_cost_usd,distance_kwh,throughput_kwh,curtailment_kwh,retained_fraction,runtime_seconds,cost_optimum_usd,stage1_seconds,stage2_seconds
v2e2_16c288d882ac6a326385,battery_capacity_derating,easy,deepseek_formal,e2bv2_a195292ce70a9bd164f5,C1,distance_throughput_cost_saved,global_distance_optimum_lp_integral,408.929348319955,131.57904736842104,131.57904736842104,0.0,0.9565217391304348,0.01915174999157898,,,
v2e2_16c288d882ac6a326385,battery_capacity_derating,easy,deepseek_formal,e2bv2_a195292ce70a9bd164f5,C1,minimum_intervention_distance_only,global_distance_optimum_lp_integral_distance_focus,408.929348319955,131.57904736842104,131.57904736842104,0.0,0.9565217391304348,0.019448833976639435,,,
v2e2_16c288d882ac6a326385,battery_capacity_derating,easy,deepseek_formal,e2bv2_a195292ce70a9bd164f5,C1,direct_cost_optimal,optimal,407.7153767965275,381.9078947368421,381.9078947368421,0.0,0.9239130434782609,0.019267250027041882,,,
v2e2_16c288d882ac6a326385,battery_capacity_derating,easy,deepseek_formal,e2bv2_a195292ce70a9bd164f5,C1,cost_then_distance,optimal,407.71537779652755,381.9076826654905,381.9076826654905,0.0,0.9239130434782609,0.0328091669944115,3.7888437796052625,0.018263042002217844,0.010840125003596768
v2e2_16c288d882ac6a326385,battery_capacity_derating,easy,qwen37_plus_direct,qwen37f1_cb0b4a938591b59e7598,C1,distance_throughput_cost_saved,feasible_mode_library_upper_bound,410.69534430369515,178.92115263157942,131.57894736842061,0.0,0.40217391304347827,0.015853165998123586,,,
v2e2_16c288d882ac6a326385,battery_capacity_derating,easy,qwen37_plus_direct,qwen37f1_cb0b4a938591b59e7598,C1,minimum_intervention_distance_only,feasible_mode_library_upper_bound_distance_focus,410.69534430369515,178.92115263157942,131.57894736842061,0.0,0.40217391304347827,0.01584750000620261,,,
v2e2_16c288d882ac6a326385,battery_capacity_derating,easy,qwen37_plus_direct,qwen37f1_cb0b4a938591b59e7598,C1,direct_cost_optimal,optimal,407.7153767965275,658.6578947368421,381.9078947368421,0.0,0.0,0.019267250027041882,,,
v2e2_16c288d882ac6a326385,battery_capacity_derating,easy,qwen37_plus_direct,qwen37f1_cb0b4a938591b59e7598,C1,cost_then_distance,optimal,407.7153777965275,639.0850505894167,381.90789473684197,0.0,0.03260869565217391,0.044320582994259894,3.7888437796052625,0.018304500001249835,0.023989500012248755
v2e2_16c288d882ac6a326385,battery_capacity_derating,easy,qwen_flash,e2bv2_b24c0acf9fe87fa8ba9d,C1,distance_throughput_cost_saved,global_distance_optimum_lp_integral,408.929348319955,3581.578952493257,131.57904736842104,0.0,0.0,0.015091292007127777,,,
v2e2_16c288d882ac6a326385,battery_capacity_derating,easy,qwen_flash,e2bv2_b24c0acf9fe87fa8ba9d,C1,minimum_intervention_distance_only,global_distance_optimum_lp_integral_distance_focus,408.929348319955,3581.578952493257,131.57904736842104,0.0,0.0,0.015884124994045123,,,
v2e2_16c288d882ac6a326385,battery_capacity_derating,easy,qwen_flash,e2bv2_b24c0acf9fe87fa8ba9d,C1,direct_cost_optimal,optimal,407.7153767965275,3681.907894736842,381.9078947368421,0.0,0.0,0.019267250027041882,,,
v2e2_16c288d882ac6a326385,battery_capacity_derating,easy,qwen_flash,e2bv2_b24c0acf9fe87fa8ba9d,C1,cost_then_distance,optimal,407.71537779652755,3594.4078838685336,381.90768266549054,0.0,0.03260869565217391,0.03193754199310206,3.7888437796052625,0.017884957982460037,0.012159000005340204
v2e2_20534de655a33fde87ca,export_limit_update,easy,deepseek_formal,e2bv2_1a5a7a43da5111b0cfaa,C1,distance_throughput_cost_saved,global_distance_optimum_lp_integral,299.270759815251,184.21062631578948,184.21062631578948,0.0,0.9565217391304348,0.019391832989640534,,,
v2e2_20534de655a33fde87ca,export_limit_update,easy,deepseek_formal,e2bv2_1a5a7a43da5111b0cfaa,C1,minimum_intervention_distance_only,global_distance_optimum_lp_integral_distance_focus,299.270759815251,184.21062631578948,184.21062631578948,0.0,0.9565217391304348,0.017903625004692003,,,
v2e2_20534de655a33fde87ca,export_limit_update,easy,deepseek_formal,e2bv2_1a5a7a43da5111b0cfaa,C1,direct_cost_optimal,optimal,292.85031449875174,684.8684210526316,684.8684210526316,0.0,0.8586956521739131,0.010613709018798545,,,
v2e2_20534de655a33fde87ca,export_limit_update,easy,deepseek_formal,e2bv2_1a5a7a43da5111b0cfaa,C1,cost_then_distance,optimal,292.8503154987518,684.868315648207,684.868315648207,0.0,0.8586956521739131,0.02921999999671243,0.7258489302631581,0.01120679100858979,0.015922416001558304
v2e2_20534de655a33fde87ca,export_limit_update,easy,qwen37_plus_direct,qwen37f1_d559ea0106d370f9fb5f,C1,distance_throughput_cost_saved,feasible_mode_library_upper_bound,301.0329073916983,252.78957368421007,184.21062631578994,0.0,0.40217391304347827,0.015780916990479454,,,
v2e2_20534de655a33fde87ca,export_limit_update,easy,qwen37_plus_direct,qwen37f1_d559ea0106d370f9fb5f,C1,minimum_intervention_distance_only,feasible_mode_library_upper_bound_distance_focus,301.0329073916983,252.78957368421007,184.21062631578994,0.0,0.40217391304347827,0.01576549999299459,,,
v2e2_20534de655a33fde87ca,export_limit_update,easy,qwen37_plus_direct,qwen37f1_d559ea0106d370f9fb5f,C1,direct_cost_optimal,optimal,292.85031449875174,1045.8684210526317,684.8684210526316,0.0,0.0,0.010613709018798545,,,
v2e2_20534de655a33fde87ca,export_limit_update,easy,qwen37_plus_direct,qwen37f1_d559ea0106d370f9fb5f,C1,cost_then_distance,optimal,292.85031549875174,1045.866162671213,684.8684210526316,0.0,0.0,0.04135233399574645,0.7258489302631581,0.011229458003072068,0.028146291995653883
v2e2_20534de655a33fde87ca,export_limit_update,easy,qwen_flash,e2bv2_385ceed2777d1604128f,C1,distance_throughput_cost_saved,global_distance_optimum_lp_integral,299.270759815251,3634.2105314406253,184.21062631578948,0.0,0.0,0.01589283300563693,,,
v2e2_20534de655a33fde87ca,export_limit_update,easy,qwen_flash,e2bv2_385ceed2777d1604128f,C1,minimum_intervention_distance_only,global_distance_optimum_lp_integral_distance_focus,299.270759815251,3634.2105314406253,184.21062631578948,0.0,0.0,0.016990792006254196,,,
v2e2_20534de655a33fde87ca,export_limit_update,easy,qwen_flash,e2bv2_385ceed2777d1604128f,C1,direct_cost_optimal,optimal,292.85031449875174,3817.3684210526317,684.8684210526316,0.0,0.0,0.010613709018798545,,,
v2e2_20534de655a33fde87ca,export_limit_update,easy,qwen_flash,e2bv2_385ceed2777d1604128f,C1,cost_then_distance,optimal,292.85031549875174,3692.3682880269416,684.8684210526316,0.0,0.043478260869565216,0.03859608300263062,0.7258489302631581,0.010738291020970792,0.02591804097755812
v2e2_12b72852882928644d40,forecast_revision,easy,deepseek_formal,e2bv2_07ea54043eaf99939dcb,C1,distance_throughput_cost_saved,global_distance_optimum_lp_integral,239.97742193624376,26.315889473684212,26.315889473684212,0.0,0.9767441860465116,0.01853958299034275,,,
v2e2_12b72852882928644d40,forecast_revision,easy,deepseek_formal,e2bv2_07ea54043eaf99939dcb,C1,minimum_intervention_distance_only,global_distance_optimum_lp_integral_distance_focus,239.97742193624376,26.315889473684212,26.315889473684212,0.0,0.9767441860465116,0.018604875018354505,,,
v2e2_12b72852882928644d40,forecast_revision,easy,deepseek_formal,e2bv2_07ea54043eaf99939dcb,C1,direct_cost_optimal,optimal,237.39791990876975,476.9078947368421,476.9078947368421,0.0,0.8953488372093024,0.015021291008451954,,,
v2e2_12b72852882928644d40,forecast_revision,easy,deepseek_formal,e2bv2_07ea54043eaf99939dcb,C1,cost_then_distance,optimal,237.39792090876975,476.90771186493396,476.90771186493396,0.0,0.8953488372093024,0.027248333004536107,-1.6613447085526305,0.015175208012806252,0.010215417016297579
v2e2_12b72852882928644d40,forecast_revision,easy,qwen37_plus_direct,qwen37f1_f89f6500a768ca00cca8,C1,distance_throughput_cost_saved,feasible_mode_library_upper_bound,241.09575356810984,487.4828302631579,488.7965684547912,0.0,0.4883720930232558,0.01352704199962318,,,
v2e2_12b72852882928644d40,forecast_revision,easy,qwen37_plus_direct,qwen37f1_f89f6500a768ca00cca8,C1,minimum_intervention_distance_only,feasible_mode_library_upper_bound_distance_focus,241.09575356810984,487.4828302631579,488.7965684547912,0.0,0.4883720930232558,0.015050999994855374,,,
v2e2_12b72852882928644d40,forecast_revision,easy,qwen37_plus_direct,qwen37f1_f89f6500a768ca00cca8,C1,direct_cost_optimal,optimal,237.39791990876975,951.9078947368421,476.9078947368421,0.0,0.0,0.015021291008451954,,,
v2e2_12b72852882928644d40,forecast_revision,easy,qwen37_plus_direct,qwen37f1_f89f6500a768ca00cca8,C1,cost_then_distance,optimal,237.39792090876978,938.087753842441,476.90789473684214,0.0,0.023255813953488372,0.05288550001569092,-1.6613447085526305,0.015332624985603616,0.03578008298063651
v2e2_12b72852882928644d40,forecast_revision,easy,qwen_flash,e2bv2_cd8a18111aa5daa36f7f,C1,distance_throughput_cost_saved,global_distance_optimum_lp_integral,239.97742193624376,5401.31579459852,26.315889473684212,0.0,0.0,0.020692499994765967,,,
v2e2_12b72852882928644d40,forecast_revision,easy,qwen_flash,e2bv2_cd8a18111aa5daa36f7f,C1,minimum_intervention_distance_only,global_distance_optimum_lp_integral_distance_focus,239.97742193624376,5401.31579459852,26.315889473684212,0.0,0.0,0.02087833298719488,,,
v2e2_12b72852882928644d40,forecast_revision,easy,qwen_flash,e2bv2_cd8a18111aa5daa36f7f,C1,direct_cost_optimal,optimal,237.39791990876975,5424.4078947368425,476.9078947368421,0.0,0.03488372093023256,0.015021291008451954,,,
v2e2_12b72852882928644d40,forecast_revision,easy,qwen_flash,e2bv2_cd8a18111aa5daa36f7f,C1,cost_then_distance,optimal,237.39792090876975,5424.407885364957,476.90771186493396,0.0,0.03488372093023256,0.027498917013872415,-1.6613447085526305,0.0148369160015136,0.010794333007652313
v2e2_68ad1227a66cd68252f6,power_limit_derating,easy,deepseek_formal,e2bv2_8e5894fd943a5544d909,C1,distance_throughput_cost_saved,global_distance_optimum_lp_integral,489.48749045991536,157.89473684210526,157.89473684210526,0.0,0.967391304347826,0.01943450001999736,,,
v2e2_68ad1227a66cd68252f6,power_limit_derating,easy,deepseek_formal,e2bv2_8e5894fd943a5544d909,C1,minimum_intervention_distance_only,global_distance_optimum_lp_integral_distance_focus,489.48749045991536,157.89473684210526,157.89473684210526,0.0,0.967391304347826,0.01960320901707746,,,
v2e2_68ad1227a66cd68252f6,power_limit_derating,easy,deepseek_formal,e2bv2_8e5894fd943a5544d909,C1,direct_cost_optimal,optimal,489.48749045991536,157.89473684210526,157.89473684210526,0.0,0.967391304347826,0.01077537500532344,,,
v2e2_68ad1227a66cd68252f6,power_limit_derating,easy,deepseek_formal,e2bv2_8e5894fd943a5544d909,C1,cost_then_distance,optimal,489.48749045991536,157.89473684210526,157.89473684210526,0.0,0.967391304347826,0.022410750010749325,10.852105263157895,0.010805583006003872,0.009538415994029492
v2e2_68ad1227a66cd68252f6,power_limit_derating,easy,qwen37_plus_direct,qwen37f1_1b7a51c9d887d40ffd14,C1,distance_throughput_cost_saved,feasible_mode_library_upper_bound,490.6379411691154,241.1553631578946,157.89473684210517,0.0,0.3804347826086957,0.01556404199800454,,,
v2e2_68ad1227a66cd68252f6,power_limit_derating,easy,qwen37_plus_direct,qwen37f1_1b7a51c9d887d40ffd14,C1,minimum_intervention_distance_only,feasible_mode_library_upper_bound_distance_focus,490.6379411691154,241.1553631578946,157.89473684210517,0.0,0.3804347826086957,0.01622499999939464,,,
v2e2_68ad1227a66cd68252f6,power_limit_derating,easy,qwen37_plus_direct,qwen37f1_1b7a51c9d887d40ffd14,C1,direct_cost_optimal,optimal,489.48749045991536,530.9197368421051,157.89473684210526,0.0,0.0,0.01077537500532344,,,
v2e2_68ad1227a66cd68252f6,power_limit_derating,easy,qwen37_plus_direct,qwen37f1_1b7a51c9d887d40ffd14,C1,cost_then_distance,optimal,489.48749145991525,522.2337911328317,157.89473684210526,0.0,0.010869565217391304,0.04456791700795293,10.852105263157895,0.01097462500911206,0.031787000014446676
v2e2_68ad1227a66cd68252f6,power_limit_derating,easy,qwen_flash,e2bv2_824b8d60fb00d509e601,C1,distance_throughput_cost_saved,global_distance_optimum_lp_integral,489.48749045991536,3607.894736842105,157.89473684210526,0.0,0.0,0.015290417009964585,,,
v2e2_68ad1227a66cd68252f6,power_limit_derating,easy,qwen_flash,e2bv2_824b8d60fb00d509e601,C1,minimum_intervention_distance_only,global_distance_optimum_lp_integral_distance_focus,489.48749045991536,3607.894736842105,157.89473684210526,0.0,0.0,0.015300375001970679,,,
v2e2_68ad1227a66cd68252f6,power_limit_derating,easy,qwen_flash,e2bv2_824b8d60fb00d509e601,C1,direct_cost_optimal,optimal,489.48749045991536,3607.894736842105,157.89473684210526,0.0,0.0,0.01077537500532344,,,
v2e2_68ad1227a66cd68252f6,power_limit_derating,easy,qwen_flash,e2bv2_824b8d60fb00d509e601,C1,cost_then_distance,optimal,489.48749045991536,3607.894736842105,157.89473684210526,0.0,0.0,0.02190758299548179,10.852105263157895,0.010523667006054893,0.009567833971232176
v2e2_4bc783ae8ece976241af,reserve_commitment_update,easy,deepseek_formal,e2bv2_7840ed7e07a5f5efde94,C1,distance_throughput_cost_saved,feasible_mode_library_upper_bound,270.18164150795224,23.7501,23.7501,0.0,0.9772727272727273,0.021987709013046697,,,
v2e2_4bc783ae8ece976241af,reserve_commitment_update,easy,deepseek_formal,e2bv2_7840ed7e07a5f5efde94,C1,minimum_intervention_distance_only,feasible_mode_library_upper_bound_distance_focus,270.18164150795224,23.7501,23.7501,0.0,0.9772727272727273,0.0218992080190219,,,
v2e2_4bc783ae8ece976241af,reserve_commitment_update,easy,deepseek_formal,e2bv2_7840ed7e07a5f5efde94,C1,direct_cost_optimal,optimal,265.50670848974346,456.3184210526316,456.3184210526316,0.0,0.9090909090909091,0.012362125009531155,,,
v2e2_4bc783ae8ece976241af,reserve_commitment_update,easy,deepseek_formal,e2bv2_7840ed7e07a5f5efde94,C1,cost_then_distance,optimal,265.5067094897435,456.31832852332275,456.31832852332275,0.0,0.9090909090909091,0.024150832992745563,-5.668660223947369,0.012482833000831306,0.009776207996765152
v2e2_4bc783ae8ece976241af,reserve_commitment_update,easy,qwen37_plus_direct,qwen37f1_d133068b1e8df25bb6a2,C1,distance_throughput_cost_saved,global_distance_optimum_lp_integral,270.18164150795224,526.2500051248358,23.750100000000035,0.0,0.03409090909090909,0.01580233301501721,,,
v2e2_4bc783ae8ece976241af,reserve_commitment_update,easy,qwen37_plus_direct,qwen37f1_d133068b1e8df25bb6a2,C1,minimum_intervention_distance_only,global_distance_optimum_lp_integral_distance_focus,270.18164150795224,526.2500051248358,23.750100000000035,0.0,0.03409090909090909,0.014106417016591877,,,
v2e2_4bc783ae8ece976241af,reserve_commitment_update,easy,qwen37_plus_direct,qwen37f1_d133068b1e8df25bb6a2,C1,direct_cost_optimal,optimal,265.50670848974346,956.3184210526316,456.3184210526316,0.0,0.0,0.012362125009531155,,,
v2e2_4bc783ae8ece976241af,reserve_commitment_update,easy,qwen37_plus_direct,qwen37f1_d133068b1e8df25bb6a2,C1,cost_then_distance,optimal,265.5067094897435,956.317818985736,456.3184210526316,0.0,0.0,0.0253043330158107,-5.668660223947369,0.012679790990659967,0.01055649999761954
v2e2_4bc783ae8ece976241af,reserve_commitment_update,easy,qwen_flash,e2bv2_fcedc993c5aeb0f830da,C1,distance_throughput_cost_saved,global_distance_optimum_lp_integral,270.18164150795224,5476.250005124835,23.7501,0.0,0.0,0.020910416991682723,,,
v2e2_4bc783ae8ece976241af,reserve_commitment_update,easy,qwen_flash,e2bv2_fcedc993c5aeb0f830da,C1,minimum_intervention_distance_only,global_distance_optimum_lp_integral_distance_focus,270.18164150795224,5476.250005124835,23.7501,0.0,0.0,0.019781834009336308,,,
v2e2_4bc783ae8ece976241af,reserve_commitment_update,easy,qwen_flash,e2bv2_fcedc993c5aeb0f830da,C1,direct_cost_optimal,optimal,265.50670848974346,5498.418421052631,456.3184210526316,0.0,0.03409090909090909,0.012362125009531155,,,
v2e2_4bc783ae8ece976241af,reserve_commitment_update,easy,qwen_flash,e2bv2_fcedc993c5aeb0f830da,C1,cost_then_distance,optimal,265.5067094897435,5498.4184163106565,456.31832852332275,0.0,0.03409090909090909,0.02403224998852238,-5.668660223947369,0.012354582984698936,0.009797874983632937
v2e2_1fd8536d13787e44dc17,battery_capacity_derating,easy,deepseek_formal,e2bv2_90a214c9f95f65c0e06e,C1,distance_throughput_cost_saved,feasible_mode_library_upper_bound,285.2203958101474,23.7501,23.7501,0.0,0.9777777777777777,0.022685625008307397,,,
v2e2_1fd8536d13787e44dc17,battery_capacity_derating,easy,deepseek_formal,e2bv2_90a214c9f95f65c0e06e,C1,minimum_intervention_distance_only,feasible_mode_library_upper_bound_distance_focus,285.2203958101474,23.7501,23.7501,0.0,0.9777777777777777,0.02273704099934548,,,
v2e2_1fd8536d13787e44dc17,battery_capacity_derating,easy,deepseek_formal,e2bv2_90a214c9f95f65c0e06e,C1,direct_cost_optimal,optimal,276.1876018921238,524.4078947368421,524.4078947368421,0.0,0.8888888888888888,0.014283458003774285,,,
v2e2_1fd8536d13787e44dc17,battery_capacity_derating,easy,deepseek_formal,e2bv2_90a214c9f95f65c0e06e,C1,cost_then_distance,optimal,276.18760289212383,524.4078123006724,524.4078123006724,0.0,0.8888888888888888,0.026042290992336348,-10.036109753289473,0.014401125023141503,0.00986766698770225
v2e2_1fd8536d13787e44dc17,battery_capacity_derating,easy,qwen37_plus_direct,qwen37f1_69544ce973d15392cd7a,C1,distance_throughput_cost_saved,global_distance_optimum_lp_integral,285.2203958101474,538.7500051248358,23.7501,0.0,0.03333333333333333,0.015412124979775399,,,
v2e2_1fd8536d13787e44dc17,battery_capacity_derating,easy,qwen37_plus_direct,qwen37f1_69544ce973d15392cd7a,C1,minimum_intervention_distance_only,global_distance_optimum_lp_integral_distance_focus,285.2203958101474,538.7500051248358,23.7501,0.0,0.03333333333333333,0.015774833009345457,,,
v2e2_1fd8536d13787e44dc17,battery_capacity_derating,easy,qwen37_plus_direct,qwen37f1_69544ce973d15392cd7a,C1,direct_cost_optimal,optimal,276.1876018921238,1024.407894736842,524.4078947368421,0.0,0.0,0.014283458003774285,,,
v2e2_1fd8536d13787e44dc17,battery_capacity_derating,easy,qwen37_plus_direct,qwen37f1_69544ce973d15392cd7a,C1,cost_then_distance,optimal,276.1876028921237,1014.3994931405352,524.4078947368421,0.0,0.011111111111111112,0.02950233398587443,-10.036109753289473,0.014223207981558517,0.013182416005292907
v2e2_1fd8536d13787e44dc17,battery_capacity_derating,easy,qwen_flash,e2bv2_ccd2f73e977e0f60938a,C1,distance_throughput_cost_saved,global_distance_optimum_lp_integral,285.2203958101474,5601.250005124835,23.7501,0.0,0.0,0.021947708999505267,,,
v2e2_1fd8536d13787e44dc17,battery_capacity_derating,easy,qwen_flash,e2bv2_ccd2f73e977e0f60938a,C1,minimum_intervention_distance_only,global_distance_optimum_lp_integral_distance_focus,285.2203958101474,5601.250005124835,23.7501,0.0,0.0,0.021820415975525975,,,
v2e2_1fd8536d13787e44dc17,battery_capacity_derating,easy,qwen_flash,e2bv2_ccd2f73e977e0f60938a,C1,direct_cost_optimal,optimal,276.1876018921238,5626.907894736842,524.4078947368421,0.0,0.044444444444444446,0.014283458003774285,,,
v2e2_1fd8536d13787e44dc17,battery_capacity_derating,easy,qwen_flash,e2bv2_ccd2f73e977e0f60938a,C1,cost_then_distance,optimal,276.18760289212383,5626.907890512124,524.4078123006724,0.0,0.044444444444444446,0.025884374976158142,-10.036109753289473,0.014117042010184377,0.009828374983044341
v2e2_394e89f7d166924e9409,export_limit_update,easy,deepseek_formal,e2bv2_6de44f7f22478000b190,C1,distance_throughput_cost_saved,global_distance_optimum_lp_integral,681.4630366131712,157.89483684210526,157.89483684210526,0.0,0.9560439560439561,0.018550000007962808,,,
v2e2_394e89f7d166924e9409,export_limit_update,easy,deepseek_formal,e2bv2_6de44f7f22478000b190,C1,minimum_intervention_distance_only,global_distance_optimum_lp_integral_distance_focus,681.4630366131712,157.89483684210526,157.89483684210526,0.0,0.9560439560439561,0.01958179200300947,,,
v2e2_394e89f7d166924e9409,export_limit_update,easy,deepseek_formal,e2bv2_6de44f7f22478000b190,C1,direct_cost_optimal,optimal,677.9822207198366,358.1578947368421,358.1578947368421,0.0,0.9230769230769231,0.01372849999461323,,,
v2e2_394e89f7d166924e9409,export_limit_update,easy,deepseek_formal,e2bv2_6de44f7f22478000b190,C1,cost_then_distance,optimal,677.9822217198366,358.1578365581665,358.1578365581665,0.0,0.9230769230769231,0.035534708003979176,6.16588605,0.013709708000533283,0.019871917000273243
v2e2_394e89f7d166924e9409,export_limit_update,easy,qwen37_plus_direct,qwen37f1_a308bdf50eab9a3e3f68,C1,distance_throughput_cost_saved,global_distance_optimum_lp_integral,683.3644102087163,83.2748368421056,157.8947368421056,0.0,0.967032967032967,0.018280667020007968,,,
v2e2_394e89f7d166924e9409,export_limit_update,easy,qwen37_plus_direct,qwen37f1_a308bdf50eab9a3e3f68,C1,minimum_intervention_distance_only,global_distance_optimum_lp_integral_distance_focus,683.3644102087163,83.2748368421056,157.8947368421056,0.0,0.967032967032967,0.018030499981250614,,,
v2e2_394e89f7d166924e9409,export_limit_update,easy,qwen37_plus_direct,qwen37f1_a308bdf50eab9a3e3f68,C1,direct_cost_optimal,optimal,677.9822207198366,424.57789473684204,358.1578947368421,0.0,0.0,0.01372849999461323,,,
v2e2_394e89f7d166924e9409,export_limit_update,easy,qwen37_plus_direct,qwen37f1_a308bdf50eab9a3e3f68,C1,cost_then_distance,optimal,677.9822217198366,419.64924309511474,358.1578947368421,0.0,0.03296703296703297,0.04380354200839065,6.16588605,0.014310750004369766,0.027619166008662432
v2e2_394e89f7d166924e9409,export_limit_update,easy,qwen_flash,e2bv2_857ed212cb3ade75decf,C1,distance_throughput_cost_saved,global_distance_optimum_lp_integral,681.4630366131712,5845.394741966941,157.89483684210526,0.0,0.0,0.022526916000060737,,,
v2e2_394e89f7d166924e9409,export_limit_update,easy,qwen_flash,e2bv2_857ed212cb3ade75decf,C1,minimum_intervention_distance_only,global_distance_optimum_lp_integral_distance_focus,681.4630366131712,5845.394741966941,157.89483684210526,0.0,0.0,0.021851625002454966,,,
v2e2_394e89f7d166924e9409,export_limit_update,easy,qwen_flash,e2bv2_857ed212cb3ade75decf,C1,direct_cost_optimal,optimal,677.9822207198366,5855.657894736842,358.1578947368421,0.0,0.01098901098901099,0.01372849999461323,,,
v2e2_394e89f7d166924e9409,export_limit_update,easy,qwen_flash,e2bv2_857ed212cb3ade75decf,C1,cost_then_distance,optimal,677.9822217198366,5855.657891755281,358.1578365581665,0.0,0.01098901098901099,0.02301866697962396,6.16588605,0.013804624992189929,0.007288958004210144
v2e2_b7e962716394d888d563,forecast_revision,easy,deepseek_formal,e2bv2_d59d4b99214e88058150,C1,distance_throughput_cost_saved,global_distance_optimum_lp_integral,505.9621301297628,184.21062631578948,184.21062631578948,0.0,0.9560439560439561,0.01917949999915436,,,
v2e2_b7e962716394d888d563,forecast_revision,easy,deepseek_formal,e2bv2_d59d4b99214e88058150,C1,minimum_intervention_distance_only,global_distance_optimum_lp_integral_distance_focus,505.9621301297628,184.21062631578948,184.21062631578948,0.0,0.9560439560439561,0.019325750006828457,,,
v2e2_b7e962716394d888d563,forecast_revision,easy,deepseek_formal,e2bv2_d59d4b99214e88058150,C1,direct_cost_optimal,optimal,501.8946047446617,334.4078947368421,334.4078947368421,0.0,0.9230769230769231,0.015152000007219613,,,
v2e2_b7e962716394d888d563,forecast_revision,easy,deepseek_formal,e2bv2_d59d4b99214e88058150,C1,cost_then_distance,optimal,501.8946047446617,334.4078947368421,334.4078947368421,0.0,0.9230769230769231,0.041046124999411404,5.6738671684210535,0.015075833012815565,0.024113457999192178
v2e2_b7e962716394d888d563,forecast_revision,easy,qwen37_plus_direct,qwen37f1_3c5aa7c5edca9c9b3591,C1,distance_throughput_cost_saved,feasible_mode_library_upper_bound,501.92996782084447,5490.78135,428.2792987179448,0.0,0.04395604395604396,0.01434424999752082,,,
v2e2_b7e962716394d888d563,forecast_revision,easy,qwen37_plus_direct,qwen37f1_3c5aa7c5edca9c9b3591,C1,minimum_intervention_distance_only,feasible_mode_library_upper_bound_distance_focus,501.92996782084447,5490.78135,428.2792987179448,0.0,0.04395604395604396,0.014077500003622845,,,
v2e2_b7e962716394d888d563,forecast_revision,easy,qwen37_plus_direct,qwen37f1_3c5aa7c5edca9c9b3591,C1,direct_cost_optimal,optimal,501.8946047446617,5495.592105263158,334.4078947368421,0.0,0.04395604395604396,0.015152000007219613,,,
v2e2_b7e962716394d888d563,forecast_revision,easy,qwen37_plus_direct,qwen37f1_3c5aa7c5edca9c9b3591,C1,cost_then_distance,optimal,501.89460574466165,5495.591969224221,334.4105492401921,0.0,0.04395604395604396,0.028583915991475806,5.6738671684210535,0.01568029201007448,0.010772457986604422
v2e2_b7e962716394d888d563,forecast_revision,easy,qwen_flash,e2bv2_ba453444ee63f6532431,C1,distance_throughput_cost_saved,global_distance_optimum_lp_integral,505.9621301297628,5871.710531440625,184.21062631578948,0.0,0.0,0.02275062500848435,,,
v2e2_b7e962716394d888d563,forecast_revision,easy,qwen_flash,e2bv2_ba453444ee63f6532431,C1,minimum_intervention_distance_only,global_distance_optimum_lp_integral_distance_focus,505.9621301297628,5871.710531440625,184.21062631578948,0.0,0.0,0.023082791012711823,,,
v2e2_b7e962716394d888d563,forecast_revision,easy,qwen_flash,e2bv2_ba453444ee63f6532431,C1,direct_cost_optimal,optimal,501.8946047446617,5879.407894736842,334.4078947368421,0.0,0.01098901098901099,0.015152000007219613,,,
v2e2_b7e962716394d888d563,forecast_revision,easy,qwen_flash,e2bv2_ba453444ee63f6532431,C1,cost_then_distance,optimal,501.8946057446617,5879.407892839145,334.4078577074024,0.0,0.01098901098901099,0.02928858299856074,5.6738671684210535,0.015362416976131499,0.012039374996675178
v2e2_eeaa2f40bad66efc8c57,power_limit_derating,easy,deepseek_formal,e2bv2_b9a034cfca44742fe81f,C1,distance_throughput_cost_saved,global_distance_optimum_lp_integral,316.78808647676533,184.21052631578948,184.21052631578948,0.0,0.9560439560439561,0.017840333021013066,,,
v2e2_eeaa2f40bad66efc8c57,power_limit_derating,easy,deepseek_formal,e2bv2_b9a034cfca44742fe81f,C1,minimum_intervention_distance_only,global_distance_optimum_lp_integral_distance_focus,316.78808647676533,184.21052631578948,184.21052631578948,0.0,0.9560439560439561,0.018804167018970475,,,
v2e2_eeaa2f40bad66efc8c57,power_limit_derating,easy,deepseek_formal,e2bv2_b9a034cfca44742fe81f,C1,direct_cost_optimal,optimal,316.78808647676533,184.21052631578948,184.21052631578948,0.0,0.9560439560439561,0.011618999997153878,,,
v2e2_eeaa2f40bad66efc8c57,power_limit_derating,easy,deepseek_formal,e2bv2_b9a034cfca44742fe81f,C1,cost_then_distance,optimal,316.78808647676533,184.21052631578948,184.21052631578948,0.0,0.9560439560439561,0.02293020801153034,11.469083684210528,0.01117216600687243,0.009877500007860363
v2e2_eeaa2f40bad66efc8c57,power_limit_derating,easy,qwen37_plus_direct,qwen37f1_c4ab0367a5476cc4717d,C1,distance_throughput_cost_saved,global_distance_optimum_lp_integral,317.8787471473023,79.56062631578938,184.21052631578982,0.0,0.967032967032967,0.017805499985115603,,,
v2e2_eeaa2f40bad66efc8c57,power_limit_derating,easy,qwen37_plus_direct,qwen37f1_c4ab0367a5476cc4717d,C1,minimum_intervention_distance_only,global_distance_optimum_lp_integral_distance_focus,317.8787471473023,79.56062631578938,184.21052631578982,0.0,0.967032967032967,0.01791329201660119,,,
v2e2_eeaa2f40bad66efc8c57,power_limit_derating,easy,qwen37_plus_direct,qwen37f1_c4ab0367a5476cc4717d,C1,direct_cost_optimal,optimal,316.78808647676533,279.66052631578947,184.21052631578948,0.0,0.0,0.011618999997153878,,,
v2e2_eeaa2f40bad66efc8c57,power_limit_derating,easy,qwen37_plus_direct,qwen37f1_c4ab0367a5476cc4717d,C1,cost_then_distance,optimal,316.7880874767653,279.6477655169621,184.21052631578948,0.0,0.0,0.037951250007608905,11.469083684210528,0.011283041996648535,0.024729333992581815
v2e2_eeaa2f40bad66efc8c57,power_limit_derating,easy,qwen_flash,e2bv2_97f971894961663ca81d,C1,distance_throughput_cost_saved,global_distance_optimum_lp_integral,316.78808647676533,5416.71052631579,184.21052631578948,0.0,0.0,0.02143583301221952,,,
v2e2_eeaa2f40bad66efc8c57,power_limit_derating,easy,qwen_flash,e2bv2_97f971894961663ca81d,C1,minimum_intervention_distance_only,global_distance_optimum_lp_integral_distance_focus,316.78808647676533,5416.71052631579,184.21052631578948,0.0,0.0,0.02131837498745881,,,
v2e2_eeaa2f40bad66efc8c57,power_limit_derating,easy,qwen_flash,e2bv2_97f971894961663ca81d,C1,direct_cost_optimal,optimal,316.78808647676533,5416.71052631579,184.21052631578948,0.0,0.0,0.011618999997153878,,,
v2e2_eeaa2f40bad66efc8c57,power_limit_derating,easy,qwen_flash,e2bv2_97f971894961663ca81d,C1,cost_then_distance,optimal,316.78808647676533,5416.71052631579,184.21052631578948,0.0,0.0,0.022396374988602474,11.469083684210528,0.011371333996066824,0.009256708028260618
v2e2_6044c2cf8efb739eb457,reserve_commitment_update,easy,deepseek_formal,e2bv2_efd03696157b9e4346bf,C1,distance_throughput_cost_saved,feasible_mode_library_upper_bound,707.4051783332858,23.7501,23.7501,0.0,0.978021978021978,0.02202608299558051,,,
v2e2_6044c2cf8efb739eb457,reserve_commitment_update,easy,deepseek_formal,e2bv2_efd03696157b9e4346bf,C1,minimum_intervention_distance_only,feasible_mode_library_upper_bound_distance_focus,707.4051783332858,23.7501,23.7501,0.0,0.978021978021978,0.022826708009233698,,,
v2e2_6044c2cf8efb739eb457,reserve_commitment_update,easy,deepseek_formal,e2bv2_efd03696157b9e4346bf,C1,direct_cost_optimal,optimal,705.0416963291825,756.7131578947369,756.7131578947369,0.0,0.8571428571428571,0.014700958010507748,,,
v2e2_6044c2cf8efb739eb457,reserve_commitment_update,easy,deepseek_formal,e2bv2_efd03696157b9e4346bf,C1,cost_then_distance,optimal,705.0416973291825,756.7125452877522,756.7125452877522,0.0,0.8571428571428571,0.03283070799079724,-4.752495031578953,0.014219291013432667,0.016707165981642902
v2e2_6044c2cf8efb739eb457,reserve_commitment_update,easy,qwen37_plus_direct,qwen37f1_4377914064a64354900c,C1,distance_throughput_cost_saved,global_distance_optimum_lp_integral,707.4051783332858,545.0001,23.750100000000035,0.0,0.02197802197802198,0.015323458996135741,,,
v2e2_6044c2cf8efb739eb457,reserve_commitment_update,easy,qwen37_plus_direct,qwen37f1_4377914064a64354900c,C1,minimum_intervention_distance_only,global_distance_optimum_lp_integral_distance_focus,707.4051783332858,545.0001,23.750100000000035,0.0,0.02197802197802198,0.015506125026149675,,,
v2e2_6044c2cf8efb739eb457,reserve_commitment_update,easy,qwen37_plus_direct,qwen37f1_4377914064a64354900c,C1,direct_cost_optimal,optimal,705.0416963291825,1250.463157894737,756.7131578947369,0.0,0.0,0.014700958010507748,,,
v2e2_6044c2cf8efb739eb457,reserve_commitment_update,easy,qwen37_plus_direct,qwen37f1_4377914064a64354900c,C1,cost_then_distance,optimal,705.0416973291825,1225.4625452877508,756.7125452877507,0.0,0.02197802197802198,0.03095337498234585,-4.752495031578953,0.015035917022032663,0.013729708007303998
v2e2_6044c2cf8efb739eb457,reserve_commitment_update,easy,qwen_flash,e2bv2_4d1e188bc7400748c353,C1,distance_throughput_cost_saved,global_distance_optimum_lp_integral,707.4051783332858,5663.750005124835,23.7501,0.0,0.0,0.022235874988837168,,,
v2e2_6044c2cf8efb739eb457,reserve_commitment_update,easy,qwen_flash,e2bv2_4d1e188bc7400748c353,C1,minimum_intervention_distance_only,global_distance_optimum_lp_integral_distance_focus,707.4051783332858,5663.750005124835,23.7501,0.0,0.0,0.02263912500347942,,,
v2e2_6044c2cf8efb739eb457,reserve_commitment_update,easy,qwen_flash,e2bv2_4d1e188bc7400748c353,C1,direct_cost_optimal,optimal,705.0416963291825,5701.313157894737,756.7131578947369,0.0,0.054945054945054944,0.014700958010507748,,,
v2e2_6044c2cf8efb739eb457,reserve_commitment_update,easy,qwen_flash,e2bv2_4d1e188bc7400748c353,C1,cost_then_distance,optimal,705.0416973291825,5701.3131264996355,756.7125452877522,0.0,0.054945054945054944,0.026221165986498818,-4.752495031578953,0.014474499999778345,0.009798790997592732
v2e2_579d7046347071a2967e,battery_capacity_derating,easy,deepseek_formal,e2bv2_dfd1acf73d2da6bbba61,C1,distance_throughput_cost_saved,feasible_mode_library_upper_bound,482.64437758003885,17.476623499999086,23.749999999999094,0.0,0.9775280898876404,0.01536166699952446,,,
v2e2_579d7046347071a2967e,battery_capacity_derating,easy,deepseek_formal,e2bv2_dfd1acf73d2da6bbba61,C1,minimum_intervention_distance_only,feasible_mode_library_upper_bound_distance_focus,482.64437758003885,17.476623499999086,23.749999999999094,0.0,0.9775280898876404,0.014917417021933943,,,
v2e2_579d7046347071a2967e,battery_capacity_derating,easy,deepseek_formal,e2bv2_dfd1acf73d2da6bbba61,C1,direct_cost_optimal,optimal,482.0568135321346,529.9764862368422,524.4078947368421,0.0,0.0,0.014689375006128103,,,
v2e2_579d7046347071a2967e,battery_capacity_derating,easy,deepseek_formal,e2bv2_dfd1acf73d2da6bbba61,C1,cost_then_distance,optimal,482.0568145321345,529.9742347117275,524.4056432117272,0.0,0.0,0.03414816700387746,-1.8658894947368432,0.014692875003674999,0.01754841601359658
v2e2_579d7046347071a2967e,battery_capacity_derating,easy,qwen37_plus_direct,qwen37f1_383f613114221f16240a,C1,distance_throughput_cost_saved,global_distance_optimum_lp_integral,482.617570599259,532.5001,23.750100000000035,0.0,0.02247191011235955,0.015823708003154024,,,
v2e2_579d7046347071a2967e,battery_capacity_derating,easy,qwen37_plus_direct,qwen37f1_383f613114221f16240a,C1,minimum_intervention_distance_only,global_distance_optimum_lp_integral_distance_focus,482.617570599259,532.5001,23.750100000000035,0.0,0.02247191011235955,0.015354375005699694,,,
v2e2_579d7046347071a2967e,battery_capacity_derating,easy,qwen37_plus_direct,qwen37f1_383f613114221f16240a,C1,direct_cost_optimal,optimal,482.0568135321346,1018.1578947368421,524.4078947368421,0.0,0.0,0.014689375006128103,,,
v2e2_579d7046347071a2967e,battery_capacity_derating,easy,qwen37_plus_direct,qwen37f1_383f613114221f16240a,C1,cost_then_distance,optimal,482.0568145321345,1018.1556432117272,524.4056432117272,0.0,0.0,0.029323624999960884,-1.8658894947368432,0.014631916012149304,0.012836083013098687
v2e2_579d7046347071a2967e,battery_capacity_derating,easy,qwen_flash,e2bv2_e14c27fb7f54083cbbf5,C1,distance_throughput_cost_saved,global_distance_optimum_lp_integral,482.513364399259,5538.750005124835,23.7501,0.0,0.0,0.021386499982327223,,,
v2e2_579d7046347071a2967e,battery_capacity_derating,easy,qwen_flash,e2bv2_e14c27fb7f54083cbbf5,C1,minimum_intervention_distance_only,global_distance_optimum_lp_integral_distance_focus,482.513364399259,5538.750005124835,23.7501,0.0,0.0,0.021534333005547523,,,
v2e2_579d7046347071a2967e,battery_capacity_derating,easy,qwen_flash,e2bv2_e14c27fb7f54083cbbf5,C1,direct_cost_optimal,optimal,482.0568135321346,5564.407894736842,524.4078947368421,0.0,0.0449438202247191,0.014689375006128103,,,
v2e2_579d7046347071a2967e,battery_capacity_derating,easy,qwen_flash,e2bv2_e14c27fb7f54083cbbf5,C1,cost_then_distance,optimal,482.0568145321345,5564.407779349878,524.4056432117234,0.0,0.0449438202247191,0.02567591701517813,-1.8658894947368432,0.014827082981355488,0.008985583001049235
v2e2_57ed2833756fcc2a81f4,export_limit_update,easy,deepseek_formal,e2bv2_1d70637db8f666877223,C1,distance_throughput_cost_saved,feasible_mode_library_upper_bound,1144.6187130333512,4519.473784210527,1185.5243645074106,0.0,0.19101123595505617,0.018149082985473797,,,
v2e2_57ed2833756fcc2a81f4,export_limit_update,easy,deepseek_formal,e2bv2_1d70637db8f666877223,C1,minimum_intervention_distance_only,feasible_mode_library_upper_bound_distance_focus,1144.6187130333512,4519.473784210527,1185.5243645074106,0.0,0.19101123595505617,0.018887959013227373,,,
v2e2_57ed2833756fcc2a81f4,export_limit_update,easy,deepseek_formal,e2bv2_1d70637db8f666877223,C1,direct_cost_optimal,optimal,1079.3809339989907,5370.592105263158,334.4078947368421,0.0,0.0449438202247191,0.01676616701297462,,,
v2e2_57ed2833756fcc2a81f4,export_limit_update,easy,deepseek_formal,e2bv2_1d70637db8f666877223,C1,cost_then_distance,optimal,1079.3809349989906,5370.592091844785,334.4079081552149,0.0,0.0449438202247191,0.02812558301957324,3.995896996710531,0.01682770802290179,0.009516458987491205
v2e2_57ed2833756fcc2a81f4,export_limit_update,easy,qwen37_plus_direct,qwen37f1_9d240b5f2e3af4418515,C1,distance_throughput_cost_saved,feasible_mode_library_upper_bound,1080.3581077759438,5365.78135,428.2792987179448,0.0,0.0449438202247191,0.014228666987037286,,,
v2e2_57ed2833756fcc2a81f4,export_limit_update,easy,qwen37_plus_direct,qwen37f1_9d240b5f2e3af4418515,C1,minimum_intervention_distance_only,feasible_mode_library_upper_bound_distance_focus,1080.3581077759436,5365.78135,428.2792987179448,0.0,0.0449438202247191,0.014058291999390349,,,
v2e2_57ed2833756fcc2a81f4,export_limit_update,easy,qwen37_plus_direct,qwen37f1_9d240b5f2e3af4418515,C1,direct_cost_optimal,optimal,1079.3809339989907,5370.592105263158,334.4078947368421,0.0,0.0449438202247191,0.01676616701297462,,,
v2e2_57ed2833756fcc2a81f4,export_limit_update,easy,qwen37_plus_direct,qwen37f1_9d240b5f2e3af4418515,C1,cost_then_distance,optimal,1079.3809349989908,5370.592090185366,334.40818894708167,0.0,0.0449438202247191,0.03765724998083897,3.995896996710531,0.017427915998268872,0.018086708994815126
v2e2_57ed2833756fcc2a81f4,export_limit_update,easy,qwen_flash,e2bv2_e1ab2801ffc994cf90f9,C1,distance_throughput_cost_saved,global_distance_optimum_lp_integral,1089.5692407348706,5746.710531440625,184.21062631578948,0.0,0.0,0.020952832972398028,,,
v2e2_57ed2833756fcc2a81f4,export_limit_update,easy,qwen_flash,e2bv2_e1ab2801ffc994cf90f9,C1,minimum_intervention_distance_only,global_distance_optimum_lp_integral_distance_focus,1089.5692407348706,5746.710531440625,184.21062631578948,0.0,0.0,0.022009249980328605,,,
v2e2_57ed2833756fcc2a81f4,export_limit_update,easy,qwen_flash,e2bv2_e1ab2801ffc994cf90f9,C1,direct_cost_optimal,optimal,1079.3809339989907,5754.407894736842,334.4078947368421,0.0,0.011235955056179775,0.01676616701297462,,,
v2e2_57ed2833756fcc2a81f4,export_limit_update,easy,qwen_flash,e2bv2_e1ab2801ffc994cf90f9,C1,cost_then_distance,optimal,1079.3809349989906,5754.407893975473,334.4078798803735,0.0,0.011235955056179775,0.028441709000617266,3.995896996710531,0.01680054099415429,0.0095692080212757
v2e2_1a991ca6b21c0ed79241,forecast_revision,hard,deepseek_formal,e2bv2_e2508c066e226a6c65b3,C1,distance_throughput_cost_saved,global_distance_optimum_lp_integral,358.3422228887643,26.315889473684212,26.315889473684212,0.0,0.975609756097561,0.016436167003121227,,,
v2e2_1a991ca6b21c0ed79241,forecast_revision,hard,deepseek_formal,e2bv2_e2508c066e226a6c65b3,C1,minimum_intervention_distance_only,global_distance_optimum_lp_integral_distance_focus,358.3422228887643,26.315889473684212,26.315889473684212,0.0,0.975609756097561,0.016875125002115965,,,
v2e2_1a991ca6b21c0ed79241,forecast_revision,hard,deepseek_formal,e2bv2_e2508c066e226a6c65b3,C1,direct_cost_optimal,optimal,355.0804327261171,476.9078947368421,476.9078947368421,0.0,0.8902439024390244,0.011544042004970834,,,
v2e2_1a991ca6b21c0ed79241,forecast_revision,hard,deepseek_formal,e2bv2_e2508c066e226a6c65b3,C1,cost_then_distance,optimal,355.0804337261172,476.9077480960422,476.9077480960422,0.0,0.8902439024390244,0.029339500004425645,-2.5435924723684207,0.011278583988314494,0.016276666981866583
v2e2_1a991ca6b21c0ed79241,forecast_revision,hard,qwen37_plus_direct,qwen37f1_a41f3c6598a3f69c732d,C1,distance_throughput_cost_saved,feasible_mode_library_upper_bound,358.81211163553655,1.1543105263139601,26.315789473686017,0.0,0.9390243902439024,0.014036209002370015,,,
v2e2_1a991ca6b21c0ed79241,forecast_revision,hard,qwen37_plus_direct,qwen37f1_a41f3c6598a3f69c732d,C1,minimum_intervention_distance_only,feasible_mode_library_upper_bound_distance_focus,358.81211163553655,1.1543105263139601,26.315789473686017,0.0,0.9390243902439024,0.01394199999049306,,,
v2e2_1a991ca6b21c0ed79241,forecast_revision,hard,qwen37_plus_direct,qwen37f1_a41f3c6598a3f69c732d,C1,direct_cost_optimal,optimal,355.0804327261171,501.027894736842,476.9078947368421,0.0,0.0,0.011544042004970834,,,
v2e2_1a991ca6b21c0ed79241,forecast_revision,hard,qwen37_plus_direct,qwen37f1_a41f3c6598a3f69c732d,C1,cost_then_distance,optimal,355.0804337261171,499.0152075760966,476.9078947368421,0.0,0.036585365853658534,0.04309895800543018,-2.5435924723684207,0.011347624997142702,0.030007624998688698
v2e2_1a991ca6b21c0ed79241,forecast_revision,hard,qwen_flash,e2bv2_398c1bf0d35d9c1f454a,C1,distance_throughput_cost_saved,global_distance_optimum_lp_integral,358.3422228887643,3101.3157945985204,26.315889473684212,0.0,0.0,0.013289666996570304,,,
v2e2_1a991ca6b21c0ed79241,forecast_revision,hard,qwen_flash,e2bv2_398c1bf0d35d9c1f454a,C1,minimum_intervention_distance_only,global_distance_optimum_lp_integral_distance_focus,358.3422228887643,3101.3157945985204,26.315889473684212,0.0,0.0,0.014216582989320159,,,
v2e2_1a991ca6b21c0ed79241,forecast_revision,hard,qwen_flash,e2bv2_398c1bf0d35d9c1f454a,C1,direct_cost_optimal,optimal,355.0804327261171,3274.407894736842,476.9078947368421,0.0,0.0,0.011544042004970834,,,
v2e2_1a991ca6b21c0ed79241,forecast_revision,hard,qwen_flash,e2bv2_398c1bf0d35d9c1f454a,C1,cost_then_distance,optimal,355.0804337261171,3224.3997137739216,476.9078947368422,0.0,0.024390243902439025,0.037046541983727366,-2.5435924723684207,0.01153987500583753,0.023588167008711025
v2e2_01647af4ab413aad9430,power_limit_derating,hard,deepseek_formal,e2bv2_aeeef828263653af0df7,C1,distance_throughput_cost_saved,global_distance_optimum_lp_integral,707.9860530022526,157.89483684210526,157.89483684210526,0.0,0.9340659340659341,0.01843537497916259,,,
v2e2_01647af4ab413aad9430,power_limit_derating,hard,deepseek_formal,e2bv2_aeeef828263653af0df7,C1,minimum_intervention_distance_only,global_distance_optimum_lp_integral_distance_focus,707.9860530022526,157.89483684210526,157.89483684210526,0.0,0.9340659340659341,0.01767233299324289,,,
v2e2_01647af4ab413aad9430,power_limit_derating,hard,deepseek_formal,e2bv2_aeeef828263653af0df7,C1,direct_cost_optimal,optimal,704.5438457710954,358.1578947368421,358.1578947368421,0.0,0.8901098901098901,0.015357374999439344,,,
v2e2_01647af4ab413aad9430,power_limit_derating,hard,deepseek_formal,e2bv2_aeeef828263653af0df7,C1,cost_then_distance,optimal,704.5438467710953,358.1578365581664,358.1578365581664,0.0,0.8901098901098901,0.027563666983041912,6.205708150000001,0.015134459012188017,0.010277875000610948
v2e2_01647af4ab413aad9430,power_limit_derating,hard,qwen37_plus_direct,qwen37f1_e67624d3f156005e407e,C1,distance_throughput_cost_saved,feasible_mode_library_upper_bound,711.2403978276915,179.1690750692521,239.5790736486962,0.0,0.5824175824175825,0.016238082986092195,,,
v2e2_01647af4ab413aad9430,power_limit_derating,hard,qwen37_plus_direct,qwen37f1_e67624d3f156005e407e,C1,minimum_intervention_distance_only,feasible_mode_library_upper_bound_distance_focus,711.2403978276915,179.1690750692521,239.5790736486962,0.0,0.5824175824175825,0.015698167000664398,,,
v2e2_01647af4ab413aad9430,power_limit_derating,hard,qwen37_plus_direct,qwen37f1_e67624d3f156005e407e,C1,direct_cost_optimal,optimal,704.5438457710954,646.9078947368421,358.1578947368421,0.0,0.0,0.015357374999439344,,,
v2e2_01647af4ab413aad9430,power_limit_derating,hard,qwen37_plus_direct,qwen37f1_e67624d3f156005e407e,C1,cost_then_distance,optimal,704.5438467710953,639.399243095203,358.1578947368421,0.0,0.01098901098901099,0.038739291980164126,6.205708150000001,0.015142542019020766,0.02169637498445809
v2e2_01647af4ab413aad9430,power_limit_derating,hard,qwen_flash,e2bv2_96ac3ec6cf72f05980c7,C1,distance_throughput_cost_saved,global_distance_optimum_lp_integral,707.9860530022526,3684.144741966941,157.89483684210526,0.0,0.0,0.02280033301212825,,,
v2e2_01647af4ab413aad9430,power_limit_derating,hard,qwen_flash,e2bv2_96ac3ec6cf72f05980c7,C1,minimum_intervention_distance_only,global_distance_optimum_lp_integral_distance_focus,707.9860530022526,3684.144741966941,157.89483684210526,0.0,0.0,0.022891458007507026,,,
v2e2_01647af4ab413aad9430,power_limit_derating,hard,qwen_flash,e2bv2_96ac3ec6cf72f05980c7,C1,direct_cost_optimal,optimal,704.5438457710954,3694.407894736842,358.1578947368421,0.0,0.02197802197802198,0.015357374999439344,,,
v2e2_01647af4ab413aad9430,power_limit_derating,hard,qwen_flash,e2bv2_96ac3ec6cf72f05980c7,C1,cost_then_distance,optimal,704.5438467710953,3694.4078917552806,358.1578365581664,0.0,0.02197802197802198,0.026682291005272418,6.205708150000001,0.015214750019367784,0.009388166014105082
v2e2_689fd81bd1f3eec1e27d,reserve_commitment_update,easy,deepseek_formal,e2bv2_36c9ee18183bf93dcc42,C1,distance_throughput_cost_saved,global_distance_optimum_lp_integral,369.4788048450823,157.89483684210526,157.89483684210526,0.0,0.9512195121951219,0.01734929101075977,,,
v2e2_689fd81bd1f3eec1e27d,reserve_commitment_update,easy,deepseek_formal,e2bv2_36c9ee18183bf93dcc42,C1,minimum_intervention_distance_only,global_distance_optimum_lp_integral_distance_focus,369.4788048450823,157.89483684210526,157.89483684210526,0.0,0.9512195121951219,0.017681375000393018,,,
v2e2_689fd81bd1f3eec1e27d,reserve_commitment_update,easy,deepseek_formal,e2bv2_36c9ee18183bf93dcc42,C1,direct_cost_optimal,optimal,369.0569908204293,290.0684210526316,290.0684210526316,0.0,0.926829268292683,0.013205583993112668,,,
v2e2_689fd81bd1f3eec1e27d,reserve_commitment_update,easy,deepseek_formal,e2bv2_36c9ee18183bf93dcc42,C1,cost_then_distance,optimal,369.0569918204293,290.06810770699457,290.06810770699457,0.0,0.926829268292683,0.024267375003546476,5.076710393052632,0.013140958995791152,0.00922841700958088
v2e2_689fd81bd1f3eec1e27d,reserve_commitment_update,easy,qwen37_plus_direct,qwen37f1_6b01671985e6ddfc0f52,C1,distance_throughput_cost_saved,feasible_mode_library_upper_bound,371.4914282441019,221.35536315789514,157.89473684210512,0.0,0.4024390243902439,0.014061875001061708,,,
v2e2_689fd81bd1f3eec1e27d,reserve_commitment_update,easy,qwen37_plus_direct,qwen37f1_6b01671985e6ddfc0f52,C1,minimum_intervention_distance_only,feasible_mode_library_upper_bound_distance_focus,371.4914282441019,221.35536315789514,157.89473684210512,0.0,0.4024390243902439,0.014371625002240762,,,
v2e2_689fd81bd1f3eec1e27d,reserve_commitment_update,easy,qwen37_plus_direct,qwen37f1_6b01671985e6ddfc0f52,C1,direct_cost_optimal,optimal,369.0569908204293,632.3184210526316,290.0684210526316,0.0,0.0,0.013205583993112668,,,
v2e2_689fd81bd1f3eec1e27d,reserve_commitment_update,easy,qwen37_plus_direct,qwen37f1_6b01671985e6ddfc0f52,C1,cost_then_distance,optimal,369.0569918204293,632.3157501837984,290.06842105263155,0.0,0.0,0.05811666601221077,5.076710393052632,0.013218750013038516,0.04312499999650754
v2e2_689fd81bd1f3eec1e27d,reserve_commitment_update,easy,qwen_flash,e2bv2_0787415782c7e9d8edc2,C1,distance_throughput_cost_saved,global_distance_optimum_lp_integral,369.4788048450823,3232.894741966941,157.89483684210526,0.0,0.0,0.01335187497898005,,,
v2e2_689fd81bd1f3eec1e27d,reserve_commitment_update,easy,qwen_flash,e2bv2_0787415782c7e9d8edc2,C1,minimum_intervention_distance_only,global_distance_optimum_lp_integral_distance_focus,369.4788048450823,3232.894741966941,157.89483684210526,0.0,0.0,0.014489374996628612,,,
v2e2_689fd81bd1f3eec1e27d,reserve_commitment_update,easy,qwen_flash,e2bv2_0787415782c7e9d8edc2,C1,direct_cost_optimal,optimal,369.0569908204293,3289.6684210526314,290.0684210526316,0.0,0.0,0.013205583993112668,,,
v2e2_689fd81bd1f3eec1e27d,reserve_commitment_update,easy,qwen_flash,e2bv2_0787415782c7e9d8edc2,C1,cost_then_distance,optimal,369.0569918204293,3239.6684049941823,290.06810770699434,0.0,0.012195121951219513,0.025115958007518202,5.076710393052632,0.013805541006149724,0.009294541989220306
v2e2_7f938d120000eec26457,battery_capacity_derating,easy,deepseek_formal,e2bv2_676111e1c5a00e4b041f,C1,distance_throughput_cost_saved,feasible_mode_library_upper_bound,286.1778343358173,4660.9251933337955,937.0430223841436,0.0,0.1590909090909091,0.01863995799794793,,,
v2e2_7f938d120000eec26457,battery_capacity_derating,easy,deepseek_formal,e2bv2_676111e1c5a00e4b041f,C1,minimum_intervention_distance_only,feasible_mode_library_upper_bound_distance_focus,286.1778343358173,4660.9251933337955,937.0430223841436,0.0,0.1590909090909091,0.018709333991864696,,,
v2e2_7f938d120000eec26457,battery_capacity_derating,easy,deepseek_formal,e2bv2_676111e1c5a00e4b041f,C1,direct_cost_optimal,optimal,271.8096665240623,5331.842105263158,358.1578947368421,0.0,0.045454545454545456,0.013629584020236507,,,
v2e2_7f938d120000eec26457,battery_capacity_derating,easy,deepseek_formal,e2bv2_676111e1c5a00e4b041f,C1,cost_then_distance,optimal,271.80966752406226,5331.842011591563,358.15789473684214,0.0,0.045454545454545456,0.0361720829969272,1.2466596894736854,0.013547124981414527,0.020759416016517207
v2e2_7f938d120000eec26457,battery_capacity_derating,easy,qwen37_plus_direct,qwen37f1_5b84d1573b4ea848679e,C1,distance_throughput_cost_saved,feasible_mode_library_upper_bound,278.0103598614442,217.09536315789484,157.89473684210535,0.0,0.4090909090909091,0.015546250011539087,,,
v2e2_7f938d120000eec26457,battery_capacity_derating,easy,qwen37_plus_direct,qwen37f1_5b84d1573b4ea848679e,C1,minimum_intervention_distance_only,feasible_mode_library_upper_bound_distance_focus,278.0103598614442,217.09536315789484,157.89473684210535,0.0,0.4090909090909091,0.015178333997027948,,,
v2e2_7f938d120000eec26457,battery_capacity_derating,easy,qwen37_plus_direct,qwen37f1_5b84d1573b4ea848679e,C1,direct_cost_optimal,optimal,271.8096665240623,690.5353947368421,358.1578947368421,0.0,0.0,0.013629584020236507,,,
v2e2_7f938d120000eec26457,battery_capacity_derating,easy,qwen37_plus_direct,qwen37f1_5b84d1573b4ea848679e,C1,cost_then_distance,optimal,271.80966752406226,672.7399678717097,358.1578947368421,0.0,0.03409090909090909,0.038312624994432554,1.2466596894736854,0.013369374995818362,0.023063000000547618
v2e2_7f938d120000eec26457,battery_capacity_derating,easy,qwen_flash,e2bv2_50fd1b478910d5944f98,C1,distance_throughput_cost_saved,global_distance_optimum_lp_integral,276.242228825597,5657.894741966941,157.89483684210526,0.0,0.0,0.0202045000041835,,,
v2e2_7f938d120000eec26457,battery_capacity_derating,easy,qwen_flash,e2bv2_50fd1b478910d5944f98,C1,minimum_intervention_distance_only,global_distance_optimum_lp_integral_distance_focus,276.242228825597,5657.894741966941,157.89483684210526,0.0,0.0,0.020692124991910532,,,
v2e2_7f938d120000eec26457,battery_capacity_derating,easy,qwen_flash,e2bv2_50fd1b478910d5944f98,C1,direct_cost_optimal,optimal,271.8096665240623,5668.157894736842,358.1578947368421,0.0,0.011363636363636364,0.013629584020236507,,,
v2e2_7f938d120000eec26457,battery_capacity_derating,easy,qwen_flash,e2bv2_50fd1b478910d5944f98,C1,cost_then_distance,optimal,271.80966752406226,5668.15789237553,358.1578486609887,0.0,0.011363636363636364,0.030710624996572733,1.2466596894736854,0.013078416988719255,0.015816374972928315
v2e2_ff7d4d179a2e6d483137,export_limit_update,easy,deepseek_formal,e2bv2_ed7aafb6b6bf57083afc,C1,distance_throughput_cost_saved,feasible_mode_library_upper_bound,634.121706350321,17.50009999999761,23.74999999999765,0.0,0.978021978021978,0.015733874985016882,,,
v2e2_ff7d4d179a2e6d483137,export_limit_update,easy,deepseek_formal,e2bv2_ed7aafb6b6bf57083afc,C1,minimum_intervention_distance_only,feasible_mode_library_upper_bound_distance_focus,634.121706350321,17.50009999999761,23.74999999999765,0.0,0.978021978021978,0.01533416600432247,,,
v2e2_ff7d4d179a2e6d483137,export_limit_update,easy,deepseek_formal,e2bv2_ed7aafb6b6bf57083afc,C1,direct_cost_optimal,optimal,633.7903034040899,506.3930702261728,500.6925207756233,0.0,0.0,0.017977000010432675,,,
v2e2_ff7d4d179a2e6d483137,export_limit_update,easy,deepseek_formal,e2bv2_ed7aafb6b6bf57083afc,C1,cost_then_distance,optimal,633.7903044040897,506.3886986540378,500.68814920348825,0.0,0.0,0.03823454098892398,-2.1731356024930815,0.018043624993879348,0.017804375005653128
v2e2_ff7d4d179a2e6d483137,export_limit_update,easy,qwen37_plus_direct,qwen37f1_fcd31e299a3d8c530bc7,C1,distance_throughput_cost_saved,global_distance_optimum_lp_integral,634.0075492734704,545.0001,23.75010000000003,0.0,0.02197802197802198,0.015861291001783684,,,
v2e2_ff7d4d179a2e6d483137,export_limit_update,easy,qwen37_plus_direct,qwen37f1_fcd31e299a3d8c530bc7,C1,minimum_intervention_distance_only,global_distance_optimum_lp_integral_distance_focus,634.0075492734704,545.0001,23.75010000000003,0.0,0.02197802197802198,0.015329499990912154,,,
v2e2_ff7d4d179a2e6d483137,export_limit_update,easy,qwen37_plus_direct,qwen37f1_fcd31e299a3d8c530bc7,C1,direct_cost_optimal,optimal,633.7903034040899,1019.4425207756233,500.6925207756233,0.0,0.0,0.017977000010432675,,,
v2e2_ff7d4d179a2e6d483137,export_limit_update,easy,qwen37_plus_direct,qwen37f1_fcd31e299a3d8c530bc7,C1,cost_then_distance,optimal,633.7903044040899,1019.4381492034883,500.68814920348825,0.0,0.0,0.032307583023793995,-2.1731356024930815,0.017908874986460432,0.012318041000980884
v2e2_ff7d4d179a2e6d483137,export_limit_update,easy,qwen_flash,e2bv2_0a17bfd746dc8ad8a01e,C1,distance_throughput_cost_saved,global_distance_optimum_lp_integral,634.0075492734704,5663.750005124835,23.7501,0.0,0.0,0.02237191700260155,,,
v2e2_ff7d4d179a2e6d483137,export_limit_update,easy,qwen_flash,e2bv2_0a17bfd746dc8ad8a01e,C1,minimum_intervention_distance_only,global_distance_optimum_lp_integral_distance_focus,634.0075492734704,5663.750005124835,23.7501,0.0,0.0,0.02276216700556688,,,
v2e2_ff7d4d179a2e6d483137,export_limit_update,easy,qwen_flash,e2bv2_0a17bfd746dc8ad8a01e,C1,direct_cost_optimal,optimal,633.7903034040899,5688.192520775623,500.6925207756233,0.0,0.04395604395604396,0.017977000010432675,,,
v2e2_ff7d4d179a2e6d483137,export_limit_update,easy,qwen_flash,e2bv2_0a17bfd746dc8ad8a01e,C1,cost_then_distance,optimal,633.7903044040899,5688.192296739731,500.68814920348825,0.0,0.03296703296703297,0.029118957987520844,-2.1731356024930815,0.01796749999630265,0.009236290992703289
v2e2_729fd4e9cb1879f64d23,forecast_revision,hard,deepseek_formal,e2bv2_7c9796613960a15b9922,C1,distance_throughput_cost_saved,global_distance_optimum_lp_integral,506.3481567904443,131.57904736842104,131.57904736842104,0.0,0.9512195121951219,0.016952209000010043,,,
v2e2_729fd4e9cb1879f64d23,forecast_revision,hard,deepseek_formal,e2bv2_7c9796613960a15b9922,C1,minimum_intervention_distance_only,global_distance_optimum_lp_integral_distance_focus,506.3481567904443,131.57904736842104,131.57904736842104,0.0,0.9512195121951219,0.016614958003629,,,
v2e2_729fd4e9cb1879f64d23,forecast_revision,hard,deepseek_formal,e2bv2_7c9796613960a15b9922,C1,direct_cost_optimal,optimal,505.3821600712876,381.9078947368421,381.9078947368421,0.0,0.9146341463414634,0.01240420897374861,,,
v2e2_729fd4e9cb1879f64d23,forecast_revision,hard,deepseek_formal,e2bv2_7c9796613960a15b9922,C1,cost_then_distance,optimal,505.38216107128767,381.9076342879475,381.9076342879475,0.0,0.9146341463414634,0.025384332984685898,5.070201578947369,0.012221459008287638,0.01146662500104867
v2e2_729fd4e9cb1879f64d23,forecast_revision,hard,qwen37_plus_direct,qwen37f1_143d4851945fe71e55d7,C1,distance_throughput_cost_saved,feasible_mode_library_upper_bound,507.41771089786573,183.42107763157873,131.5789473684211,0.0,0.4024390243902439,0.013776332983979955,,,
v2e2_729fd4e9cb1879f64d23,forecast_revision,hard,qwen37_plus_direct,qwen37f1_143d4851945fe71e55d7,C1,minimum_intervention_distance_only,feasible_mode_library_upper_bound_distance_focus,507.41771089786573,183.42107763157873,131.5789473684211,0.0,0.4024390243902439,0.01467341702664271,,,
v2e2_729fd4e9cb1879f64d23,forecast_revision,hard,qwen37_plus_direct,qwen37f1_143d4851945fe71e55d7,C1,direct_cost_optimal,optimal,505.3821600712876,658.493194736842,381.9078947368421,0.0,0.0,0.01240420897374861,,,
v2e2_729fd4e9cb1879f64d23,forecast_revision,hard,qwen37_plus_direct,qwen37f1_143d4851945fe71e55d7,C1,cost_then_distance,optimal,505.38216107128767,639.8115259685214,381.90789473684185,0.0,0.036585365853658534,0.03804891702020541,5.070201578947369,0.012278625014005229,0.023984166997252032
v2e2_729fd4e9cb1879f64d23,forecast_revision,hard,qwen_flash,e2bv2_ddf16423183fa6d22495,C1,distance_throughput_cost_saved,global_distance_optimum_lp_integral,506.3481567904443,3206.578952493257,131.57904736842104,0.0,0.0,0.014107666997006163,,,
v2e2_729fd4e9cb1879f64d23,forecast_revision,hard,qwen_flash,e2bv2_ddf16423183fa6d22495,C1,minimum_intervention_distance_only,global_distance_optimum_lp_integral_distance_focus,506.3481567904443,3206.578952493257,131.57904736842104,0.0,0.0,0.01499616599176079,,,
v2e2_729fd4e9cb1879f64d23,forecast_revision,hard,qwen_flash,e2bv2_ddf16423183fa6d22495,C1,direct_cost_optimal,optimal,505.3821600712876,3306.907894736842,381.9078947368421,0.0,0.0,0.01240420897374861,,,
v2e2_729fd4e9cb1879f64d23,forecast_revision,hard,qwen_flash,e2bv2_ddf16423183fa6d22495,C1,cost_then_distance,optimal,505.38216107128767,3219.407881389264,381.9076342879474,0.0,0.036585365853658534,0.028362875018501654,5.070201578947369,0.012206625018734485,0.014430249982979149
v2e2_a7c71f5aa3db3e32fdd1,power_limit_derating,hard,deepseek_formal,e2bv2_cd25d067696014e32388,C1,distance_throughput_cost_saved,feasible_mode_library_upper_bound,372.0494829294436,23.7501,23.7501,0.0,0.9782608695652174,0.02181575002032332,,,
v2e2_a7c71f5aa3db3e32fdd1,power_limit_derating,hard,deepseek_formal,e2bv2_cd25d067696014e32388,C1,minimum_intervention_distance_only,feasible_mode_library_upper_bound_distance_focus,372.0494829294436,23.7501,23.7501,0.0,0.9782608695652174,0.02275537501554936,,,
v2e2_a7c71f5aa3db3e32fdd1,power_limit_derating,hard,deepseek_formal,e2bv2_cd25d067696014e32388,C1,direct_cost_optimal,optimal,369.98327343078677,524.4078947368421,524.4078947368421,0.0,0.8478260869565217,0.010593707993393764,,,
v2e2_a7c71f5aa3db3e32fdd1,power_limit_derating,hard,deepseek_formal,e2bv2_cd25d067696014e32388,C1,cost_then_distance,optimal,369.98327443078676,524.4076403571727,524.4076403571727,0.0,0.8478260869565217,0.024072000000160187,-3.2500897138157905,0.010831124993273988,0.011359541997080669
v2e2_a7c71f5aa3db3e32fdd1,power_limit_derating,hard,qwen37_plus_direct,qwen37f1_9fa481f802e4a10b7994,C1,distance_throughput_cost_saved,global_distance_optimum_lp_integral,372.0494829294436,3541.2500051248358,23.7501,0.0,0.0,0.02181466601905413,,,
v2e2_a7c71f5aa3db3e32fdd1,power_limit_derating,hard,qwen37_plus_direct,qwen37f1_9fa481f802e4a10b7994,C1,minimum_intervention_distance_only,global_distance_optimum_lp_integral_distance_focus,372.0494829294436,3541.2500051248358,23.7501,0.0,0.0,0.023424541985150427,,,
v2e2_a7c71f5aa3db3e32fdd1,power_limit_derating,hard,qwen37_plus_direct,qwen37f1_9fa481f802e4a10b7994,C1,direct_cost_optimal,optimal,369.98327343078677,3566.907894736842,524.4078947368421,0.0,0.06521739130434782,0.010593707993393764,,,
v2e2_a7c71f5aa3db3e32fdd1,power_limit_derating,hard,qwen37_plus_direct,qwen37f1_9fa481f802e4a10b7994,C1,cost_then_distance,optimal,369.98327443078676,3566.907881700302,524.4076403571727,0.0,0.06521739130434782,0.02053066701046191,-3.2500897138157905,0.011112667009001598,0.007512292009778321
v2e2_a7c71f5aa3db3e32fdd1,power_limit_derating,hard,qwen_flash,e2bv2_02f8e9930d0e0232bdbc,C1,distance_throughput_cost_saved,global_distance_optimum_lp_integral,372.0494829294436,3541.2500051248358,23.7501,0.0,0.0,0.022509583010105416,,,
v2e2_a7c71f5aa3db3e32fdd1,power_limit_derating,hard,qwen_flash,e2bv2_02f8e9930d0e0232bdbc,C1,minimum_intervention_distance_only,global_distance_optimum_lp_integral_distance_focus,372.0494829294436,3541.2500051248358,23.7501,0.0,0.0,0.023050125018926337,,,
v2e2_a7c71f5aa3db3e32fdd1,power_limit_derating,hard,qwen_flash,e2bv2_02f8e9930d0e0232bdbc,C1,direct_cost_optimal,optimal,369.98327343078677,3566.907894736842,524.4078947368421,0.0,0.06521739130434782,0.010593707993393764,,,
v2e2_a7c71f5aa3db3e32fdd1,power_limit_derating,hard,qwen_flash,e2bv2_02f8e9930d0e0232bdbc,C1,cost_then_distance,optimal,369.98327443078676,3566.907881700302,524.4076403571727,0.0,0.06521739130434782,0.020927125005982816,-3.2500897138157905,0.011359124997397885,0.007507958012865856
v2e2_a015340abe1151fa1614,reserve_commitment_update,easy,deepseek_formal,e2bv2_994a383269924f806ecb,C1,distance_throughput_cost_saved,global_distance_optimum_lp_integral,213.47971397619935,157.89483684210526,157.89483684210526,0.0,0.9512195121951219,0.016807250009151176,,,
v2e2_a015340abe1151fa1614,reserve_commitment_update,easy,deepseek_formal,e2bv2_994a383269924f806ecb,C1,minimum_intervention_distance_only,global_distance_optimum_lp_integral_distance_focus,213.47971397619935,157.89483684210526,157.89483684210526,0.0,0.9512195121951219,0.016896874993108213,,,
v2e2_a015340abe1151fa1614,reserve_commitment_update,easy,deepseek_formal,e2bv2_994a383269924f806ecb,C1,direct_cost_optimal,optimal,210.36354325902462,640.5289473684211,640.5289473684211,0.0,0.8536585365853658,0.010937584011116996,,,
v2e2_a015340abe1151fa1614,reserve_commitment_update,easy,deepseek_formal,e2bv2_994a383269924f806ecb,C1,cost_then_distance,optimal,210.36354425902465,640.5250827544246,640.5250827544246,0.0,0.8536585365853658,0.025532791012665257,1.2828643754210525,0.011064791993703693,0.012593040999490768
v2e2_a015340abe1151fa1614,reserve_commitment_update,easy,qwen37_plus_direct,qwen37f1_27567cea2021f9a1a948,C1,distance_throughput_cost_saved,feasible_mode_library_upper_bound,215.07691449096282,241.85536315789497,157.89483684210504,0.0,0.3780487804878049,0.014089583011809736,,,
v2e2_a015340abe1151fa1614,reserve_commitment_update,easy,qwen37_plus_direct,qwen37f1_27567cea2021f9a1a948,C1,minimum_intervention_distance_only,feasible_mode_library_upper_bound_distance_focus,215.07691449096282,241.85536315789497,157.89483684210504,0.0,0.3780487804878049,0.01458120800089091,,,
v2e2_a015340abe1151fa1614,reserve_commitment_update,easy,qwen37_plus_direct,qwen37f1_27567cea2021f9a1a948,C1,direct_cost_optimal,optimal,210.36354325902462,972.0289473684211,640.5289473684211,0.0,0.0,0.010937584011116996,,,
v2e2_a015340abe1151fa1614,reserve_commitment_update,easy,qwen37_plus_direct,qwen37f1_27567cea2021f9a1a948,C1,cost_then_distance,optimal,210.3635442590246,962.2739630689637,640.5289473684211,0.0,0.012195121951219513,0.0458447499840986,1.2828643754210525,0.010275499982526526,0.03392566699767485
v2e2_a015340abe1151fa1614,reserve_commitment_update,easy,qwen_flash,e2bv2_e6d3415e03136200f34b,C1,distance_throughput_cost_saved,global_distance_optimum_lp_integral,213.47971397619935,3745.394741966941,157.89483684210526,0.0,0.0,0.014647083007730544,,,
v2e2_a015340abe1151fa1614,reserve_commitment_update,easy,qwen_flash,e2bv2_e6d3415e03136200f34b,C1,minimum_intervention_distance_only,global_distance_optimum_lp_integral_distance_focus,213.47971397619935,3745.394741966941,157.89483684210526,0.0,0.0,0.014694375015096739,,,
v2e2_a015340abe1151fa1614,reserve_commitment_update,easy,qwen_flash,e2bv2_e6d3415e03136200f34b,C1,direct_cost_optimal,optimal,210.36354325902462,3882.628947368421,640.5289473684211,0.0,0.0,0.010937584011116996,,,
v2e2_a015340abe1151fa1614,reserve_commitment_update,easy,qwen_flash,e2bv2_e6d3415e03136200f34b,C1,cost_then_distance,optimal,210.36354425902465,3770.1287493133013,640.5250827544243,0.0,0.04878048780487805,0.024984040996059775,1.2828643754210525,0.010899917018832639,0.012243375007528812
