tier,block_id,scenario_id,model_condition,branch,carrier,duplicate_index,branch_position,run_order,event_family,difficulty,season,location_id,activation_step,horizon_intervals,horizon_hours,canonical_soc_kwh,stale_soc_kwh,soc_gap_signed_kwh,soc_gap_abs_kwh,soc_gap_direction,divergence_kwh,parsed,action_digest,action_energy_kwh,exact_zero,nontrivial_1kwh,nontrivial_5kwh,nontrivial_10kwh,carrier_consistent_raw_feasible,authoritative_raw_feasible,carrier_power_violation_any,carrier_power_violation_peak_kw,carrier_power_violation_energy_kwh,carrier_soc_lower_violation_any,carrier_soc_lower_violation_peak_kwh,carrier_soc_lower_violation_sum_kwh_steps,carrier_soc_upper_violation_any,carrier_soc_upper_violation_peak_kwh,carrier_soc_upper_violation_sum_kwh_steps,carrier_export_violation_any,carrier_export_violation_peak_kw,carrier_export_violation_energy_kwh,carrier_terminal_violation_any,carrier_terminal_absolute_error_kwh,carrier_terminal_signed_error_kwh,carrier_violation_interval_count,carrier_total_violation_energy,carrier_dynamic_constraints_ok,carrier_engineering_feasible,carrier_physical_cost_usd,authoritative_power_violation_any,authoritative_power_violation_peak_kw,authoritative_power_violation_energy_kwh,authoritative_soc_lower_violation_any,authoritative_soc_lower_violation_peak_kwh,authoritative_soc_lower_violation_sum_kwh_steps,authoritative_soc_upper_violation_any,authoritative_soc_upper_violation_peak_kwh,authoritative_soc_upper_violation_sum_kwh_steps,authoritative_export_violation_any,authoritative_export_violation_peak_kw,authoritative_export_violation_energy_kwh,authoritative_terminal_violation_any,authoritative_terminal_absolute_error_kwh,authoritative_terminal_signed_error_kwh,authoritative_violation_interval_count,authoritative_total_violation_energy,authoritative_dynamic_constraints_ok,authoritative_engineering_feasible,authoritative_physical_cost_usd,returned_model,system_fingerprint,prompt_sha256,request_payload_sha256,attempt_count,latency_seconds,request_sent_utc,response_received_utc,request_start_epoch,response_end_epoch
QWEN37_F0,qwen37f0_01edd5e0d8aea97f864a,v2e2_7778cc641046e1b0a2cd,qwen37_plus_direct,S2,stale,2,1,2,forecast_revision,hard,autumn,san_diego,14,82,20.5,175.0,250.0,-75.0,75.0,canonical_lower,75.0,True,5c0c708a61f604449ab5c8ec83d342248b0014784588b49b5737d9232afbc189,205.0,False,True,True,True,False,False,False,0.0,0.0,False,0.0,0.0,False,0.0,0.0,False,0.0,0.0,True,119.75,119.75,0,0.0,True,False,428.67667049427797,False,0.0,0.0,False,0.0,0.0,False,0.0,0.0,False,0.0,0.0,True,44.75,44.75,0,0.0,True,False,428.67667049427797,qwen3.7-plus,,1b73555a5b301dc3304af0964477b642712cef1fdf5e08304313e01c747cf529,f00eacb8208dd59a980630ab730c881f17a8808566ca60c13295e2293abd77f6,1,3.106839,2026-08-26T14:13:19.743634+00:00,2026-08-26T14:13:22.850473+00:00,1787753599.743634,1787753602.850473
QWEN37_F0,qwen37f0_01edd5e0d8aea97f864a,v2e2_7778cc641046e1b0a2cd,qwen37_plus_direct,C1,canonical,1,2,2,forecast_revision,hard,autumn,san_diego,14,82,20.5,175.0,250.0,-75.0,75.0,canonical_lower,75.0,True,cd68c0f331e15792086ba1c94a088b39d7b497bf0c27dc619ad5570100148bc0,374.99994,False,True,True,True,False,False,False,0.0,0.0,False,0.0,0.0,True,31.2499430000006,128.35322200000576,False,0.0,0.0,True,206.2499430000006,206.2499430000006,8,128.35322200000576,False,False,437.0328541377193,False,0.0,0.0,False,0.0,0.0,True,31.2499430000006,128.35322200000576,False,0.0,0.0,True,206.2499430000006,206.2499430000006,8,128.35322200000576,False,False,437.0328541377193,qwen3.7-plus,,1c3f9297c8d9aed52aee0398529bbfbc6085b8d07c1f3cb40da5ce3ba7d6d813,7b10e4333d6a2b4badaeee05dac560c89b611829f4433948751b944a5a70190a,1,1.680182,2026-08-26T14:13:22.877507+00:00,2026-08-26T14:13:24.557689+00:00,1787753602.877507,1787753604.557689
QWEN37_F0,qwen37f0_01edd5e0d8aea97f864a,v2e2_7778cc641046e1b0a2cd,qwen37_plus_direct,S1,stale,1,3,2,forecast_revision,hard,autumn,san_diego,14,82,20.5,175.0,250.0,-75.0,75.0,canonical_lower,75.0,True,5c0c708a61f604449ab5c8ec83d342248b0014784588b49b5737d9232afbc189,205.0,False,True,True,True,False,False,False,0.0,0.0,False,0.0,0.0,False,0.0,0.0,False,0.0,0.0,True,119.75,119.75,0,0.0,True,False,428.67667049427797,False,0.0,0.0,False,0.0,0.0,False,0.0,0.0,False,0.0,0.0,True,44.75,44.75,0,0.0,True,False,428.67667049427797,qwen3.7-plus,,1b73555a5b301dc3304af0964477b642712cef1fdf5e08304313e01c747cf529,f00eacb8208dd59a980630ab730c881f17a8808566ca60c13295e2293abd77f6,1,1.211404,2026-08-26T14:13:24.584989+00:00,2026-08-26T14:13:25.796393+00:00,1787753604.584989,1787753605.796393
QWEN37_F0,qwen37f0_01edd5e0d8aea97f864a,v2e2_7778cc641046e1b0a2cd,qwen37_plus_direct,C2,canonical,2,4,2,forecast_revision,hard,autumn,san_diego,14,82,20.5,175.0,250.0,-75.0,75.0,canonical_lower,75.0,True,cd68c0f331e15792086ba1c94a088b39d7b497bf0c27dc619ad5570100148bc0,374.99994,False,True,True,True,False,False,False,0.0,0.0,False,0.0,0.0,True,31.2499430000006,128.35322200000576,False,0.0,0.0,True,206.2499430000006,206.2499430000006,8,128.35322200000576,False,False,437.0328541377193,False,0.0,0.0,False,0.0,0.0,True,31.2499430000006,128.35322200000576,False,0.0,0.0,True,206.2499430000006,206.2499430000006,8,128.35322200000576,False,False,437.0328541377193,qwen3.7-plus,,1c3f9297c8d9aed52aee0398529bbfbc6085b8d07c1f3cb40da5ce3ba7d6d813,7b10e4333d6a2b4badaeee05dac560c89b611829f4433948751b944a5a70190a,1,2.013281,2026-08-26T14:13:25.830110+00:00,2026-08-26T14:13:27.843391+00:00,1787753605.83011,1787753607.843391
QWEN37_F0,qwen37f0_1ce6e32bc06aa7dc6f53,v2e2_01647af4ab413aad9430,qwen37_plus_direct,C1,canonical,1,1,39,power_limit_derating,hard,winter,sacramento,5,91,22.75,175.0,250.0,-75.0,75.0,canonical_lower,75.0,True,4840ca57aadcf6e001372827c7984431da30c1a9438c2d6bb15cdab75bb5e325,45.5,False,True,True,True,False,False,False,0.0,0.0,False,0.0,0.0,False,0.0,0.0,False,0.0,0.0,True,106.77500000000052,-106.77500000000052,0,0.0,True,False,702.2773709560963,False,0.0,0.0,False,0.0,0.0,False,0.0,0.0,False,0.0,0.0,True,106.77500000000052,-106.77500000000052,0,0.0,True,False,702.2773709560963,qwen3.7-plus,,cd94ddfefbc2b632642e6b4267ec47ee9ebaa9229ca5cd400e149893650a67c7,b8616645680a601a9612d68542834778b10d9e8ed2f6e90bb6af7df004f1c9c8,1,2.176318,2026-08-26T14:13:58.590856+00:00,2026-08-26T14:14:00.767174+00:00,1787753638.590856,1787753640.767174
QWEN37_F0,qwen37f0_1ce6e32bc06aa7dc6f53,v2e2_01647af4ab413aad9430,qwen37_plus_direct,S1,stale,1,2,39,power_limit_derating,hard,winter,sacramento,5,91,22.75,175.0,250.0,-75.0,75.0,canonical_lower,75.0,True,67fa42b2757b619f8c8b27aacbf7cfd84403aec707d725536d3b0b4ea4358712,74.3925,False,True,True,True,False,False,False,0.0,0.0,False,0.0,0.0,False,0.0,0.0,False,0.0,0.0,True,4.327124999998034,-4.327124999998034,0,0.0,True,False,704.7787841238188,False,0.0,0.0,False,0.0,0.0,False,0.0,0.0,False,0.0,0.0,True,79.3271250000004,-79.3271250000004,0,0.0,True,False,704.7787841238188,qwen3.7-plus,,ee16c72384f956ac3fafe52c2b6c7b98368973d787b0bd248c103e5961d43942,8e59cb22ea5b87df78e6341e4aa1f2ee8761c82e5055df262e82dd1bf648579b,1,1.658755,2026-08-26T14:14:00.794232+00:00,2026-08-26T14:14:02.452987+00:00,1787753640.794232,1787753642.452987
QWEN37_F0,qwen37f0_1ce6e32bc06aa7dc6f53,v2e2_01647af4ab413aad9430,qwen37_plus_direct,C2,canonical,2,3,39,power_limit_derating,hard,winter,sacramento,5,91,22.75,175.0,250.0,-75.0,75.0,canonical_lower,75.0,True,4840ca57aadcf6e001372827c7984431da30c1a9438c2d6bb15cdab75bb5e325,45.5,False,True,True,True,False,False,False,0.0,0.0,False,0.0,0.0,False,0.0,0.0,False,0.0,0.0,True,106.77500000000052,-106.77500000000052,0,0.0,True,False,702.2773709560963,False,0.0,0.0,False,0.0,0.0,False,0.0,0.0,False,0.0,0.0,True,106.77500000000052,-106.77500000000052,0,0.0,True,False,702.2773709560963,qwen3.7-plus,,cd94ddfefbc2b632642e6b4267ec47ee9ebaa9229ca5cd400e149893650a67c7,b8616645680a601a9612d68542834778b10d9e8ed2f6e90bb6af7df004f1c9c8,1,2.053062,2026-08-26T14:14:02.481812+00:00,2026-08-26T14:14:04.534874+00:00,1787753642.481812,1787753644.534874
QWEN37_F0,qwen37f0_1ce6e32bc06aa7dc6f53,v2e2_01647af4ab413aad9430,qwen37_plus_direct,S2,stale,2,4,39,power_limit_derating,hard,winter,sacramento,5,91,22.75,175.0,250.0,-75.0,75.0,canonical_lower,75.0,True,1bf49b19d7a41d7aabe9a1bdfeb520e462026ca8c377003b72b2e2c4f58b7ca0,748.2474999999997,False,True,True,True,False,False,False,0.0,0.0,False,0.0,0.0,True,460.83512499999983,13824.009749999994,False,0.0,0.0,True,635.8351249999998,635.8351249999998,59,13824.009749999996,False,False,763.1188298151712,False,0.0,0.0,False,0.0,0.0,True,385.83512499999983,9722.821874999992,False,0.0,0.0,True,560.8351249999998,560.8351249999998,50,9722.821874999996,False,False,763.1188298151712,qwen3.7-plus,,ee16c72384f956ac3fafe52c2b6c7b98368973d787b0bd248c103e5961d43942,8e59cb22ea5b87df78e6341e4aa1f2ee8761c82e5055df262e82dd1bf648579b,1,1.131314,2026-08-26T14:14:04.561715+00:00,2026-08-26T14:14:05.693029+00:00,1787753644.561715,1787753645.693029
QWEN37_F0,qwen37f0_2af3869e046374defe64,v2e2_28d9724eea09520d5cd7,qwen37_plus_direct,S1,stale,1,1,6,reserve_commitment_update,medium,spring,los_angeles,6,90,22.5,175.0,250.0,-75.0,75.0,canonical_lower,75.0,True,1c8cde70e3e1aa134aa7de277c095dd675922c7fe4369123315008bcfe84f902,1874.9250000000002,False,True,True,True,False,False,False,0.0,0.0,False,0.0,0.0,True,1531.1787499999969,59999.94487499997,False,0.0,0.0,True,1706.1787499999969,1706.1787499999969,78,59999.944874999965,False,False,322.4182247876622,False,0.0,0.0,False,0.0,0.0,True,1456.178749999997,54302.07412499998,False,0.0,0.0,True,1631.178749999997,1631.178749999997,74,54302.07412499998,False,False,322.4182247876622,qwen3.7-plus,,9ed33e5d7732c2f3830c42cfb38c36e6d2100681d82d840eafd90e2ce77a9247,56ef45400eef7b2b72950d5fc0188b4d753a59a69ab4f2ba846ba2c192013665,1,8.002455,2026-08-26T14:13:21.078233+00:00,2026-08-26T14:13:29.080688+00:00,1787753601.078233,1787753609.080688
QWEN37_F0,qwen37f0_2af3869e046374defe64,v2e2_28d9724eea09520d5cd7,qwen37_plus_direct,C2,canonical,2,2,6,reserve_commitment_update,medium,spring,los_angeles,6,90,22.5,175.0,250.0,-75.0,75.0,canonical_lower,75.0,True,1fc95291c9e39ea5ecdba231eeb95be081b5196e4c811595e83ab97a0e852d4d,51.300000000000004,False,True,True,True,False,False,False,0.0,0.0,False,0.0,0.0,False,0.0,0.0,False,0.0,0.0,True,129.80250000000012,-129.80250000000012,0,0.0,True,False,260.18275373001234,False,0.0,0.0,False,0.0,0.0,False,0.0,0.0,False,0.0,0.0,True,129.80250000000012,-129.80250000000012,0,0.0,True,False,260.18275373001234,qwen3.7-plus,,ab3b1a07312f4c1e81f81aa70dfedfdfde19f7ce285b9178e866e39648fbb8de,4fb3b0ea1661735c9d3414587c53e523b40d66ac33ba43aba329dc9a928a84a1,1,1.953321,2026-08-26T14:13:29.108507+00:00,2026-08-26T14:13:31.061828+00:00,1787753609.108507,1787753611.061828
QWEN37_F0,qwen37f0_2af3869e046374defe64,v2e2_28d9724eea09520d5cd7,qwen37_plus_direct,S2,stale,2,3,6,reserve_commitment_update,medium,spring,los_angeles,6,90,22.5,175.0,250.0,-75.0,75.0,canonical_lower,75.0,True,42351936bd4f5b1bb909ad1554b9e2aba9426b750f27597cf4f1b9fb6ef8cd8f,375.0075,False,True,True,True,False,False,False,0.0,0.0,False,0.0,0.0,True,106.25712500000077,1479.539587500018,False,0.0,0.0,True,281.25712500000077,281.25712500000077,27,1479.539587500018,False,False,271.37804848509836,False,0.0,0.0,False,0.0,0.0,True,31.25712500000077,139.22145000000592,False,0.0,0.0,True,206.25712500000077,206.25712500000077,8,139.22145000000592,False,False,271.37804848509836,qwen3.7-plus,,9ed33e5d7732c2f3830c42cfb38c36e6d2100681d82d840eafd90e2ce77a9247,56ef45400eef7b2b72950d5fc0188b4d753a59a69ab4f2ba846ba2c192013665,1,1.209809,2026-08-26T14:13:31.094073+00:00,2026-08-26T14:13:32.303882+00:00,1787753611.094073,1787753612.303882
QWEN37_F0,qwen37f0_2af3869e046374defe64,v2e2_28d9724eea09520d5cd7,qwen37_plus_direct,C1,canonical,1,4,6,reserve_commitment_update,medium,spring,los_angeles,6,90,22.5,175.0,250.0,-75.0,75.0,canonical_lower,75.0,True,33b8e14c0cd42f3a8480d01e2d40c085a75658a25390a057dfc3551748da98a0,3846.0,False,True,True,True,False,False,False,0.0,0.0,False,0.0,0.0,True,2762.5,151493.38815789466,False,0.0,0.0,True,2310.1315789473665,2310.1315789473665,85,151493.38815789451,False,False,391.128638713513,False,0.0,0.0,False,0.0,0.0,True,2762.5,151493.38815789466,False,0.0,0.0,True,2310.1315789473665,2310.1315789473665,85,151493.38815789451,False,False,391.128638713513,qwen3.7-plus,,ab3b1a07312f4c1e81f81aa70dfedfdfde19f7ce285b9178e866e39648fbb8de,4fb3b0ea1661735c9d3414587c53e523b40d66ac33ba43aba329dc9a928a84a1,1,2.028906,2026-08-26T14:13:32.330542+00:00,2026-08-26T14:13:34.359448+00:00,1787753612.330542,1787753614.359448
QWEN37_F0,qwen37f0_3dc0af9594d02e1dc109,v2e2_12b72852882928644d40,qwen37_plus_direct,C2,canonical,2,1,32,forecast_revision,easy,winter,los_angeles,10,86,21.5,300.0,250.0,50.0,50.0,canonical_higher,50.0,True,5978cd2db97b662ffa19157dea0b038f49bd91e258717fd3aa751f0f82be312c,21.5,False,True,True,True,False,False,False,0.0,0.0,False,0.0,0.0,False,0.0,0.0,False,0.0,0.0,True,4.574999999999022,-4.574999999999022,0,0.0,True,False,240.18816139732277,False,0.0,0.0,False,0.0,0.0,False,0.0,0.0,False,0.0,0.0,True,4.574999999999022,-4.574999999999022,0,0.0,True,False,240.18816139732277,qwen3.7-plus,,457aebfe1bd793ad5b1d2db9d005117d64f8a4fa4f6ea3fbe425459ab5ce3a50,a0866bf69f35e4c2ff3b3349ec2330f2211890df383cf596be802a6208a4fdf6,1,1.853656,2026-08-26T14:13:51.360442+00:00,2026-08-26T14:13:53.214098+00:00,1787753631.360442,1787753633.214098
QWEN37_F0,qwen37f0_3dc0af9594d02e1dc109,v2e2_12b72852882928644d40,qwen37_plus_direct,S2,stale,2,2,32,forecast_revision,easy,winter,los_angeles,10,86,21.5,300.0,250.0,50.0,50.0,canonical_higher,50.0,True,f98e53143f926a21de88d76a5791711e9575eb22a05357c7ba03558b43a66826,376.25,False,True,True,True,False,False,False,0.0,0.0,False,0.0,0.0,True,107.4375,1442.59375,False,0.0,0.0,True,282.4375,282.4375,26,1442.59375,False,False,258.8149582673222,False,0.0,0.0,False,0.0,0.0,True,157.4375,3060.78125,False,0.0,0.0,True,332.4375,332.4375,38,3060.78125,False,False,258.8149582673222,qwen3.7-plus,,f893e14fe8f910556fc1c88a32438e5dcd2ac189d7b1750a1fce92622945844c,ed660e85d62a065d17ede6937922d99edaa50262c97b5712ce1e5903464f8252,1,1.393334,2026-08-26T14:13:53.241211+00:00,2026-08-26T14:13:54.634545+00:00,1787753633.241211,1787753634.634545
QWEN37_F0,qwen37f0_3dc0af9594d02e1dc109,v2e2_12b72852882928644d40,qwen37_plus_direct,C1,canonical,1,3,32,forecast_revision,easy,winter,los_angeles,10,86,21.5,300.0,250.0,50.0,50.0,canonical_higher,50.0,True,b37eb0ee478025c3f82641f5c6b95ed3ce7eb0fe672ccd738f625820f403a943,537.5,False,True,True,True,False,False,False,0.0,0.0,False,0.0,0.0,True,310.625,8281.25,False,0.0,0.0,True,485.625,485.625,53,8281.25,False,False,267.281684117323,False,0.0,0.0,False,0.0,0.0,True,310.625,8281.25,False,0.0,0.0,True,485.625,485.625,53,8281.25,False,False,267.281684117323,qwen3.7-plus,,457aebfe1bd793ad5b1d2db9d005117d64f8a4fa4f6ea3fbe425459ab5ce3a50,a0866bf69f35e4c2ff3b3349ec2330f2211890df383cf596be802a6208a4fdf6,1,1.891805,2026-08-26T14:13:54.661160+00:00,2026-08-26T14:13:56.552965+00:00,1787753634.66116,1787753636.552965
QWEN37_F0,qwen37f0_3dc0af9594d02e1dc109,v2e2_12b72852882928644d40,qwen37_plus_direct,S1,stale,1,4,32,forecast_revision,easy,winter,los_angeles,10,86,21.5,300.0,250.0,50.0,50.0,canonical_higher,50.0,True,f98e53143f926a21de88d76a5791711e9575eb22a05357c7ba03558b43a66826,376.25,False,True,True,True,False,False,False,0.0,0.0,False,0.0,0.0,True,107.4375,1442.59375,False,0.0,0.0,True,282.4375,282.4375,26,1442.59375,False,False,258.8149582673222,False,0.0,0.0,False,0.0,0.0,True,157.4375,3060.78125,False,0.0,0.0,True,332.4375,332.4375,38,3060.78125,False,False,258.8149582673222,qwen3.7-plus,,f893e14fe8f910556fc1c88a32438e5dcd2ac189d7b1750a1fce92622945844c,ed660e85d62a065d17ede6937922d99edaa50262c97b5712ce1e5903464f8252,1,2.014146,2026-08-26T14:13:56.578863+00:00,2026-08-26T14:13:58.593009+00:00,1787753636.578863,1787753638.593009
QWEN37_F0,qwen37f0_435de2ad5ee8eee720d3,v2e2_1fd8536d13787e44dc17,qwen37_plus_direct,C2,canonical,2,1,50,battery_capacity_derating,easy,spring,fresno,6,90,22.5,350.0,250.0,100.0,100.0,canonical_higher,100.0,True,2337f4a44eeb0811225f19657385473b7094aa10e9dbc6d8e65c8ac417101571,562.5,False,True,True,True,False,False,False,0.0,0.0,True,317.1052631578942,7801.315789473666,False,0.0,0.0,False,0.0,0.0,True,567.1052631578942,-567.1052631578942,49,7801.315789473666,False,False,273.54640602041377,False,0.0,0.0,True,317.1052631578942,7801.315789473666,False,0.0,0.0,False,0.0,0.0,True,567.1052631578942,-567.1052631578942,49,7801.315789473666,False,False,273.54640602041377,qwen3.7-plus,,ae5fb65c62fb49cd4262f76835f5f7b6000542f977b03ea2947a487bd570a27c,3c45908200782776e94e0e2c79aabdd6d6195a37ff772481c24875b7914ee772,1,1.181069,2026-08-26T14:14:07.524007+00:00,2026-08-26T14:14:08.705076+00:00,1787753647.524007,1787753648.705076
QWEN37_F0,qwen37f0_435de2ad5ee8eee720d3,v2e2_1fd8536d13787e44dc17,qwen37_plus_direct,S2,stale,2,2,50,battery_capacity_derating,easy,spring,fresno,6,90,22.5,350.0,250.0,100.0,100.0,canonical_higher,100.0,True,36d1e1492376af5ea0e28dbc06947381eea6c17e34752995f55eec70839ded9d,562.5,False,True,True,True,False,False,False,0.0,0.0,False,0.0,0.0,True,324.375,9023.4375,False,0.0,0.0,True,459.375,459.375,55,9023.4375,False,False,307.9010172704138,False,0.0,0.0,False,0.0,0.0,True,424.375,15378.75,False,0.0,0.0,True,559.375,559.375,72,15378.75,False,False,307.9010172704138,qwen3.7-plus,,8857e190252c6d1a0e02d33ae020df07a920a3106604a437a5664c7d77675557,b9b6b1057c0bdde9943e13ac33653eefaff211bc30392e335fded37e6110d3c0,1,1.14111,2026-08-26T14:14:08.734591+00:00,2026-08-26T14:14:09.875701+00:00,1787753648.734591,1787753649.875701
QWEN37_F0,qwen37f0_435de2ad5ee8eee720d3,v2e2_1fd8536d13787e44dc17,qwen37_plus_direct,C1,canonical,1,3,50,battery_capacity_derating,easy,spring,fresno,6,90,22.5,350.0,250.0,100.0,100.0,canonical_higher,100.0,True,2337f4a44eeb0811225f19657385473b7094aa10e9dbc6d8e65c8ac417101571,562.5,False,True,True,True,False,False,False,0.0,0.0,True,317.1052631578942,7801.315789473666,False,0.0,0.0,False,0.0,0.0,True,567.1052631578942,-567.1052631578942,49,7801.315789473666,False,False,273.54640602041377,False,0.0,0.0,True,317.1052631578942,7801.315789473666,False,0.0,0.0,False,0.0,0.0,True,567.1052631578942,-567.1052631578942,49,7801.315789473666,False,False,273.54640602041377,qwen3.7-plus,,ae5fb65c62fb49cd4262f76835f5f7b6000542f977b03ea2947a487bd570a27c,3c45908200782776e94e0e2c79aabdd6d6195a37ff772481c24875b7914ee772,1,1.697928,2026-08-26T14:14:09.909648+00:00,2026-08-26T14:14:11.607576+00:00,1787753649.909648,1787753651.607576
QWEN37_F0,qwen37f0_435de2ad5ee8eee720d3,v2e2_1fd8536d13787e44dc17,qwen37_plus_direct,S1,stale,1,4,50,battery_capacity_derating,easy,spring,fresno,6,90,22.5,350.0,250.0,100.0,100.0,canonical_higher,100.0,True,36d1e1492376af5ea0e28dbc06947381eea6c17e34752995f55eec70839ded9d,562.5,False,True,True,True,False,False,False,0.0,0.0,False,0.0,0.0,True,324.375,9023.4375,False,0.0,0.0,True,459.375,459.375,55,9023.4375,False,False,307.9010172704138,False,0.0,0.0,False,0.0,0.0,True,424.375,15378.75,False,0.0,0.0,True,559.375,559.375,72,15378.75,False,False,307.9010172704138,qwen3.7-plus,,8857e190252c6d1a0e02d33ae020df07a920a3106604a437a5664c7d77675557,b9b6b1057c0bdde9943e13ac33653eefaff211bc30392e335fded37e6110d3c0,1,1.671818,2026-08-26T14:14:11.640932+00:00,2026-08-26T14:14:13.312750+00:00,1787753651.640932,1787753653.31275
QWEN37_F0,qwen37f0_67ef0b505bfbf7ac9d4b,v2e2_b7e962716394d888d563,qwen37_plus_direct,C2,canonical,2,1,67,forecast_revision,easy,autumn,sacramento,5,91,22.75,150.0,250.0,-100.0,100.0,canonical_lower,100.0,True,f72bb749a2ec5fe51da0e86ac561e25e004d96d08380645768afc4adbe8be69c,568.75,False,True,True,True,False,False,False,0.0,0.0,False,0.0,0.0,True,190.3125,3145.3125,False,0.0,0.0,True,365.3125,365.3125,33,3145.3125,False,False,533.4001318262409,False,0.0,0.0,False,0.0,0.0,True,190.3125,3145.3125,False,0.0,0.0,True,365.3125,365.3125,33,3145.3125,False,False,533.4001318262409,qwen3.7-plus,,03af9d72aa8ede96a38f73a4efdcb6d9a8213debd1e3d469dbccae2a38c1bf03,babac1e9e5f7a6c2609ee2d1c92d94a1e876dce29195742405c59ab959d1ede6,1,1.61974,2026-08-26T14:14:27.949570+00:00,2026-08-26T14:14:29.569310+00:00,1787753667.94957,1787753669.56931
QWEN37_F0,qwen37f0_67ef0b505bfbf7ac9d4b,v2e2_b7e962716394d888d563,qwen37_plus_direct,S2,stale,2,2,67,forecast_revision,easy,autumn,sacramento,5,91,22.75,150.0,250.0,-100.0,100.0,canonical_lower,100.0,True,51a7d900bc708785e8bab99c312e63e8c1694470251bed9226b7a31e49a41aac,746.2000000000003,False,True,True,True,False,False,False,0.0,0.0,False,0.0,0.0,True,458.8899999999986,13745.819999999983,False,0.0,0.0,True,633.8899999999986,633.8899999999986,59,13745.819999999983,False,False,545.0001028322412,False,0.0,0.0,False,0.0,0.0,True,358.88999999999896,8446.839999999991,False,0.0,0.0,True,533.889999999999,533.889999999999,47,8446.839999999991,False,False,545.0001028322412,qwen3.7-plus,,231d98336d163e414b9b628d16a6c7fc0a0908f1f366ac3f391b14626ccbad73,b6ccb82973e703fdc6d716d9e817d2790553027026f307568e8b862f7cdb3e8c,1,2.456473,2026-08-26T14:14:29.596275+00:00,2026-08-26T14:14:32.052748+00:00,1787753669.596275,1787753672.052748
QWEN37_F0,qwen37f0_67ef0b505bfbf7ac9d4b,v2e2_b7e962716394d888d563,qwen37_plus_direct,C1,canonical,1,3,67,forecast_revision,easy,autumn,sacramento,5,91,22.75,150.0,250.0,-100.0,100.0,canonical_lower,100.0,True,ce6bb94c5159371faff434c46887e9b0d2810c9227d8d287c0cc3f3cbbf9ea42,5687.5,False,True,True,True,False,False,False,0.0,0.0,False,0.0,0.0,True,5053.125,217553.125,False,0.0,0.0,True,5228.125,5228.125,86,217553.125,False,False,868.0146800762406,False,0.0,0.0,False,0.0,0.0,True,5053.125,217553.125,False,0.0,0.0,True,5228.125,5228.125,86,217553.125,False,False,868.0146800762406,qwen3.7-plus,,03af9d72aa8ede96a38f73a4efdcb6d9a8213debd1e3d469dbccae2a38c1bf03,babac1e9e5f7a6c2609ee2d1c92d94a1e876dce29195742405c59ab959d1ede6,1,1.318116,2026-08-26T14:14:32.084280+00:00,2026-08-26T14:14:33.402396+00:00,1787753672.08428,1787753673.402396
QWEN37_F0,qwen37f0_67ef0b505bfbf7ac9d4b,v2e2_b7e962716394d888d563,qwen37_plus_direct,S1,stale,1,4,67,forecast_revision,easy,autumn,sacramento,5,91,22.75,150.0,250.0,-100.0,100.0,canonical_lower,100.0,True,918246868d17cbd03a144a3c7c589fa5c8f1d110ca61b465767dfb46d5f5a368,74.61999999999999,False,True,True,True,False,False,False,0.0,0.0,False,0.0,0.0,False,0.0,0.0,False,0.0,0.0,True,4.111000000000331,-4.111000000000331,0,0.0,True,False,501.0986741018396,False,0.0,0.0,False,0.0,0.0,False,0.0,0.0,False,0.0,0.0,True,104.11100000000033,-104.11100000000033,0,0.0,True,False,501.0986741018396,qwen3.7-plus,,231d98336d163e414b9b628d16a6c7fc0a0908f1f366ac3f391b14626ccbad73,b6ccb82973e703fdc6d716d9e817d2790553027026f307568e8b862f7cdb3e8c,1,6.525678,2026-08-26T14:14:33.434958+00:00,2026-08-26T14:14:39.960636+00:00,1787753673.434958,1787753679.960636
QWEN37_F0,qwen37f0_6937c71adb8cfb278b77,v2e2_7f938d120000eec26457,qwen37_plus_direct,C2,canonical,2,1,38,battery_capacity_derating,easy,summer,los_angeles,8,88,22.0,175.0,250.0,-75.0,75.0,canonical_lower,75.0,True,87af7c9594fbbf378c7b632cc9c2211b59b3a31d837085d1c6ada581aca4d767,374.9900000000001,False,True,True,True,False,False,False,0.0,0.0,False,0.0,0.0,True,71.24049999999932,662.9563124999868,False,0.0,0.0,True,206.24049999999932,206.24049999999932,18,662.9563124999868,False,False,289.80734670668807,False,0.0,0.0,False,0.0,0.0,True,71.24049999999932,662.9563124999868,False,0.0,0.0,True,206.24049999999932,206.24049999999932,18,662.9563124999868,False,False,289.80734670668807,qwen3.7-plus,,3ac7dca69ec580410d81ad7b3a745ee1fe064298869898efbadc3c08f2429607,be04fa3a1d8ebf73035a0d2e48bd86edc4e00c41a11e1a7b51e421f647842dda,1,2.006706,2026-08-26T14:13:57.010512+00:00,2026-08-26T14:13:59.017218+00:00,1787753637.010512,1787753639.017218
QWEN37_F0,qwen37f0_6937c71adb8cfb278b77,v2e2_7f938d120000eec26457,qwen37_plus_direct,S2,stale,2,2,38,battery_capacity_derating,easy,summer,los_angeles,8,88,22.0,175.0,250.0,-75.0,75.0,canonical_lower,75.0,True,0cee576cabf4af7203bfbc493c1169cefa69e7bf8600ffdbc6ab9b8ad6fcd25b,22.0,False,True,True,True,False,False,False,0.0,0.0,False,0.0,0.0,False,0.0,0.0,False,0.0,0.0,True,54.099999999999,-54.099999999999,0,0.0,True,False,271.6920382145891,False,0.0,0.0,False,0.0,0.0,False,0.0,0.0,False,0.0,0.0,True,129.099999999999,-129.099999999999,0,0.0,True,False,271.6920382145891,qwen3.7-plus,,23e08dc3506247d3b38032b27d4f42c731dbb77613fdbf19d9814a3372f07ed6,4ad75ee4a1abafe449fd1a27752a7d145e5d9ed6058b67d69b0058731184ae53,1,1.415658,2026-08-26T14:13:59.043176+00:00,2026-08-26T14:14:00.458834+00:00,1787753639.043176,1787753640.458834
QWEN37_F0,qwen37f0_6937c71adb8cfb278b77,v2e2_7f938d120000eec26457,qwen37_plus_direct,C1,canonical,1,3,38,battery_capacity_derating,easy,summer,los_angeles,8,88,22.0,175.0,250.0,-75.0,75.0,canonical_lower,75.0,True,25addb9a3b409b662a756f476b9715de2c573b8f829545d4df99595de5147f5a,379.28000000000003,False,True,True,True,False,False,False,0.0,0.0,False,0.0,0.0,True,75.31599999999935,730.8444999999854,False,0.0,0.0,True,210.31599999999935,210.31599999999935,19,730.8444999999854,False,False,290.027507825788,False,0.0,0.0,False,0.0,0.0,True,75.31599999999935,730.8444999999854,False,0.0,0.0,True,210.31599999999935,210.31599999999935,19,730.8444999999854,False,False,290.027507825788,qwen3.7-plus,,3ac7dca69ec580410d81ad7b3a745ee1fe064298869898efbadc3c08f2429607,be04fa3a1d8ebf73035a0d2e48bd86edc4e00c41a11e1a7b51e421f647842dda,1,1.81647,2026-08-26T14:14:00.489221+00:00,2026-08-26T14:14:02.305691+00:00,1787753640.489221,1787753642.305691
QWEN37_F0,qwen37f0_6937c71adb8cfb278b77,v2e2_7f938d120000eec26457,qwen37_plus_direct,S1,stale,1,4,38,battery_capacity_derating,easy,summer,los_angeles,8,88,22.0,175.0,250.0,-75.0,75.0,canonical_lower,75.0,True,87af7c9594fbbf378c7b632cc9c2211b59b3a31d837085d1c6ada581aca4d767,374.9900000000001,False,True,True,True,False,False,False,0.0,0.0,False,0.0,0.0,True,146.24049999999988,2714.8056249999745,False,0.0,0.0,True,281.2404999999999,281.2404999999999,37,2714.8056249999745,False,False,289.80734670668807,False,0.0,0.0,False,0.0,0.0,True,71.24049999999932,662.9563124999868,False,0.0,0.0,True,206.24049999999932,206.24049999999932,18,662.9563124999868,False,False,289.80734670668807,qwen3.7-plus,,23e08dc3506247d3b38032b27d4f42c731dbb77613fdbf19d9814a3372f07ed6,4ad75ee4a1abafe449fd1a27752a7d145e5d9ed6058b67d69b0058731184ae53,1,1.741217,2026-08-26T14:14:02.335267+00:00,2026-08-26T14:14:04.076484+00:00,1787753642.335267,1787753644.076484
QWEN37_F0,qwen37f0_6a190c0d081e6b1e37f7,v2e2_20534de655a33fde87ca,qwen37_plus_direct,S2,stale,2,1,73,export_limit_update,easy,summer,los_angeles,4,92,23.0,150.0,250.0,-100.0,100.0,canonical_lower,100.0,True,23cd904e05dc77458353892d5f14d947eba44b207c53c72781ee8e10c1307fa8,37.48999999999998,False,True,True,True,False,False,False,0.0,0.0,False,0.0,0.0,False,0.0,0.0,False,0.0,0.0,True,39.38449999999807,-39.38449999999807,0,0.0,True,False,294.2264430383895,False,0.0,0.0,False,0.0,0.0,False,0.0,0.0,False,0.0,0.0,True,139.38450000000023,-139.38450000000023,0,0.0,True,False,294.2264430383895,qwen3.7-plus,,7ea6855a1a1623864cb4fb3a53536cb09bbda62fa94448c2fc52f2547a6fece9,bd618422efe944c2c9411248966e44e5dc3576d4800a4ac27137ad1213ce309b,1,1.386556,2026-08-26T14:14:31.343172+00:00,2026-08-26T14:14:32.729728+00:00,1787753671.343172,1787753672.729728
QWEN37_F0,qwen37f0_6a190c0d081e6b1e37f7,v2e2_20534de655a33fde87ca,qwen37_plus_direct,C1,canonical,1,2,73,export_limit_update,easy,summer,los_angeles,4,92,23.0,150.0,250.0,-100.0,100.0,canonical_lower,100.0,True,ccdafca388b7730f5fdf2bc7ed6f34f4b879dd4084eb5f1192dae62e8d5d68eb,43.8095238095238,False,True,True,True,False,False,False,0.0,0.0,False,0.0,0.0,False,0.0,0.0,False,0.0,0.0,True,133.38095238095138,-133.38095238095138,0,0.0,True,False,294.58076410182275,False,0.0,0.0,False,0.0,0.0,False,0.0,0.0,False,0.0,0.0,True,133.38095238095138,-133.38095238095138,0,0.0,True,False,294.58076410182275,qwen3.7-plus,,b631f883abf68d0eef58e652134ef7a2a544788885e29001ee2e20cce164c477,63093b6e23b15b648f2749dad8d18f5ebd054e3838700c59a2b24d07f616f55e,1,1.369813,2026-08-26T14:14:32.761562+00:00,2026-08-26T14:14:34.131375+00:00,1787753672.761562,1787753674.131375
QWEN37_F0,qwen37f0_6a190c0d081e6b1e37f7,v2e2_20534de655a33fde87ca,qwen37_plus_direct,S1,stale,1,3,73,export_limit_update,easy,summer,los_angeles,4,92,23.0,150.0,250.0,-100.0,100.0,canonical_lower,100.0,True,d0562ce92b34363e8965c738451f51757008731e906ad1e4bf46d1d139a93bf9,74.97999999999996,False,True,True,True,False,False,False,0.0,0.0,False,0.0,0.0,False,0.0,0.0,False,0.0,0.0,True,3.76900000000046,-3.76900000000046,0,0.0,True,False,296.32842050828907,False,0.0,0.0,False,0.0,0.0,False,0.0,0.0,False,0.0,0.0,True,103.76900000000046,-103.76900000000046,0,0.0,True,False,296.32842050828907,qwen3.7-plus,,7ea6855a1a1623864cb4fb3a53536cb09bbda62fa94448c2fc52f2547a6fece9,bd618422efe944c2c9411248966e44e5dc3576d4800a4ac27137ad1213ce309b,1,1.600499,2026-08-26T14:14:34.161441+00:00,2026-08-26T14:14:35.761940+00:00,1787753674.161441,1787753675.76194
QWEN37_F0,qwen37f0_6a190c0d081e6b1e37f7,v2e2_20534de655a33fde87ca,qwen37_plus_direct,C2,canonical,2,4,73,export_limit_update,easy,summer,los_angeles,4,92,23.0,150.0,250.0,-100.0,100.0,canonical_lower,100.0,True,33b111c74b228d1d7897dca311e3f5495381b8fea52ce73208c45b4cb34418db,437.0,False,True,True,True,False,False,False,0.0,0.0,False,0.0,0.0,True,65.14999999999964,503.43749999998994,False,0.0,0.0,True,240.14999999999964,240.14999999999964,15,503.43749999998994,False,False,316.6260434384893,False,0.0,0.0,False,0.0,0.0,True,65.14999999999964,503.43749999998994,False,0.0,0.0,True,240.14999999999964,240.14999999999964,15,503.43749999998994,False,False,316.6260434384893,qwen3.7-plus,,b631f883abf68d0eef58e652134ef7a2a544788885e29001ee2e20cce164c477,63093b6e23b15b648f2749dad8d18f5ebd054e3838700c59a2b24d07f616f55e,1,6.110777,2026-08-26T14:14:35.792168+00:00,2026-08-26T14:14:41.902945+00:00,1787753675.792168,1787753681.902945
QWEN37_F0,qwen37f0_790d8a3bd0010dd2deb7,v2e2_16c288d882ac6a326385,qwen37_plus_direct,C1,canonical,1,1,70,battery_capacity_derating,easy,spring,fresno,4,92,23.0,200.0,250.0,-50.0,50.0,canonical_lower,50.0,True,3f5cc92084a1725589c960c4764b6669c38a4fe44f353a76f03fc803fdf0389c,310.5,False,True,True,True,False,False,False,0.0,0.0,False,0.0,0.0,True,34.975000000001046,208.38125000001088,False,0.0,0.0,True,169.97500000000105,169.97500000000105,11,208.38125000001088,False,False,420.73601778692137,False,0.0,0.0,False,0.0,0.0,True,34.975000000001046,208.38125000001088,False,0.0,0.0,True,169.97500000000105,169.97500000000105,11,208.38125000001088,False,False,420.73601778692137,qwen3.7-plus,,f8528e3a094e13659d0d81703d7603f7be376948c3cbf91f2df873463a2ad4df,4f200c97a9da51f59bcbb47b20d44c609232cf17d8a28b6e169b6e409417e7d3,1,6.892906,2026-08-26T14:14:30.036791+00:00,2026-08-26T14:14:36.929697+00:00,1787753670.036791,1787753676.929697
QWEN37_F0,qwen37f0_790d8a3bd0010dd2deb7,v2e2_16c288d882ac6a326385,qwen37_plus_direct,S1,stale,1,2,70,battery_capacity_derating,easy,spring,fresno,4,92,23.0,200.0,250.0,-50.0,50.0,canonical_lower,50.0,True,c1ce617d1dfc52dced716a8a9100b47b3bb14ce2cabefcea2d52ab374086c447,374.90000000000003,False,True,True,True,False,False,False,0.0,0.0,False,0.0,0.0,True,146.15499999999918,2832.4012499999512,False,0.0,0.0,True,281.1549999999992,281.1549999999992,38,2832.4012499999512,False,False,424.22242944292265,False,0.0,0.0,False,0.0,0.0,True,96.15499999999872,1242.4999999999636,False,0.0,0.0,True,231.15499999999872,231.15499999999872,25,1242.4999999999636,False,False,424.22242944292265,qwen3.7-plus,,c0a6244032f8bea3bb3f20b9d272b1187f96c45c1c626ad50aebd10c7ce1ed43,7211dda8eb00c6492bc9d4cb1c76b072ac48bbc9abce76b8edf808eb7a74ae68,1,1.381422,2026-08-26T14:14:36.961710+00:00,2026-08-26T14:14:38.343132+00:00,1787753676.96171,1787753678.343132
QWEN37_F0,qwen37f0_790d8a3bd0010dd2deb7,v2e2_16c288d882ac6a326385,qwen37_plus_direct,C2,canonical,2,3,70,battery_capacity_derating,easy,spring,fresno,4,92,23.0,200.0,250.0,-50.0,50.0,canonical_lower,50.0,True,3f5cc92084a1725589c960c4764b6669c38a4fe44f353a76f03fc803fdf0389c,310.5,False,True,True,True,False,False,False,0.0,0.0,False,0.0,0.0,True,34.975000000001046,208.38125000001088,False,0.0,0.0,True,169.97500000000105,169.97500000000105,11,208.38125000001088,False,False,420.73601778692137,False,0.0,0.0,False,0.0,0.0,True,34.975000000001046,208.38125000001088,False,0.0,0.0,True,169.97500000000105,169.97500000000105,11,208.38125000001088,False,False,420.73601778692137,qwen3.7-plus,,f8528e3a094e13659d0d81703d7603f7be376948c3cbf91f2df873463a2ad4df,4f200c97a9da51f59bcbb47b20d44c609232cf17d8a28b6e169b6e409417e7d3,1,1.278088,2026-08-26T14:14:38.373386+00:00,2026-08-26T14:14:39.651474+00:00,1787753678.373386,1787753679.651474
QWEN37_F0,qwen37f0_790d8a3bd0010dd2deb7,v2e2_16c288d882ac6a326385,qwen37_plus_direct,S2,stale,2,4,70,battery_capacity_derating,easy,spring,fresno,4,92,23.0,200.0,250.0,-50.0,50.0,canonical_lower,50.0,True,c1ce617d1dfc52dced716a8a9100b47b3bb14ce2cabefcea2d52ab374086c447,374.90000000000003,False,True,True,True,False,False,False,0.0,0.0,False,0.0,0.0,True,146.15499999999918,2832.4012499999512,False,0.0,0.0,True,281.1549999999992,281.1549999999992,38,2832.4012499999512,False,False,424.22242944292265,False,0.0,0.0,False,0.0,0.0,True,96.15499999999872,1242.4999999999636,False,0.0,0.0,True,231.15499999999872,231.15499999999872,25,1242.4999999999636,False,False,424.22242944292265,qwen3.7-plus,,c0a6244032f8bea3bb3f20b9d272b1187f96c45c1c626ad50aebd10c7ce1ed43,7211dda8eb00c6492bc9d4cb1c76b072ac48bbc9abce76b8edf808eb7a74ae68,1,1.722338,2026-08-26T14:14:39.676765+00:00,2026-08-26T14:14:41.399103+00:00,1787753679.676765,1787753681.399103
QWEN37_F0,qwen37f0_81b93e378ed685d77d0c,v2e2_599ab783e7af2d598059,qwen37_plus_direct,C2,canonical,2,1,31,reserve_commitment_update,hard,spring,los_angeles,5,91,22.75,300.0,250.0,50.0,50.0,canonical_higher,50.0,True,f72bb749a2ec5fe51da0e86ac561e25e004d96d08380645768afc4adbe8be69c,568.75,False,True,True,True,False,False,False,0.0,0.0,False,0.0,0.0,True,340.3125,9923.4375,False,0.0,0.0,True,515.3125,515.3125,58,9923.4375,False,False,358.39646221886557,False,0.0,0.0,False,0.0,0.0,True,340.3125,9923.4375,False,0.0,0.0,True,515.3125,515.3125,58,9923.4375,False,False,358.39646221886557,qwen3.7-plus,,f43ee7106985b33021b6cdca0501fab68f119fd367aee309090227e001eb9d44,94be664e4a31a3ba7ceaf722e93e9100d1a6dcdfd3fa968826fbe51ffa741341,1,1.528396,2026-08-26T14:13:50.963550+00:00,2026-08-26T14:13:52.491946+00:00,1787753630.96355,1787753632.491946
QWEN37_F0,qwen37f0_81b93e378ed685d77d0c,v2e2_599ab783e7af2d598059,qwen37_plus_direct,S2,stale,2,2,31,reserve_commitment_update,hard,spring,los_angeles,5,91,22.75,300.0,250.0,50.0,50.0,canonical_higher,50.0,True,f72bb749a2ec5fe51da0e86ac561e25e004d96d08380645768afc4adbe8be69c,568.75,False,True,True,True,False,False,False,0.0,0.0,False,0.0,0.0,True,290.3125,7242.8125,False,0.0,0.0,True,465.3125,465.3125,49,7242.8125,False,False,358.39646221886557,False,0.0,0.0,False,0.0,0.0,True,340.3125,9923.4375,False,0.0,0.0,True,515.3125,515.3125,58,9923.4375,False,False,358.39646221886557,qwen3.7-plus,,b0c312733b0bb5e58a7c7d62b8c74b5909508b6eb3f5ea9f75cedae778b6fd96,a8e4f31134f462683ae42beb1d4d3b727dc4d7b6fd99ff974b58eb61748754e2,1,1.200035,2026-08-26T14:13:52.522167+00:00,2026-08-26T14:13:53.722202+00:00,1787753632.522167,1787753633.722202
QWEN37_F0,qwen37f0_81b93e378ed685d77d0c,v2e2_599ab783e7af2d598059,qwen37_plus_direct,C1,canonical,1,3,31,reserve_commitment_update,hard,spring,los_angeles,5,91,22.75,300.0,250.0,50.0,50.0,canonical_higher,50.0,True,f72bb749a2ec5fe51da0e86ac561e25e004d96d08380645768afc4adbe8be69c,568.75,False,True,True,True,False,False,False,0.0,0.0,False,0.0,0.0,True,340.3125,9923.4375,False,0.0,0.0,True,515.3125,515.3125,58,9923.4375,False,False,358.39646221886557,False,0.0,0.0,False,0.0,0.0,True,340.3125,9923.4375,False,0.0,0.0,True,515.3125,515.3125,58,9923.4375,False,False,358.39646221886557,qwen3.7-plus,,f43ee7106985b33021b6cdca0501fab68f119fd367aee309090227e001eb9d44,94be664e4a31a3ba7ceaf722e93e9100d1a6dcdfd3fa968826fbe51ffa741341,1,1.093339,2026-08-26T14:13:53.753013+00:00,2026-08-26T14:13:54.846352+00:00,1787753633.753013,1787753634.846352
QWEN37_F0,qwen37f0_81b93e378ed685d77d0c,v2e2_599ab783e7af2d598059,qwen37_plus_direct,S1,stale,1,4,31,reserve_commitment_update,hard,spring,los_angeles,5,91,22.75,300.0,250.0,50.0,50.0,canonical_higher,50.0,True,f72bb749a2ec5fe51da0e86ac561e25e004d96d08380645768afc4adbe8be69c,568.75,False,True,True,True,False,False,False,0.0,0.0,False,0.0,0.0,True,290.3125,7242.8125,False,0.0,0.0,True,465.3125,465.3125,49,7242.8125,False,False,358.39646221886557,False,0.0,0.0,False,0.0,0.0,True,340.3125,9923.4375,False,0.0,0.0,True,515.3125,515.3125,58,9923.4375,False,False,358.39646221886557,qwen3.7-plus,,b0c312733b0bb5e58a7c7d62b8c74b5909508b6eb3f5ea9f75cedae778b6fd96,a8e4f31134f462683ae42beb1d4d3b727dc4d7b6fd99ff974b58eb61748754e2,1,1.732477,2026-08-26T14:13:54.875530+00:00,2026-08-26T14:13:56.608007+00:00,1787753634.87553,1787753636.608007
QWEN37_F0,qwen37f0_af0e8b5712f44d5eec65,v2e2_16b5f26ad506f7afac02,qwen37_plus_direct,S2,stale,2,1,30,export_limit_update,medium,autumn,san_diego,15,81,20.25,175.0,250.0,-75.0,75.0,canonical_lower,75.0,True,4c06c3aa1165d9dad15d38d0faf3ef0538d4217efce495e5100d67fd2b05e55f,860.625,False,True,True,True,False,False,False,0.0,0.0,False,0.0,0.0,True,567.59375,16243.21875,False,0.0,0.0,True,742.59375,742.59375,57,16243.21875,False,False,279.07509616723604,False,0.0,0.0,False,0.0,0.0,True,492.59375,12266.84375,False,0.0,0.0,True,667.59375,667.59375,49,12266.84375,False,False,279.07509616723604,qwen3.7-plus,,2dc9ba47e7426fbb0cc7b713e578e401940b9ee709b03d3019b5fab93a32705b,23f2c09586d50b0bf0f2e1587ffa509c963ec1ed2c1e8eae492045310dcff06d,1,2.049732,2026-08-26T14:13:49.311462+00:00,2026-08-26T14:13:51.361194+00:00,1787753629.311462,1787753631.361194
QWEN37_F0,qwen37f0_af0e8b5712f44d5eec65,v2e2_16b5f26ad506f7afac02,qwen37_plus_direct,C1,canonical,1,2,30,export_limit_update,medium,autumn,san_diego,15,81,20.25,175.0,250.0,-75.0,75.0,canonical_lower,75.0,True,bd03a00cf572bfa572c5e4f1b61c2c0bf10fcf0df33b772b88baffb721390b5f,506.25,False,True,True,True,False,False,False,0.0,0.0,False,0.0,0.0,True,155.9375,2126.25,False,0.0,0.0,True,330.9375,330.9375,27,2126.25,False,False,258.33187935473694,False,0.0,0.0,False,0.0,0.0,True,155.9375,2126.25,False,0.0,0.0,True,330.9375,330.9375,27,2126.25,False,False,258.33187935473694,qwen3.7-plus,,e8b46a7e2784d841ed99dabee524da0abc10f4fedcb07d4ceaa289faa18c7817,4b92c373bd44b80402f34b1ec17b5a2eb5c61525294c0fa813c88139e3b3ba4f,1,1.578918,2026-08-26T14:13:51.388905+00:00,2026-08-26T14:13:52.967823+00:00,1787753631.388905,1787753632.967823
QWEN37_F0,qwen37f0_af0e8b5712f44d5eec65,v2e2_16b5f26ad506f7afac02,qwen37_plus_direct,S1,stale,1,3,30,export_limit_update,medium,autumn,san_diego,15,81,20.25,175.0,250.0,-75.0,75.0,canonical_lower,75.0,True,6124f3babfc5c450625f91ad7f776fa9f582eff66a56383e278bf96f2d2a53dc,512.49915,False,True,True,True,False,False,False,0.0,0.0,False,0.0,0.0,True,236.87419249999834,4786.54954999995,False,0.0,0.0,True,411.87419249999834,411.87419249999834,40,4786.5495499999515,False,False,258.6976711666416,False,0.0,0.0,False,0.0,0.0,True,161.8741924999988,2260.8150299999743,False,0.0,0.0,True,336.8741924999988,336.8741924999988,27,2260.8150299999743,False,False,258.6976711666416,qwen3.7-plus,,2dc9ba47e7426fbb0cc7b713e578e401940b9ee709b03d3019b5fab93a32705b,23f2c09586d50b0bf0f2e1587ffa509c963ec1ed2c1e8eae492045310dcff06d,1,1.499004,2026-08-26T14:13:53.021099+00:00,2026-08-26T14:13:54.520103+00:00,1787753633.021099,1787753634.520103
QWEN37_F0,qwen37f0_af0e8b5712f44d5eec65,v2e2_16b5f26ad506f7afac02,qwen37_plus_direct,C2,canonical,2,4,30,export_limit_update,medium,autumn,san_diego,15,81,20.25,175.0,250.0,-75.0,75.0,canonical_lower,75.0,True,bd03a00cf572bfa572c5e4f1b61c2c0bf10fcf0df33b772b88baffb721390b5f,506.25,False,True,True,True,False,False,False,0.0,0.0,False,0.0,0.0,True,155.9375,2126.25,False,0.0,0.0,True,330.9375,330.9375,27,2126.25,False,False,258.33187935473694,False,0.0,0.0,False,0.0,0.0,True,155.9375,2126.25,False,0.0,0.0,True,330.9375,330.9375,27,2126.25,False,False,258.33187935473694,qwen3.7-plus,,e8b46a7e2784d841ed99dabee524da0abc10f4fedcb07d4ceaa289faa18c7817,4b92c373bd44b80402f34b1ec17b5a2eb5c61525294c0fa813c88139e3b3ba4f,1,1.663027,2026-08-26T14:13:54.544743+00:00,2026-08-26T14:13:56.207770+00:00,1787753634.544743,1787753636.20777
QWEN37_F0,qwen37f0_d3d6a8152a742a59fa9f,v2e2_7b2e0628b0d7b7a4badd,qwen37_plus_direct,C1,canonical,1,1,43,power_limit_derating,medium,summer,fresno,4,92,23.0,350.0,250.0,100.0,100.0,canonical_higher,100.0,True,cbf814a71888caec86c9e74ed73ec0ac85b14c262e5a4cb5a0e4a48881de586c,310.5,False,True,True,True,False,False,False,0.0,0.0,True,51.84210526315729,404.60526315788553,False,0.0,0.0,False,0.0,0.0,True,301.8421052631573,-301.8421052631573,15,404.60526315788553,False,False,281.4547225394239,False,0.0,0.0,True,51.84210526315729,404.60526315788553,False,0.0,0.0,False,0.0,0.0,True,301.8421052631573,-301.8421052631573,15,404.60526315788553,False,False,281.4547225394239,qwen3.7-plus,,442815f9a079d83beaf7de6666b51c1a3e5d1c8dc33fb7ed1a236e5c5181d112,ff830597bda36dc9c9967433b1cabe725ba58dfe9937788f1adb9b947130784b,1,2.276143,2026-08-26T14:14:01.773148+00:00,2026-08-26T14:14:04.049291+00:00,1787753641.773148,1787753644.049291
QWEN37_F0,qwen37f0_d3d6a8152a742a59fa9f,v2e2_7b2e0628b0d7b7a4badd,qwen37_plus_direct,S1,stale,1,2,43,power_limit_derating,medium,summer,fresno,4,92,23.0,350.0,250.0,100.0,100.0,canonical_higher,100.0,True,c1ce617d1dfc52dced716a8a9100b47b3bb14ce2cabefcea2d52ab374086c447,374.90000000000003,False,True,True,True,False,False,False,0.0,0.0,False,0.0,0.0,True,106.15499999999918,1509.0074999999651,False,0.0,0.0,True,281.1549999999992,281.1549999999992,28,1509.0074999999651,False,False,314.9155130934249,False,0.0,0.0,False,0.0,0.0,True,206.15500000000054,5592.611249999984,False,0.0,0.0,True,381.15500000000054,381.15500000000054,54,5592.611249999985,False,False,314.9155130934249,qwen3.7-plus,,e1f709aa3fac89434faa6c842c4c64b052c9026b3f7e975bee8c3092ceda8a6e,8aab552e97ab9fee113bc0e72298c9160b4e1adc9b666c54ae94e83af177160a,1,2.005475,2026-08-26T14:14:04.075623+00:00,2026-08-26T14:14:06.081098+00:00,1787753644.075623,1787753646.081098
QWEN37_F0,qwen37f0_d3d6a8152a742a59fa9f,v2e2_7b2e0628b0d7b7a4badd,qwen37_plus_direct,C2,canonical,2,3,43,power_limit_derating,medium,summer,fresno,4,92,23.0,350.0,250.0,100.0,100.0,canonical_higher,100.0,True,cbf814a71888caec86c9e74ed73ec0ac85b14c262e5a4cb5a0e4a48881de586c,310.5,False,True,True,True,False,False,False,0.0,0.0,True,51.84210526315729,404.60526315788553,False,0.0,0.0,False,0.0,0.0,True,301.8421052631573,-301.8421052631573,15,404.60526315788553,False,False,281.4547225394239,False,0.0,0.0,True,51.84210526315729,404.60526315788553,False,0.0,0.0,False,0.0,0.0,True,301.8421052631573,-301.8421052631573,15,404.60526315788553,False,False,281.4547225394239,qwen3.7-plus,,442815f9a079d83beaf7de6666b51c1a3e5d1c8dc33fb7ed1a236e5c5181d112,ff830597bda36dc9c9967433b1cabe725ba58dfe9937788f1adb9b947130784b,1,7.177762,2026-08-26T14:14:06.107738+00:00,2026-08-26T14:14:13.285500+00:00,1787753646.107738,1787753653.2855
QWEN37_F0,qwen37f0_d3d6a8152a742a59fa9f,v2e2_7b2e0628b0d7b7a4badd,qwen37_plus_direct,S2,stale,2,4,43,power_limit_derating,medium,summer,fresno,4,92,23.0,350.0,250.0,100.0,100.0,canonical_higher,100.0,True,c1ce617d1dfc52dced716a8a9100b47b3bb14ce2cabefcea2d52ab374086c447,374.90000000000003,False,True,True,True,False,False,False,0.0,0.0,False,0.0,0.0,True,106.15499999999918,1509.0074999999651,False,0.0,0.0,True,281.1549999999992,281.1549999999992,28,1509.0074999999651,False,False,314.9155130934249,False,0.0,0.0,False,0.0,0.0,True,206.15500000000054,5592.611249999984,False,0.0,0.0,True,381.15500000000054,381.15500000000054,54,5592.611249999985,False,False,314.9155130934249,qwen3.7-plus,,e1f709aa3fac89434faa6c842c4c64b052c9026b3f7e975bee8c3092ceda8a6e,8aab552e97ab9fee113bc0e72298c9160b4e1adc9b666c54ae94e83af177160a,1,2.099877,2026-08-26T14:14:13.311541+00:00,2026-08-26T14:14:15.411418+00:00,1787753653.311541,1787753655.411418
QWEN37_F0,qwen37f0_f13a18fccb1fbe2cf34b,v2e2_c9b994f593c92dd9efa9,qwen37_plus_direct,C1,canonical,1,1,59,power_limit_derating,hard,autumn,san_diego,5,91,22.75,200.0,250.0,-50.0,50.0,canonical_lower,50.0,True,176c1bf216d4f048c59b1cfee68232f6884f362959d14d69b5b843b89d2863bc,124.99987500000005,False,True,True,True,False,False,False,0.0,0.0,False,0.0,0.0,False,0.0,0.0,False,0.0,0.0,True,6.2501187499993875,-6.2501187499993875,0,0.0,True,False,354.81702421580576,False,0.0,0.0,False,0.0,0.0,False,0.0,0.0,False,0.0,0.0,True,6.2501187499993875,-6.2501187499993875,0,0.0,True,False,354.81702421580576,qwen3.7-plus,,608e83971705c10aedbda64767fedb4b141af79ec9bba0bf50656128c61728dc,f1cf3ceab899d6ea9feaa7a94cde773d0dececdf8e249dc77cdf84297cc42d81,1,1.608571,2026-08-26T14:14:20.123253+00:00,2026-08-26T14:14:21.731824+00:00,1787753660.123253,1787753661.731824
QWEN37_F0,qwen37f0_f13a18fccb1fbe2cf34b,v2e2_c9b994f593c92dd9efa9,qwen37_plus_direct,S1,stale,1,2,59,power_limit_derating,hard,autumn,san_diego,5,91,22.75,200.0,250.0,-50.0,50.0,canonical_lower,50.0,True,3e515c8f4169f75cc4b168579d7407202349b2e2c0fcead40bcc2c4ad6719c9a,64.83750000000002,False,True,True,True,False,False,False,0.0,0.0,False,0.0,0.0,False,0.0,0.0,False,0.0,0.0,True,13.404375000000414,-13.404375000000414,0,0.0,True,False,350.25442260273286,False,0.0,0.0,False,0.0,0.0,False,0.0,0.0,False,0.0,0.0,True,63.404375000000414,-63.404375000000414,0,0.0,True,False,350.25442260273286,qwen3.7-plus,,d9c9f091050d3aa310a770b35beafaa2bc81af7110c4fdef0b9af1808516d28f,a65a35acee127f55a7f7316bae87adc7fb37026134daa82956def0342536c7f2,1,1.103175,2026-08-26T14:14:21.758909+00:00,2026-08-26T14:14:22.862084+00:00,1787753661.758909,1787753662.862084
QWEN37_F0,qwen37f0_f13a18fccb1fbe2cf34b,v2e2_c9b994f593c92dd9efa9,qwen37_plus_direct,C2,canonical,2,3,59,power_limit_derating,hard,autumn,san_diego,5,91,22.75,200.0,250.0,-50.0,50.0,canonical_lower,50.0,True,176c1bf216d4f048c59b1cfee68232f6884f362959d14d69b5b843b89d2863bc,124.99987500000005,False,True,True,True,False,False,False,0.0,0.0,False,0.0,0.0,False,0.0,0.0,False,0.0,0.0,True,6.2501187499993875,-6.2501187499993875,0,0.0,True,False,354.81702421580576,False,0.0,0.0,False,0.0,0.0,False,0.0,0.0,False,0.0,0.0,True,6.2501187499993875,-6.2501187499993875,0,0.0,True,False,354.81702421580576,qwen3.7-plus,,608e83971705c10aedbda64767fedb4b141af79ec9bba0bf50656128c61728dc,f1cf3ceab899d6ea9feaa7a94cde773d0dececdf8e249dc77cdf84297cc42d81,1,1.845547,2026-08-26T14:14:22.889626+00:00,2026-08-26T14:14:24.735173+00:00,1787753662.889626,1787753664.735173
QWEN37_F0,qwen37f0_f13a18fccb1fbe2cf34b,v2e2_c9b994f593c92dd9efa9,qwen37_plus_direct,S2,stale,2,4,59,power_limit_derating,hard,autumn,san_diego,5,91,22.75,200.0,250.0,-50.0,50.0,canonical_lower,50.0,True,e0372355b11acfb403b88438ef99cc629a9536a2f9ed051864d33db43cb23b79,46.31900000000001,False,True,True,True,False,False,False,0.0,0.0,False,0.0,0.0,False,0.0,0.0,False,0.0,0.0,True,30.996950000001505,-30.996950000001505,0,0.0,True,False,348.850014316464,False,0.0,0.0,False,0.0,0.0,False,0.0,0.0,False,0.0,0.0,True,80.99694999999926,-80.99694999999926,0,0.0,True,False,348.850014316464,qwen3.7-plus,,d9c9f091050d3aa310a770b35beafaa2bc81af7110c4fdef0b9af1808516d28f,a65a35acee127f55a7f7316bae87adc7fb37026134daa82956def0342536c7f2,1,1.198703,2026-08-26T14:14:24.764455+00:00,2026-08-26T14:14:25.963158+00:00,1787753664.764455,1787753665.963158
QWEN37_F0,qwen37f0_fd885bbff4141c9825da,v2e2_07ecea8c63a586f9fa3b,qwen37_plus_direct,S1,stale,1,1,23,reserve_commitment_update,hard,spring,fresno,9,87,21.75,350.0,250.0,100.0,100.0,canonical_higher,100.0,True,a4e26f2ea2ca2394ce8e01407cc73888b679075d82653593bf2b368cf6f3d0fc,543.75,False,True,True,True,False,False,False,0.0,0.0,False,0.0,0.0,True,266.5625,6117.1875,False,0.0,0.0,True,441.5625,441.5625,45,6117.1875,False,False,506.0942436556517,False,0.0,0.0,False,0.0,0.0,True,366.5625,11499.0625,False,0.0,0.0,True,541.5625,541.5625,62,11499.0625,False,False,506.0942436556517,qwen3.7-plus,,11340ad322b45f30ae9f1ca21ec156c56ca94de6033549ceec7ba14caf5d7867,60b83513d694b4051194ea8dcaf06f5926010be15e8463e193830901baef7365,1,1.350545,2026-08-26T14:13:41.101659+00:00,2026-08-26T14:13:42.452204+00:00,1787753621.101659,1787753622.452204
QWEN37_F0,qwen37f0_fd885bbff4141c9825da,v2e2_07ecea8c63a586f9fa3b,qwen37_plus_direct,C2,canonical,2,2,23,reserve_commitment_update,hard,spring,fresno,9,87,21.75,350.0,250.0,100.0,100.0,canonical_higher,100.0,True,2bb7a980b34da8ddbcefeb9c91347984cf49252c9684902ed834b97350864f2b,261.0,False,True,True,True,False,False,False,0.0,0.0,True,161.23684210526272,4196.947368421023,False,0.0,0.0,False,0.0,0.0,True,249.73684210526272,-249.73684210526272,52,4196.947368421023,False,False,465.9450420231512,False,0.0,0.0,True,161.23684210526272,4196.947368421023,False,0.0,0.0,False,0.0,0.0,True,249.73684210526272,-249.73684210526272,52,4196.947368421023,False,False,465.9450420231512,qwen3.7-plus,,52cf34b9c4bcb83dc567eeefd5dc59b5140d5d65a4c88088884d2c56db729f37,b9f4dafb5e6fe0663f20bbd126ed5047afdc27affe3a95d2fc46cfb735557c9a,1,1.656141,2026-08-26T14:13:42.480600+00:00,2026-08-26T14:13:44.136741+00:00,1787753622.4806,1787753624.136741
QWEN37_F0,qwen37f0_fd885bbff4141c9825da,v2e2_07ecea8c63a586f9fa3b,qwen37_plus_direct,S2,stale,2,3,23,reserve_commitment_update,hard,spring,fresno,9,87,21.75,350.0,250.0,100.0,100.0,canonical_higher,100.0,True,a4e26f2ea2ca2394ce8e01407cc73888b679075d82653593bf2b368cf6f3d0fc,543.75,False,True,True,True,False,False,False,0.0,0.0,False,0.0,0.0,True,266.5625,6117.1875,False,0.0,0.0,True,441.5625,441.5625,45,6117.1875,False,False,506.0942436556517,False,0.0,0.0,False,0.0,0.0,True,366.5625,11499.0625,False,0.0,0.0,True,541.5625,541.5625,62,11499.0625,False,False,506.0942436556517,qwen3.7-plus,,11340ad322b45f30ae9f1ca21ec156c56ca94de6033549ceec7ba14caf5d7867,60b83513d694b4051194ea8dcaf06f5926010be15e8463e193830901baef7365,1,5.205939,2026-08-26T14:13:44.163920+00:00,2026-08-26T14:13:49.369859+00:00,1787753624.16392,1787753629.369859
QWEN37_F0,qwen37f0_fd885bbff4141c9825da,v2e2_07ecea8c63a586f9fa3b,qwen37_plus_direct,C1,canonical,1,4,23,reserve_commitment_update,hard,spring,fresno,9,87,21.75,350.0,250.0,100.0,100.0,canonical_higher,100.0,True,0ecedab110833e26fb2152b4d5fc28a92fe7b62137787466762e65eb7ce29f06,249.90749999999997,False,True,True,True,False,False,False,0.0,0.0,True,149.56052631578916,3774.0131578947253,False,0.0,0.0,False,0.0,0.0,True,238.06052631578916,-238.06052631578916,50,3774.013157894727,False,False,466.3785310186265,False,0.0,0.0,True,149.56052631578916,3774.0131578947253,False,0.0,0.0,False,0.0,0.0,True,238.06052631578916,-238.06052631578916,50,3774.013157894727,False,False,466.3785310186265,qwen3.7-plus,,52cf34b9c4bcb83dc567eeefd5dc59b5140d5d65a4c88088884d2c56db729f37,b9f4dafb5e6fe0663f20bbd126ed5047afdc27affe3a95d2fc46cfb735557c9a,1,1.570442,2026-08-26T14:13:49.395555+00:00,2026-08-26T14:13:50.965997+00:00,1787753629.395555,1787753630.965997
QWEN37_F0,qwen37f0_fdb70a084a3a1a08d9eb,v2e2_47a354a03084871e0ca3,qwen37_plus_direct,S1,stale,1,1,10,export_limit_update,medium,autumn,san_diego,6,90,22.5,200.0,250.0,-50.0,50.0,canonical_lower,50.0,True,36d1e1492376af5ea0e28dbc06947381eea6c17e34752995f55eec70839ded9d,562.5,False,True,True,True,False,False,False,0.0,0.0,False,0.0,0.0,True,284.375,6952.5,False,0.0,0.0,True,459.375,459.375,48,6952.5,False,False,262.39254822622524,False,0.0,0.0,False,0.0,0.0,True,234.375,4743.75,False,0.0,0.0,True,409.375,409.375,40,4743.75,False,False,262.39254822622524,qwen3.7-plus,,2bb1a029e8e80e07338dc2aa31d7fefbd507a9ada6bbe33948aad762404444a9,d6bb4bb3c88c298ded8e5e6080d42703786236deceddddfcb2b049444558c8ef,1,3.398426,2026-08-26T14:13:27.841104+00:00,2026-08-26T14:13:31.239530+00:00,1787753607.841104,1787753611.23953
QWEN37_F0,qwen37f0_fdb70a084a3a1a08d9eb,v2e2_47a354a03084871e0ca3,qwen37_plus_direct,C2,canonical,2,2,10,export_limit_update,medium,autumn,san_diego,6,90,22.5,200.0,250.0,-50.0,50.0,canonical_lower,50.0,True,f59ee9feafd3b24dfda6da1aa0fcac428b3338b8db17407f828b76443f72c273,5625.0,False,True,True,True,False,False,False,0.0,0.0,False,0.0,0.0,True,5043.75,216750.0,False,0.0,0.0,True,5218.75,5218.75,85,216750.0,False,False,517.6742159762249,False,0.0,0.0,False,0.0,0.0,True,5043.75,216750.0,False,0.0,0.0,True,5218.75,5218.75,85,216750.0,False,False,517.6742159762249,qwen3.7-plus,,18c6fda720dd84e29ca2bfe538b574ed4020404d881954e9e2f707cad5e9c244,0dea3d4ba8ed7be238905fa021408476411ae420d18b1efab11ceea11f289920,1,1.458537,2026-08-26T14:13:31.276051+00:00,2026-08-26T14:13:32.734588+00:00,1787753611.276051,1787753612.734588
QWEN37_F0,qwen37f0_fdb70a084a3a1a08d9eb,v2e2_47a354a03084871e0ca3,qwen37_plus_direct,S2,stale,2,3,10,export_limit_update,medium,autumn,san_diego,6,90,22.5,200.0,250.0,-50.0,50.0,canonical_lower,50.0,True,f97c4365fc38af7aee44990415c7210a1a3f8f2df4655ce7d26ef6ffebb148d2,78.97499999999997,False,True,True,True,True,False,False,0.0,0.0,False,0.0,0.0,False,0.0,0.0,False,0.0,0.0,False,0.026249999998753992,0.026249999998753992,0,0.0,True,True,238.01031249312507,False,0.0,0.0,False,0.0,0.0,False,0.0,0.0,False,0.0,0.0,True,49.97374999999954,-49.97374999999954,0,0.0,True,False,238.01031249312507,qwen3.7-plus,,2bb1a029e8e80e07338dc2aa31d7fefbd507a9ada6bbe33948aad762404444a9,d6bb4bb3c88c298ded8e5e6080d42703786236deceddddfcb2b049444558c8ef,1,1.559191,2026-08-26T14:13:32.764752+00:00,2026-08-26T14:13:34.323943+00:00,1787753612.764752,1787753614.323943
QWEN37_F0,qwen37f0_fdb70a084a3a1a08d9eb,v2e2_47a354a03084871e0ca3,qwen37_plus_direct,C1,canonical,1,4,10,export_limit_update,medium,autumn,san_diego,6,90,22.5,200.0,250.0,-50.0,50.0,canonical_lower,50.0,True,36d1e1492376af5ea0e28dbc06947381eea6c17e34752995f55eec70839ded9d,562.5,False,True,True,True,False,False,False,0.0,0.0,False,0.0,0.0,True,234.375,4743.75,False,0.0,0.0,True,409.375,409.375,40,4743.75,False,False,262.39254822622524,False,0.0,0.0,False,0.0,0.0,True,234.375,4743.75,False,0.0,0.0,True,409.375,409.375,40,4743.75,False,False,262.39254822622524,qwen3.7-plus,,18c6fda720dd84e29ca2bfe538b574ed4020404d881954e9e2f707cad5e9c244,0dea3d4ba8ed7be238905fa021408476411ae420d18b1efab11ceea11f289920,1,1.732378,2026-08-26T14:13:34.358094+00:00,2026-08-26T14:13:36.090472+00:00,1787753614.358094,1787753616.090472
