tier,block_id,scenario_id,model_condition,branch,replay_type,max_trace_abs_diff,abs_diff_terminal_soc_kwh,abs_diff_terminal_signed_error_kwh,abs_diff_terminal_absolute_error_kwh,abs_diff_total_violation_energy,abs_diff_action_energy_kwh,abs_diff_physical_cost_usd,all_flag_matches,match_dynamic_constraints_ok,match_engineering_feasible,match_strict_feasible,match_violation_interval_count
QWEN37_F1,qwen37f1_011f732c105348b17496,v2e2_4029a98e7ae402335d31,qwen37_plus_direct,C1,carrier_consistent,0.0,0.0,0.0,0.0,0.0,0.0,0.0,True,True,True,True,True
QWEN37_F1,qwen37f1_011f732c105348b17496,v2e2_4029a98e7ae402335d31,qwen37_plus_direct,C1,authoritative,0.0,0.0,0.0,0.0,0.0,0.0,0.0,True,True,True,True,True
QWEN37_F1,qwen37f1_011f732c105348b17496,v2e2_4029a98e7ae402335d31,qwen37_plus_direct,S1,carrier_consistent,0.0,0.0,0.0,0.0,0.0,0.0,0.0,True,True,True,True,True
QWEN37_F1,qwen37f1_011f732c105348b17496,v2e2_4029a98e7ae402335d31,qwen37_plus_direct,S1,authoritative,0.0,0.0,0.0,0.0,0.0,0.0,0.0,True,True,True,True,True
QWEN37_F1,qwen37f1_011f732c105348b17496,v2e2_4029a98e7ae402335d31,qwen37_plus_direct,C2,carrier_consistent,0.0,0.0,0.0,0.0,0.0,0.0,0.0,True,True,True,True,True
QWEN37_F1,qwen37f1_011f732c105348b17496,v2e2_4029a98e7ae402335d31,qwen37_plus_direct,C2,authoritative,0.0,0.0,0.0,0.0,0.0,0.0,0.0,True,True,True,True,True
QWEN37_F1,qwen37f1_011f732c105348b17496,v2e2_4029a98e7ae402335d31,qwen37_plus_direct,S2,carrier_consistent,0.0,0.0,0.0,0.0,0.0,0.0,0.0,True,True,True,True,True
QWEN37_F1,qwen37f1_011f732c105348b17496,v2e2_4029a98e7ae402335d31,qwen37_plus_direct,S2,authoritative,0.0,0.0,0.0,0.0,0.0,0.0,0.0,True,True,True,True,True
QWEN37_F1,qwen37f1_043c12b7330e60ca555b,v2e2_28d9724eea09520d5cd7,qwen37_plus_direct,S1,carrier_consistent,0.0,0.0,0.0,0.0,0.0,0.0,0.0,True,True,True,True,True
QWEN37_F1,qwen37f1_043c12b7330e60ca555b,v2e2_28d9724eea09520d5cd7,qwen37_plus_direct,S1,authoritative,0.0,0.0,0.0,0.0,0.0,0.0,0.0,True,True,True,True,True
QWEN37_F1,qwen37f1_043c12b7330e60ca555b,v2e2_28d9724eea09520d5cd7,qwen37_plus_direct,C2,carrier_consistent,0.0,0.0,0.0,0.0,0.0,0.0,0.0,True,True,True,True,True
QWEN37_F1,qwen37f1_043c12b7330e60ca555b,v2e2_28d9724eea09520d5cd7,qwen37_plus_direct,C2,authoritative,0.0,0.0,0.0,0.0,0.0,0.0,0.0,True,True,True,True,True
QWEN37_F1,qwen37f1_043c12b7330e60ca555b,v2e2_28d9724eea09520d5cd7,qwen37_plus_direct,S2,carrier_consistent,0.0,0.0,0.0,0.0,0.0,0.0,0.0,True,True,True,True,True
QWEN37_F1,qwen37f1_043c12b7330e60ca555b,v2e2_28d9724eea09520d5cd7,qwen37_plus_direct,S2,authoritative,0.0,0.0,0.0,0.0,0.0,0.0,0.0,True,True,True,True,True
QWEN37_F1,qwen37f1_043c12b7330e60ca555b,v2e2_28d9724eea09520d5cd7,qwen37_plus_direct,C1,carrier_consistent,0.0,0.0,0.0,0.0,0.0,0.0,0.0,True,True,True,True,True
QWEN37_F1,qwen37f1_043c12b7330e60ca555b,v2e2_28d9724eea09520d5cd7,qwen37_plus_direct,C1,authoritative,0.0,0.0,0.0,0.0,0.0,0.0,0.0,True,True,True,True,True
QWEN37_F1,qwen37f1_0f366cce0fb761f14bc8,v2e2_8e9a9550f230c7b3cff3,qwen37_plus_direct,S2,carrier_consistent,0.0,0.0,0.0,0.0,0.0,0.0,0.0,True,True,True,True,True
QWEN37_F1,qwen37f1_0f366cce0fb761f14bc8,v2e2_8e9a9550f230c7b3cff3,qwen37_plus_direct,S2,authoritative,0.0,0.0,0.0,0.0,0.0,0.0,0.0,True,True,True,True,True
QWEN37_F1,qwen37f1_0f366cce0fb761f14bc8,v2e2_8e9a9550f230c7b3cff3,qwen37_plus_direct,C1,carrier_consistent,0.0,0.0,0.0,0.0,0.0,0.0,0.0,True,True,True,True,True
QWEN37_F1,qwen37f1_0f366cce0fb761f14bc8,v2e2_8e9a9550f230c7b3cff3,qwen37_plus_direct,C1,authoritative,0.0,0.0,0.0,0.0,0.0,0.0,0.0,True,True,True,True,True
QWEN37_F1,qwen37f1_0f366cce0fb761f14bc8,v2e2_8e9a9550f230c7b3cff3,qwen37_plus_direct,S1,carrier_consistent,0.0,0.0,0.0,0.0,0.0,0.0,0.0,True,True,True,True,True
QWEN37_F1,qwen37f1_0f366cce0fb761f14bc8,v2e2_8e9a9550f230c7b3cff3,qwen37_plus_direct,S1,authoritative,0.0,0.0,0.0,0.0,0.0,0.0,0.0,True,True,True,True,True
QWEN37_F1,qwen37f1_0f366cce0fb761f14bc8,v2e2_8e9a9550f230c7b3cff3,qwen37_plus_direct,C2,carrier_consistent,0.0,0.0,0.0,0.0,0.0,0.0,0.0,True,True,True,True,True
QWEN37_F1,qwen37f1_0f366cce0fb761f14bc8,v2e2_8e9a9550f230c7b3cff3,qwen37_plus_direct,C2,authoritative,0.0,0.0,0.0,0.0,0.0,0.0,0.0,True,True,True,True,True
QWEN37_F1,qwen37f1_143d4851945fe71e55d7,v2e2_729fd4e9cb1879f64d23,qwen37_plus_direct,C2,carrier_consistent,0.0,0.0,0.0,0.0,0.0,0.0,0.0,True,True,True,True,True
QWEN37_F1,qwen37f1_143d4851945fe71e55d7,v2e2_729fd4e9cb1879f64d23,qwen37_plus_direct,C2,authoritative,0.0,0.0,0.0,0.0,0.0,0.0,0.0,True,True,True,True,True
QWEN37_F1,qwen37f1_143d4851945fe71e55d7,v2e2_729fd4e9cb1879f64d23,qwen37_plus_direct,S2,carrier_consistent,0.0,0.0,0.0,0.0,0.0,0.0,0.0,True,True,True,True,True
QWEN37_F1,qwen37f1_143d4851945fe71e55d7,v2e2_729fd4e9cb1879f64d23,qwen37_plus_direct,S2,authoritative,0.0,0.0,0.0,0.0,0.0,0.0,0.0,True,True,True,True,True
QWEN37_F1,qwen37f1_143d4851945fe71e55d7,v2e2_729fd4e9cb1879f64d23,qwen37_plus_direct,C1,carrier_consistent,0.0,0.0,0.0,0.0,0.0,0.0,0.0,True,True,True,True,True
QWEN37_F1,qwen37f1_143d4851945fe71e55d7,v2e2_729fd4e9cb1879f64d23,qwen37_plus_direct,C1,authoritative,0.0,0.0,0.0,0.0,0.0,0.0,0.0,True,True,True,True,True
QWEN37_F1,qwen37f1_143d4851945fe71e55d7,v2e2_729fd4e9cb1879f64d23,qwen37_plus_direct,S1,carrier_consistent,0.0,0.0,0.0,0.0,0.0,0.0,0.0,True,True,True,True,True
QWEN37_F1,qwen37f1_143d4851945fe71e55d7,v2e2_729fd4e9cb1879f64d23,qwen37_plus_direct,S1,authoritative,0.0,0.0,0.0,0.0,0.0,0.0,0.0,True,True,True,True,True
QWEN37_F1,qwen37f1_15b9580deeef7a90c854,v2e2_c577765fa5c45c1fea7a,qwen37_plus_direct,S2,carrier_consistent,0.0,0.0,0.0,0.0,0.0,0.0,0.0,True,True,True,True,True
QWEN37_F1,qwen37f1_15b9580deeef7a90c854,v2e2_c577765fa5c45c1fea7a,qwen37_plus_direct,S2,authoritative,0.0,0.0,0.0,0.0,0.0,0.0,0.0,True,True,True,True,True
QWEN37_F1,qwen37f1_15b9580deeef7a90c854,v2e2_c577765fa5c45c1fea7a,qwen37_plus_direct,C1,carrier_consistent,0.0,0.0,0.0,0.0,0.0,0.0,0.0,True,True,True,True,True
QWEN37_F1,qwen37f1_15b9580deeef7a90c854,v2e2_c577765fa5c45c1fea7a,qwen37_plus_direct,C1,authoritative,0.0,0.0,0.0,0.0,0.0,0.0,0.0,True,True,True,True,True
QWEN37_F1,qwen37f1_15b9580deeef7a90c854,v2e2_c577765fa5c45c1fea7a,qwen37_plus_direct,S1,carrier_consistent,0.0,0.0,0.0,0.0,0.0,0.0,0.0,True,True,True,True,True
QWEN37_F1,qwen37f1_15b9580deeef7a90c854,v2e2_c577765fa5c45c1fea7a,qwen37_plus_direct,S1,authoritative,0.0,0.0,0.0,0.0,0.0,0.0,0.0,True,True,True,True,True
QWEN37_F1,qwen37f1_15b9580deeef7a90c854,v2e2_c577765fa5c45c1fea7a,qwen37_plus_direct,C2,carrier_consistent,0.0,0.0,0.0,0.0,0.0,0.0,0.0,True,True,True,True,True
QWEN37_F1,qwen37f1_15b9580deeef7a90c854,v2e2_c577765fa5c45c1fea7a,qwen37_plus_direct,C2,authoritative,0.0,0.0,0.0,0.0,0.0,0.0,0.0,True,True,True,True,True
QWEN37_F1,qwen37f1_1763a30013826fd5f5e2,v2e2_aa86ae40329fa58392a5,qwen37_plus_direct,S2,carrier_consistent,0.0,0.0,0.0,0.0,0.0,0.0,0.0,True,True,True,True,True
QWEN37_F1,qwen37f1_1763a30013826fd5f5e2,v2e2_aa86ae40329fa58392a5,qwen37_plus_direct,S2,authoritative,0.0,0.0,0.0,0.0,0.0,0.0,0.0,True,True,True,True,True
QWEN37_F1,qwen37f1_1763a30013826fd5f5e2,v2e2_aa86ae40329fa58392a5,qwen37_plus_direct,C1,carrier_consistent,0.0,0.0,0.0,0.0,0.0,0.0,0.0,True,True,True,True,True
QWEN37_F1,qwen37f1_1763a30013826fd5f5e2,v2e2_aa86ae40329fa58392a5,qwen37_plus_direct,C1,authoritative,0.0,0.0,0.0,0.0,0.0,0.0,0.0,True,True,True,True,True
QWEN37_F1,qwen37f1_1763a30013826fd5f5e2,v2e2_aa86ae40329fa58392a5,qwen37_plus_direct,S1,carrier_consistent,0.0,0.0,0.0,0.0,0.0,0.0,0.0,True,True,True,True,True
QWEN37_F1,qwen37f1_1763a30013826fd5f5e2,v2e2_aa86ae40329fa58392a5,qwen37_plus_direct,S1,authoritative,0.0,0.0,0.0,0.0,0.0,0.0,0.0,True,True,True,True,True
QWEN37_F1,qwen37f1_1763a30013826fd5f5e2,v2e2_aa86ae40329fa58392a5,qwen37_plus_direct,C2,carrier_consistent,0.0,0.0,0.0,0.0,0.0,0.0,0.0,True,True,True,True,True
QWEN37_F1,qwen37f1_1763a30013826fd5f5e2,v2e2_aa86ae40329fa58392a5,qwen37_plus_direct,C2,authoritative,0.0,0.0,0.0,0.0,0.0,0.0,0.0,True,True,True,True,True
QWEN37_F1,qwen37f1_1b7a51c9d887d40ffd14,v2e2_68ad1227a66cd68252f6,qwen37_plus_direct,S1,carrier_consistent,0.0,0.0,0.0,0.0,0.0,0.0,0.0,True,True,True,True,True
QWEN37_F1,qwen37f1_1b7a51c9d887d40ffd14,v2e2_68ad1227a66cd68252f6,qwen37_plus_direct,S1,authoritative,0.0,0.0,0.0,0.0,0.0,0.0,0.0,True,True,True,True,True
QWEN37_F1,qwen37f1_1b7a51c9d887d40ffd14,v2e2_68ad1227a66cd68252f6,qwen37_plus_direct,C2,carrier_consistent,0.0,0.0,0.0,0.0,0.0,0.0,0.0,True,True,True,True,True
QWEN37_F1,qwen37f1_1b7a51c9d887d40ffd14,v2e2_68ad1227a66cd68252f6,qwen37_plus_direct,C2,authoritative,0.0,0.0,0.0,0.0,0.0,0.0,0.0,True,True,True,True,True
QWEN37_F1,qwen37f1_1b7a51c9d887d40ffd14,v2e2_68ad1227a66cd68252f6,qwen37_plus_direct,S2,carrier_consistent,0.0,0.0,0.0,0.0,0.0,0.0,0.0,True,True,True,True,True
QWEN37_F1,qwen37f1_1b7a51c9d887d40ffd14,v2e2_68ad1227a66cd68252f6,qwen37_plus_direct,S2,authoritative,0.0,0.0,0.0,0.0,0.0,0.0,0.0,True,True,True,True,True
QWEN37_F1,qwen37f1_1b7a51c9d887d40ffd14,v2e2_68ad1227a66cd68252f6,qwen37_plus_direct,C1,carrier_consistent,0.0,0.0,0.0,0.0,0.0,0.0,0.0,True,True,True,True,True
QWEN37_F1,qwen37f1_1b7a51c9d887d40ffd14,v2e2_68ad1227a66cd68252f6,qwen37_plus_direct,C1,authoritative,0.0,0.0,0.0,0.0,0.0,0.0,0.0,True,True,True,True,True
QWEN37_F1,qwen37f1_1f77745ae5b9317d718c,v2e2_a49aba98f0f44c8c6622,qwen37_plus_direct,S2,carrier_consistent,0.0,0.0,0.0,0.0,0.0,0.0,0.0,True,True,True,True,True
QWEN37_F1,qwen37f1_1f77745ae5b9317d718c,v2e2_a49aba98f0f44c8c6622,qwen37_plus_direct,S2,authoritative,0.0,0.0,0.0,0.0,0.0,0.0,0.0,True,True,True,True,True
QWEN37_F1,qwen37f1_1f77745ae5b9317d718c,v2e2_a49aba98f0f44c8c6622,qwen37_plus_direct,C1,carrier_consistent,0.0,0.0,0.0,0.0,0.0,0.0,0.0,True,True,True,True,True
QWEN37_F1,qwen37f1_1f77745ae5b9317d718c,v2e2_a49aba98f0f44c8c6622,qwen37_plus_direct,C1,authoritative,0.0,0.0,0.0,0.0,0.0,0.0,0.0,True,True,True,True,True
QWEN37_F1,qwen37f1_1f77745ae5b9317d718c,v2e2_a49aba98f0f44c8c6622,qwen37_plus_direct,S1,carrier_consistent,0.0,0.0,0.0,0.0,0.0,0.0,0.0,True,True,True,True,True
QWEN37_F1,qwen37f1_1f77745ae5b9317d718c,v2e2_a49aba98f0f44c8c6622,qwen37_plus_direct,S1,authoritative,0.0,0.0,0.0,0.0,0.0,0.0,0.0,True,True,True,True,True
QWEN37_F1,qwen37f1_1f77745ae5b9317d718c,v2e2_a49aba98f0f44c8c6622,qwen37_plus_direct,C2,carrier_consistent,0.0,0.0,0.0,0.0,0.0,0.0,0.0,True,True,True,True,True
QWEN37_F1,qwen37f1_1f77745ae5b9317d718c,v2e2_a49aba98f0f44c8c6622,qwen37_plus_direct,C2,authoritative,0.0,0.0,0.0,0.0,0.0,0.0,0.0,True,True,True,True,True
QWEN37_F1,qwen37f1_1fc5085e99faac2363ac,v2e2_ac2a6bbea5f71d8219ff,qwen37_plus_direct,C1,carrier_consistent,0.0,0.0,0.0,0.0,0.0,0.0,0.0,True,True,True,True,True
QWEN37_F1,qwen37f1_1fc5085e99faac2363ac,v2e2_ac2a6bbea5f71d8219ff,qwen37_plus_direct,C1,authoritative,0.0,0.0,0.0,0.0,0.0,0.0,0.0,True,True,True,True,True
QWEN37_F1,qwen37f1_1fc5085e99faac2363ac,v2e2_ac2a6bbea5f71d8219ff,qwen37_plus_direct,S1,carrier_consistent,0.0,0.0,0.0,0.0,0.0,0.0,0.0,True,True,True,True,True
QWEN37_F1,qwen37f1_1fc5085e99faac2363ac,v2e2_ac2a6bbea5f71d8219ff,qwen37_plus_direct,S1,authoritative,0.0,0.0,0.0,0.0,0.0,0.0,0.0,True,True,True,True,True
QWEN37_F1,qwen37f1_1fc5085e99faac2363ac,v2e2_ac2a6bbea5f71d8219ff,qwen37_plus_direct,C2,carrier_consistent,0.0,0.0,0.0,0.0,0.0,0.0,0.0,True,True,True,True,True
QWEN37_F1,qwen37f1_1fc5085e99faac2363ac,v2e2_ac2a6bbea5f71d8219ff,qwen37_plus_direct,C2,authoritative,0.0,0.0,0.0,0.0,0.0,0.0,0.0,True,True,True,True,True
QWEN37_F1,qwen37f1_1fc5085e99faac2363ac,v2e2_ac2a6bbea5f71d8219ff,qwen37_plus_direct,S2,carrier_consistent,0.0,0.0,0.0,0.0,0.0,0.0,0.0,True,True,True,True,True
QWEN37_F1,qwen37f1_1fc5085e99faac2363ac,v2e2_ac2a6bbea5f71d8219ff,qwen37_plus_direct,S2,authoritative,0.0,0.0,0.0,0.0,0.0,0.0,0.0,True,True,True,True,True
QWEN37_F1,qwen37f1_27479db8834038d8e285,v2e2_d00d3a4d54f973fa24ac,qwen37_plus_direct,C2,carrier_consistent,0.0,0.0,0.0,0.0,0.0,0.0,0.0,True,True,True,True,True
QWEN37_F1,qwen37f1_27479db8834038d8e285,v2e2_d00d3a4d54f973fa24ac,qwen37_plus_direct,C2,authoritative,0.0,0.0,0.0,0.0,0.0,0.0,0.0,True,True,True,True,True
QWEN37_F1,qwen37f1_27479db8834038d8e285,v2e2_d00d3a4d54f973fa24ac,qwen37_plus_direct,S2,carrier_consistent,0.0,0.0,0.0,0.0,0.0,0.0,0.0,True,True,True,True,True
QWEN37_F1,qwen37f1_27479db8834038d8e285,v2e2_d00d3a4d54f973fa24ac,qwen37_plus_direct,S2,authoritative,0.0,0.0,0.0,0.0,0.0,0.0,0.0,True,True,True,True,True
QWEN37_F1,qwen37f1_27479db8834038d8e285,v2e2_d00d3a4d54f973fa24ac,qwen37_plus_direct,C1,carrier_consistent,0.0,0.0,0.0,0.0,0.0,0.0,0.0,True,True,True,True,True
QWEN37_F1,qwen37f1_27479db8834038d8e285,v2e2_d00d3a4d54f973fa24ac,qwen37_plus_direct,C1,authoritative,0.0,0.0,0.0,0.0,0.0,0.0,0.0,True,True,True,True,True
QWEN37_F1,qwen37f1_27479db8834038d8e285,v2e2_d00d3a4d54f973fa24ac,qwen37_plus_direct,S1,carrier_consistent,0.0,0.0,0.0,0.0,0.0,0.0,0.0,True,True,True,True,True
QWEN37_F1,qwen37f1_27479db8834038d8e285,v2e2_d00d3a4d54f973fa24ac,qwen37_plus_direct,S1,authoritative,0.0,0.0,0.0,0.0,0.0,0.0,0.0,True,True,True,True,True
QWEN37_F1,qwen37f1_27567cea2021f9a1a948,v2e2_a015340abe1151fa1614,qwen37_plus_direct,S1,carrier_consistent,0.0,0.0,0.0,0.0,0.0,0.0,0.0,True,True,True,True,True
QWEN37_F1,qwen37f1_27567cea2021f9a1a948,v2e2_a015340abe1151fa1614,qwen37_plus_direct,S1,authoritative,0.0,0.0,0.0,0.0,0.0,0.0,0.0,True,True,True,True,True
QWEN37_F1,qwen37f1_27567cea2021f9a1a948,v2e2_a015340abe1151fa1614,qwen37_plus_direct,C2,carrier_consistent,0.0,0.0,0.0,0.0,0.0,0.0,0.0,True,True,True,True,True
QWEN37_F1,qwen37f1_27567cea2021f9a1a948,v2e2_a015340abe1151fa1614,qwen37_plus_direct,C2,authoritative,0.0,0.0,0.0,0.0,0.0,0.0,0.0,True,True,True,True,True
QWEN37_F1,qwen37f1_27567cea2021f9a1a948,v2e2_a015340abe1151fa1614,qwen37_plus_direct,S2,carrier_consistent,0.0,0.0,0.0,0.0,0.0,0.0,0.0,True,True,True,True,True
QWEN37_F1,qwen37f1_27567cea2021f9a1a948,v2e2_a015340abe1151fa1614,qwen37_plus_direct,S2,authoritative,0.0,0.0,0.0,0.0,0.0,0.0,0.0,True,True,True,True,True
QWEN37_F1,qwen37f1_27567cea2021f9a1a948,v2e2_a015340abe1151fa1614,qwen37_plus_direct,C1,carrier_consistent,0.0,0.0,0.0,0.0,0.0,0.0,0.0,True,True,True,True,True
QWEN37_F1,qwen37f1_27567cea2021f9a1a948,v2e2_a015340abe1151fa1614,qwen37_plus_direct,C1,authoritative,0.0,0.0,0.0,0.0,0.0,0.0,0.0,True,True,True,True,True
QWEN37_F1,qwen37f1_282080863cda4e420908,v2e2_7e727667efa4e288ccd0,qwen37_plus_direct,S1,carrier_consistent,0.0,0.0,0.0,0.0,0.0,0.0,0.0,True,True,True,True,True
QWEN37_F1,qwen37f1_282080863cda4e420908,v2e2_7e727667efa4e288ccd0,qwen37_plus_direct,S1,authoritative,0.0,0.0,0.0,0.0,0.0,0.0,0.0,True,True,True,True,True
QWEN37_F1,qwen37f1_282080863cda4e420908,v2e2_7e727667efa4e288ccd0,qwen37_plus_direct,C2,carrier_consistent,0.0,0.0,0.0,0.0,0.0,0.0,0.0,True,True,True,True,True
QWEN37_F1,qwen37f1_282080863cda4e420908,v2e2_7e727667efa4e288ccd0,qwen37_plus_direct,C2,authoritative,0.0,0.0,0.0,0.0,0.0,0.0,0.0,True,True,True,True,True
QWEN37_F1,qwen37f1_282080863cda4e420908,v2e2_7e727667efa4e288ccd0,qwen37_plus_direct,S2,carrier_consistent,0.0,0.0,0.0,0.0,0.0,0.0,0.0,True,True,True,True,True
QWEN37_F1,qwen37f1_282080863cda4e420908,v2e2_7e727667efa4e288ccd0,qwen37_plus_direct,S2,authoritative,0.0,0.0,0.0,0.0,0.0,0.0,0.0,True,True,True,True,True
QWEN37_F1,qwen37f1_282080863cda4e420908,v2e2_7e727667efa4e288ccd0,qwen37_plus_direct,C1,carrier_consistent,0.0,0.0,0.0,0.0,0.0,0.0,0.0,True,True,True,True,True
QWEN37_F1,qwen37f1_282080863cda4e420908,v2e2_7e727667efa4e288ccd0,qwen37_plus_direct,C1,authoritative,0.0,0.0,0.0,0.0,0.0,0.0,0.0,True,True,True,True,True
QWEN37_F1,qwen37f1_31aac6d8f61d7eb15e22,v2e2_c049d4bc657bdc82a484,qwen37_plus_direct,S1,carrier_consistent,0.0,0.0,0.0,0.0,0.0,0.0,0.0,True,True,True,True,True
QWEN37_F1,qwen37f1_31aac6d8f61d7eb15e22,v2e2_c049d4bc657bdc82a484,qwen37_plus_direct,S1,authoritative,0.0,0.0,0.0,0.0,0.0,0.0,0.0,True,True,True,True,True
QWEN37_F1,qwen37f1_31aac6d8f61d7eb15e22,v2e2_c049d4bc657bdc82a484,qwen37_plus_direct,C2,carrier_consistent,0.0,0.0,0.0,0.0,0.0,0.0,0.0,True,True,True,True,True
QWEN37_F1,qwen37f1_31aac6d8f61d7eb15e22,v2e2_c049d4bc657bdc82a484,qwen37_plus_direct,C2,authoritative,0.0,0.0,0.0,0.0,0.0,0.0,0.0,True,True,True,True,True
QWEN37_F1,qwen37f1_31aac6d8f61d7eb15e22,v2e2_c049d4bc657bdc82a484,qwen37_plus_direct,S2,carrier_consistent,0.0,0.0,0.0,0.0,0.0,0.0,0.0,True,True,True,True,True
QWEN37_F1,qwen37f1_31aac6d8f61d7eb15e22,v2e2_c049d4bc657bdc82a484,qwen37_plus_direct,S2,authoritative,0.0,0.0,0.0,0.0,0.0,0.0,0.0,True,True,True,True,True
QWEN37_F1,qwen37f1_31aac6d8f61d7eb15e22,v2e2_c049d4bc657bdc82a484,qwen37_plus_direct,C1,carrier_consistent,0.0,0.0,0.0,0.0,0.0,0.0,0.0,True,True,True,True,True
QWEN37_F1,qwen37f1_31aac6d8f61d7eb15e22,v2e2_c049d4bc657bdc82a484,qwen37_plus_direct,C1,authoritative,0.0,0.0,0.0,0.0,0.0,0.0,0.0,True,True,True,True,True
QWEN37_F1,qwen37f1_383f613114221f16240a,v2e2_579d7046347071a2967e,qwen37_plus_direct,S2,carrier_consistent,0.0,0.0,0.0,0.0,0.0,0.0,0.0,True,True,True,True,True
QWEN37_F1,qwen37f1_383f613114221f16240a,v2e2_579d7046347071a2967e,qwen37_plus_direct,S2,authoritative,0.0,0.0,0.0,0.0,0.0,0.0,0.0,True,True,True,True,True
QWEN37_F1,qwen37f1_383f613114221f16240a,v2e2_579d7046347071a2967e,qwen37_plus_direct,C1,carrier_consistent,0.0,0.0,0.0,0.0,0.0,0.0,0.0,True,True,True,True,True
QWEN37_F1,qwen37f1_383f613114221f16240a,v2e2_579d7046347071a2967e,qwen37_plus_direct,C1,authoritative,0.0,0.0,0.0,0.0,0.0,0.0,0.0,True,True,True,True,True
QWEN37_F1,qwen37f1_383f613114221f16240a,v2e2_579d7046347071a2967e,qwen37_plus_direct,S1,carrier_consistent,0.0,0.0,0.0,0.0,0.0,0.0,0.0,True,True,True,True,True
QWEN37_F1,qwen37f1_383f613114221f16240a,v2e2_579d7046347071a2967e,qwen37_plus_direct,S1,authoritative,0.0,0.0,0.0,0.0,0.0,0.0,0.0,True,True,True,True,True
QWEN37_F1,qwen37f1_383f613114221f16240a,v2e2_579d7046347071a2967e,qwen37_plus_direct,C2,carrier_consistent,0.0,0.0,0.0,0.0,0.0,0.0,0.0,True,True,True,True,True
QWEN37_F1,qwen37f1_383f613114221f16240a,v2e2_579d7046347071a2967e,qwen37_plus_direct,C2,authoritative,0.0,0.0,0.0,0.0,0.0,0.0,0.0,True,True,True,True,True
QWEN37_F1,qwen37f1_3c5aa7c5edca9c9b3591,v2e2_b7e962716394d888d563,qwen37_plus_direct,C2,carrier_consistent,0.0,0.0,0.0,0.0,0.0,0.0,0.0,True,True,True,True,True
QWEN37_F1,qwen37f1_3c5aa7c5edca9c9b3591,v2e2_b7e962716394d888d563,qwen37_plus_direct,C2,authoritative,0.0,0.0,0.0,0.0,0.0,0.0,0.0,True,True,True,True,True
QWEN37_F1,qwen37f1_3c5aa7c5edca9c9b3591,v2e2_b7e962716394d888d563,qwen37_plus_direct,S2,carrier_consistent,0.0,0.0,0.0,0.0,0.0,0.0,0.0,True,True,True,True,True
QWEN37_F1,qwen37f1_3c5aa7c5edca9c9b3591,v2e2_b7e962716394d888d563,qwen37_plus_direct,S2,authoritative,0.0,0.0,0.0,0.0,0.0,0.0,0.0,True,True,True,True,True
QWEN37_F1,qwen37f1_3c5aa7c5edca9c9b3591,v2e2_b7e962716394d888d563,qwen37_plus_direct,C1,carrier_consistent,0.0,0.0,0.0,0.0,0.0,0.0,0.0,True,True,True,True,True
QWEN37_F1,qwen37f1_3c5aa7c5edca9c9b3591,v2e2_b7e962716394d888d563,qwen37_plus_direct,C1,authoritative,0.0,0.0,0.0,0.0,0.0,0.0,0.0,True,True,True,True,True
QWEN37_F1,qwen37f1_3c5aa7c5edca9c9b3591,v2e2_b7e962716394d888d563,qwen37_plus_direct,S1,carrier_consistent,0.0,0.0,0.0,0.0,0.0,0.0,0.0,True,True,True,True,True
QWEN37_F1,qwen37f1_3c5aa7c5edca9c9b3591,v2e2_b7e962716394d888d563,qwen37_plus_direct,S1,authoritative,0.0,0.0,0.0,0.0,0.0,0.0,0.0,True,True,True,True,True
QWEN37_F1,qwen37f1_3e0c5f963e869ad9b952,v2e2_16b5f26ad506f7afac02,qwen37_plus_direct,S2,carrier_consistent,0.0,0.0,0.0,0.0,0.0,0.0,0.0,True,True,True,True,True
QWEN37_F1,qwen37f1_3e0c5f963e869ad9b952,v2e2_16b5f26ad506f7afac02,qwen37_plus_direct,S2,authoritative,0.0,0.0,0.0,0.0,0.0,0.0,0.0,True,True,True,True,True
QWEN37_F1,qwen37f1_3e0c5f963e869ad9b952,v2e2_16b5f26ad506f7afac02,qwen37_plus_direct,C1,carrier_consistent,0.0,0.0,0.0,0.0,0.0,0.0,0.0,True,True,True,True,True
QWEN37_F1,qwen37f1_3e0c5f963e869ad9b952,v2e2_16b5f26ad506f7afac02,qwen37_plus_direct,C1,authoritative,0.0,0.0,0.0,0.0,0.0,0.0,0.0,True,True,True,True,True
QWEN37_F1,qwen37f1_3e0c5f963e869ad9b952,v2e2_16b5f26ad506f7afac02,qwen37_plus_direct,S1,carrier_consistent,0.0,0.0,0.0,0.0,0.0,0.0,0.0,True,True,True,True,True
QWEN37_F1,qwen37f1_3e0c5f963e869ad9b952,v2e2_16b5f26ad506f7afac02,qwen37_plus_direct,S1,authoritative,0.0,0.0,0.0,0.0,0.0,0.0,0.0,True,True,True,True,True
QWEN37_F1,qwen37f1_3e0c5f963e869ad9b952,v2e2_16b5f26ad506f7afac02,qwen37_plus_direct,C2,carrier_consistent,0.0,0.0,0.0,0.0,0.0,0.0,0.0,True,True,True,True,True
QWEN37_F1,qwen37f1_3e0c5f963e869ad9b952,v2e2_16b5f26ad506f7afac02,qwen37_plus_direct,C2,authoritative,0.0,0.0,0.0,0.0,0.0,0.0,0.0,True,True,True,True,True
QWEN37_F1,qwen37f1_3e3b5704ff481994ec3a,v2e2_ea69a5744fe4489919e6,qwen37_plus_direct,S1,carrier_consistent,0.0,0.0,0.0,0.0,0.0,0.0,0.0,True,True,True,True,True
QWEN37_F1,qwen37f1_3e3b5704ff481994ec3a,v2e2_ea69a5744fe4489919e6,qwen37_plus_direct,S1,authoritative,0.0,0.0,0.0,0.0,0.0,0.0,0.0,True,True,True,True,True
QWEN37_F1,qwen37f1_3e3b5704ff481994ec3a,v2e2_ea69a5744fe4489919e6,qwen37_plus_direct,C2,carrier_consistent,0.0,0.0,0.0,0.0,0.0,0.0,0.0,True,True,True,True,True
QWEN37_F1,qwen37f1_3e3b5704ff481994ec3a,v2e2_ea69a5744fe4489919e6,qwen37_plus_direct,C2,authoritative,0.0,0.0,0.0,0.0,0.0,0.0,0.0,True,True,True,True,True
QWEN37_F1,qwen37f1_3e3b5704ff481994ec3a,v2e2_ea69a5744fe4489919e6,qwen37_plus_direct,S2,carrier_consistent,0.0,0.0,0.0,0.0,0.0,0.0,0.0,True,True,True,True,True
QWEN37_F1,qwen37f1_3e3b5704ff481994ec3a,v2e2_ea69a5744fe4489919e6,qwen37_plus_direct,S2,authoritative,0.0,0.0,0.0,0.0,0.0,0.0,0.0,True,True,True,True,True
QWEN37_F1,qwen37f1_3e3b5704ff481994ec3a,v2e2_ea69a5744fe4489919e6,qwen37_plus_direct,C1,carrier_consistent,0.0,0.0,0.0,0.0,0.0,0.0,0.0,True,True,True,True,True
QWEN37_F1,qwen37f1_3e3b5704ff481994ec3a,v2e2_ea69a5744fe4489919e6,qwen37_plus_direct,C1,authoritative,0.0,0.0,0.0,0.0,0.0,0.0,0.0,True,True,True,True,True
QWEN37_F1,qwen37f1_3f5c48b910488a8d5a3c,v2e2_a614c009acc530c12890,qwen37_plus_direct,C1,carrier_consistent,0.0,0.0,0.0,0.0,0.0,0.0,0.0,True,True,True,True,True
QWEN37_F1,qwen37f1_3f5c48b910488a8d5a3c,v2e2_a614c009acc530c12890,qwen37_plus_direct,C1,authoritative,0.0,0.0,0.0,0.0,0.0,0.0,0.0,True,True,True,True,True
QWEN37_F1,qwen37f1_3f5c48b910488a8d5a3c,v2e2_a614c009acc530c12890,qwen37_plus_direct,S1,carrier_consistent,0.0,0.0,0.0,0.0,0.0,0.0,0.0,True,True,True,True,True
QWEN37_F1,qwen37f1_3f5c48b910488a8d5a3c,v2e2_a614c009acc530c12890,qwen37_plus_direct,S1,authoritative,0.0,0.0,0.0,0.0,0.0,0.0,0.0,True,True,True,True,True
QWEN37_F1,qwen37f1_3f5c48b910488a8d5a3c,v2e2_a614c009acc530c12890,qwen37_plus_direct,C2,carrier_consistent,0.0,0.0,0.0,0.0,0.0,0.0,0.0,True,True,True,True,True
QWEN37_F1,qwen37f1_3f5c48b910488a8d5a3c,v2e2_a614c009acc530c12890,qwen37_plus_direct,C2,authoritative,0.0,0.0,0.0,0.0,0.0,0.0,0.0,True,True,True,True,True
QWEN37_F1,qwen37f1_3f5c48b910488a8d5a3c,v2e2_a614c009acc530c12890,qwen37_plus_direct,S2,carrier_consistent,0.0,0.0,0.0,0.0,0.0,0.0,0.0,True,True,True,True,True
QWEN37_F1,qwen37f1_3f5c48b910488a8d5a3c,v2e2_a614c009acc530c12890,qwen37_plus_direct,S2,authoritative,0.0,0.0,0.0,0.0,0.0,0.0,0.0,True,True,True,True,True
QWEN37_F1,qwen37f1_432cbcaad18dba17ba76,v2e2_d6701d548a93409fed9a,qwen37_plus_direct,C1,carrier_consistent,0.0,0.0,0.0,0.0,0.0,0.0,0.0,True,True,True,True,True
QWEN37_F1,qwen37f1_432cbcaad18dba17ba76,v2e2_d6701d548a93409fed9a,qwen37_plus_direct,C1,authoritative,0.0,0.0,0.0,0.0,0.0,0.0,0.0,True,True,True,True,True
QWEN37_F1,qwen37f1_432cbcaad18dba17ba76,v2e2_d6701d548a93409fed9a,qwen37_plus_direct,S1,carrier_consistent,0.0,0.0,0.0,0.0,0.0,0.0,0.0,True,True,True,True,True
QWEN37_F1,qwen37f1_432cbcaad18dba17ba76,v2e2_d6701d548a93409fed9a,qwen37_plus_direct,S1,authoritative,0.0,0.0,0.0,0.0,0.0,0.0,0.0,True,True,True,True,True
QWEN37_F1,qwen37f1_432cbcaad18dba17ba76,v2e2_d6701d548a93409fed9a,qwen37_plus_direct,C2,carrier_consistent,0.0,0.0,0.0,0.0,0.0,0.0,0.0,True,True,True,True,True
QWEN37_F1,qwen37f1_432cbcaad18dba17ba76,v2e2_d6701d548a93409fed9a,qwen37_plus_direct,C2,authoritative,0.0,0.0,0.0,0.0,0.0,0.0,0.0,True,True,True,True,True
QWEN37_F1,qwen37f1_432cbcaad18dba17ba76,v2e2_d6701d548a93409fed9a,qwen37_plus_direct,S2,carrier_consistent,0.0,0.0,0.0,0.0,0.0,0.0,0.0,True,True,True,True,True
QWEN37_F1,qwen37f1_432cbcaad18dba17ba76,v2e2_d6701d548a93409fed9a,qwen37_plus_direct,S2,authoritative,0.0,0.0,0.0,0.0,0.0,0.0,0.0,True,True,True,True,True
QWEN37_F1,qwen37f1_4377914064a64354900c,v2e2_6044c2cf8efb739eb457,qwen37_plus_direct,S2,carrier_consistent,0.0,0.0,0.0,0.0,0.0,0.0,0.0,True,True,True,True,True
QWEN37_F1,qwen37f1_4377914064a64354900c,v2e2_6044c2cf8efb739eb457,qwen37_plus_direct,S2,authoritative,0.0,0.0,0.0,0.0,0.0,0.0,0.0,True,True,True,True,True
QWEN37_F1,qwen37f1_4377914064a64354900c,v2e2_6044c2cf8efb739eb457,qwen37_plus_direct,C1,carrier_consistent,0.0,0.0,0.0,0.0,0.0,0.0,0.0,True,True,True,True,True
QWEN37_F1,qwen37f1_4377914064a64354900c,v2e2_6044c2cf8efb739eb457,qwen37_plus_direct,C1,authoritative,0.0,0.0,0.0,0.0,0.0,0.0,0.0,True,True,True,True,True
QWEN37_F1,qwen37f1_4377914064a64354900c,v2e2_6044c2cf8efb739eb457,qwen37_plus_direct,S1,carrier_consistent,0.0,0.0,0.0,0.0,0.0,0.0,0.0,True,True,True,True,True
QWEN37_F1,qwen37f1_4377914064a64354900c,v2e2_6044c2cf8efb739eb457,qwen37_plus_direct,S1,authoritative,0.0,0.0,0.0,0.0,0.0,0.0,0.0,True,True,True,True,True
QWEN37_F1,qwen37f1_4377914064a64354900c,v2e2_6044c2cf8efb739eb457,qwen37_plus_direct,C2,carrier_consistent,0.0,0.0,0.0,0.0,0.0,0.0,0.0,True,True,True,True,True
QWEN37_F1,qwen37f1_4377914064a64354900c,v2e2_6044c2cf8efb739eb457,qwen37_plus_direct,C2,authoritative,0.0,0.0,0.0,0.0,0.0,0.0,0.0,True,True,True,True,True
QWEN37_F1,qwen37f1_49f6c905ac62acd4334f,v2e2_07ecea8c63a586f9fa3b,qwen37_plus_direct,S1,carrier_consistent,0.0,0.0,0.0,0.0,0.0,0.0,0.0,True,True,True,True,True
QWEN37_F1,qwen37f1_49f6c905ac62acd4334f,v2e2_07ecea8c63a586f9fa3b,qwen37_plus_direct,S1,authoritative,0.0,0.0,0.0,0.0,0.0,0.0,0.0,True,True,True,True,True
QWEN37_F1,qwen37f1_49f6c905ac62acd4334f,v2e2_07ecea8c63a586f9fa3b,qwen37_plus_direct,C2,carrier_consistent,0.0,0.0,0.0,0.0,0.0,0.0,0.0,True,True,True,True,True
QWEN37_F1,qwen37f1_49f6c905ac62acd4334f,v2e2_07ecea8c63a586f9fa3b,qwen37_plus_direct,C2,authoritative,0.0,0.0,0.0,0.0,0.0,0.0,0.0,True,True,True,True,True
QWEN37_F1,qwen37f1_49f6c905ac62acd4334f,v2e2_07ecea8c63a586f9fa3b,qwen37_plus_direct,S2,carrier_consistent,0.0,0.0,0.0,0.0,0.0,0.0,0.0,True,True,True,True,True
QWEN37_F1,qwen37f1_49f6c905ac62acd4334f,v2e2_07ecea8c63a586f9fa3b,qwen37_plus_direct,S2,authoritative,0.0,0.0,0.0,0.0,0.0,0.0,0.0,True,True,True,True,True
QWEN37_F1,qwen37f1_49f6c905ac62acd4334f,v2e2_07ecea8c63a586f9fa3b,qwen37_plus_direct,C1,carrier_consistent,0.0,0.0,0.0,0.0,0.0,0.0,0.0,True,True,True,True,True
QWEN37_F1,qwen37f1_49f6c905ac62acd4334f,v2e2_07ecea8c63a586f9fa3b,qwen37_plus_direct,C1,authoritative,0.0,0.0,0.0,0.0,0.0,0.0,0.0,True,True,True,True,True
QWEN37_F1,qwen37f1_55c1de52ece5fb0ef642,v2e2_25e030e6613f44a39649,qwen37_plus_direct,C1,carrier_consistent,0.0,0.0,0.0,0.0,0.0,0.0,0.0,True,True,True,True,True
QWEN37_F1,qwen37f1_55c1de52ece5fb0ef642,v2e2_25e030e6613f44a39649,qwen37_plus_direct,C1,authoritative,0.0,0.0,0.0,0.0,0.0,0.0,0.0,True,True,True,True,True
QWEN37_F1,qwen37f1_55c1de52ece5fb0ef642,v2e2_25e030e6613f44a39649,qwen37_plus_direct,S1,carrier_consistent,0.0,0.0,0.0,0.0,0.0,0.0,0.0,True,True,True,True,True
QWEN37_F1,qwen37f1_55c1de52ece5fb0ef642,v2e2_25e030e6613f44a39649,qwen37_plus_direct,S1,authoritative,0.0,0.0,0.0,0.0,0.0,0.0,0.0,True,True,True,True,True
QWEN37_F1,qwen37f1_55c1de52ece5fb0ef642,v2e2_25e030e6613f44a39649,qwen37_plus_direct,C2,carrier_consistent,0.0,0.0,0.0,0.0,0.0,0.0,0.0,True,True,True,True,True
QWEN37_F1,qwen37f1_55c1de52ece5fb0ef642,v2e2_25e030e6613f44a39649,qwen37_plus_direct,C2,authoritative,0.0,0.0,0.0,0.0,0.0,0.0,0.0,True,True,True,True,True
QWEN37_F1,qwen37f1_55c1de52ece5fb0ef642,v2e2_25e030e6613f44a39649,qwen37_plus_direct,S2,carrier_consistent,0.0,0.0,0.0,0.0,0.0,0.0,0.0,True,True,True,True,True
QWEN37_F1,qwen37f1_55c1de52ece5fb0ef642,v2e2_25e030e6613f44a39649,qwen37_plus_direct,S2,authoritative,0.0,0.0,0.0,0.0,0.0,0.0,0.0,True,True,True,True,True
QWEN37_F1,qwen37f1_56d4cec0083088dc9871,v2e2_d2a42e359dd264f920da,qwen37_plus_direct,S2,carrier_consistent,0.0,0.0,0.0,0.0,0.0,0.0,0.0,True,True,True,True,True
QWEN37_F1,qwen37f1_56d4cec0083088dc9871,v2e2_d2a42e359dd264f920da,qwen37_plus_direct,S2,authoritative,0.0,0.0,0.0,0.0,0.0,0.0,0.0,True,True,True,True,True
QWEN37_F1,qwen37f1_56d4cec0083088dc9871,v2e2_d2a42e359dd264f920da,qwen37_plus_direct,C1,carrier_consistent,0.0,0.0,0.0,0.0,0.0,0.0,0.0,True,True,True,True,True
QWEN37_F1,qwen37f1_56d4cec0083088dc9871,v2e2_d2a42e359dd264f920da,qwen37_plus_direct,C1,authoritative,0.0,0.0,0.0,0.0,0.0,0.0,0.0,True,True,True,True,True
QWEN37_F1,qwen37f1_56d4cec0083088dc9871,v2e2_d2a42e359dd264f920da,qwen37_plus_direct,S1,carrier_consistent,0.0,0.0,0.0,0.0,0.0,0.0,0.0,True,True,True,True,True
QWEN37_F1,qwen37f1_56d4cec0083088dc9871,v2e2_d2a42e359dd264f920da,qwen37_plus_direct,S1,authoritative,0.0,0.0,0.0,0.0,0.0,0.0,0.0,True,True,True,True,True
QWEN37_F1,qwen37f1_56d4cec0083088dc9871,v2e2_d2a42e359dd264f920da,qwen37_plus_direct,C2,carrier_consistent,0.0,0.0,0.0,0.0,0.0,0.0,0.0,True,True,True,True,True
QWEN37_F1,qwen37f1_56d4cec0083088dc9871,v2e2_d2a42e359dd264f920da,qwen37_plus_direct,C2,authoritative,0.0,0.0,0.0,0.0,0.0,0.0,0.0,True,True,True,True,True
QWEN37_F1,qwen37f1_57f5366dedb07226c3a5,v2e2_e87de31d325befcf7b51,qwen37_plus_direct,S2,carrier_consistent,0.0,0.0,0.0,0.0,0.0,0.0,0.0,True,True,True,True,True
QWEN37_F1,qwen37f1_57f5366dedb07226c3a5,v2e2_e87de31d325befcf7b51,qwen37_plus_direct,S2,authoritative,0.0,0.0,0.0,0.0,0.0,0.0,0.0,True,True,True,True,True
QWEN37_F1,qwen37f1_57f5366dedb07226c3a5,v2e2_e87de31d325befcf7b51,qwen37_plus_direct,C1,carrier_consistent,0.0,0.0,0.0,0.0,0.0,0.0,0.0,True,True,True,True,True
QWEN37_F1,qwen37f1_57f5366dedb07226c3a5,v2e2_e87de31d325befcf7b51,qwen37_plus_direct,C1,authoritative,0.0,0.0,0.0,0.0,0.0,0.0,0.0,True,True,True,True,True
QWEN37_F1,qwen37f1_57f5366dedb07226c3a5,v2e2_e87de31d325befcf7b51,qwen37_plus_direct,S1,carrier_consistent,0.0,0.0,0.0,0.0,0.0,0.0,0.0,True,True,True,True,True
QWEN37_F1,qwen37f1_57f5366dedb07226c3a5,v2e2_e87de31d325befcf7b51,qwen37_plus_direct,S1,authoritative,0.0,0.0,0.0,0.0,0.0,0.0,0.0,True,True,True,True,True
QWEN37_F1,qwen37f1_57f5366dedb07226c3a5,v2e2_e87de31d325befcf7b51,qwen37_plus_direct,C2,carrier_consistent,0.0,0.0,0.0,0.0,0.0,0.0,0.0,True,True,True,True,True
QWEN37_F1,qwen37f1_57f5366dedb07226c3a5,v2e2_e87de31d325befcf7b51,qwen37_plus_direct,C2,authoritative,0.0,0.0,0.0,0.0,0.0,0.0,0.0,True,True,True,True,True
QWEN37_F1,qwen37f1_5b84d1573b4ea848679e,v2e2_7f938d120000eec26457,qwen37_plus_direct,C2,carrier_consistent,0.0,0.0,0.0,0.0,0.0,0.0,0.0,True,True,True,True,True
QWEN37_F1,qwen37f1_5b84d1573b4ea848679e,v2e2_7f938d120000eec26457,qwen37_plus_direct,C2,authoritative,0.0,0.0,0.0,0.0,0.0,0.0,0.0,True,True,True,True,True
QWEN37_F1,qwen37f1_5b84d1573b4ea848679e,v2e2_7f938d120000eec26457,qwen37_plus_direct,S2,carrier_consistent,0.0,0.0,0.0,0.0,0.0,0.0,0.0,True,True,True,True,True
QWEN37_F1,qwen37f1_5b84d1573b4ea848679e,v2e2_7f938d120000eec26457,qwen37_plus_direct,S2,authoritative,0.0,0.0,0.0,0.0,0.0,0.0,0.0,True,True,True,True,True
QWEN37_F1,qwen37f1_5b84d1573b4ea848679e,v2e2_7f938d120000eec26457,qwen37_plus_direct,C1,carrier_consistent,0.0,0.0,0.0,0.0,0.0,0.0,0.0,True,True,True,True,True
QWEN37_F1,qwen37f1_5b84d1573b4ea848679e,v2e2_7f938d120000eec26457,qwen37_plus_direct,C1,authoritative,0.0,0.0,0.0,0.0,0.0,0.0,0.0,True,True,True,True,True
QWEN37_F1,qwen37f1_5b84d1573b4ea848679e,v2e2_7f938d120000eec26457,qwen37_plus_direct,S1,carrier_consistent,0.0,0.0,0.0,0.0,0.0,0.0,0.0,True,True,True,True,True
QWEN37_F1,qwen37f1_5b84d1573b4ea848679e,v2e2_7f938d120000eec26457,qwen37_plus_direct,S1,authoritative,0.0,0.0,0.0,0.0,0.0,0.0,0.0,True,True,True,True,True
QWEN37_F1,qwen37f1_63357aaa83e19fa548a0,v2e2_47a354a03084871e0ca3,qwen37_plus_direct,S1,carrier_consistent,0.0,0.0,0.0,0.0,0.0,0.0,0.0,True,True,True,True,True
QWEN37_F1,qwen37f1_63357aaa83e19fa548a0,v2e2_47a354a03084871e0ca3,qwen37_plus_direct,S1,authoritative,0.0,0.0,0.0,0.0,0.0,0.0,0.0,True,True,True,True,True
QWEN37_F1,qwen37f1_63357aaa83e19fa548a0,v2e2_47a354a03084871e0ca3,qwen37_plus_direct,C2,carrier_consistent,0.0,0.0,0.0,0.0,0.0,0.0,0.0,True,True,True,True,True
QWEN37_F1,qwen37f1_63357aaa83e19fa548a0,v2e2_47a354a03084871e0ca3,qwen37_plus_direct,C2,authoritative,0.0,0.0,0.0,0.0,0.0,0.0,0.0,True,True,True,True,True
QWEN37_F1,qwen37f1_63357aaa83e19fa548a0,v2e2_47a354a03084871e0ca3,qwen37_plus_direct,S2,carrier_consistent,0.0,0.0,0.0,0.0,0.0,0.0,0.0,True,True,True,True,True
QWEN37_F1,qwen37f1_63357aaa83e19fa548a0,v2e2_47a354a03084871e0ca3,qwen37_plus_direct,S2,authoritative,0.0,0.0,0.0,0.0,0.0,0.0,0.0,True,True,True,True,True
QWEN37_F1,qwen37f1_63357aaa83e19fa548a0,v2e2_47a354a03084871e0ca3,qwen37_plus_direct,C1,carrier_consistent,0.0,0.0,0.0,0.0,0.0,0.0,0.0,True,True,True,True,True
QWEN37_F1,qwen37f1_63357aaa83e19fa548a0,v2e2_47a354a03084871e0ca3,qwen37_plus_direct,C1,authoritative,0.0,0.0,0.0,0.0,0.0,0.0,0.0,True,True,True,True,True
QWEN37_F1,qwen37f1_69544ce973d15392cd7a,v2e2_1fd8536d13787e44dc17,qwen37_plus_direct,C2,carrier_consistent,0.0,0.0,0.0,0.0,0.0,0.0,0.0,True,True,True,True,True
QWEN37_F1,qwen37f1_69544ce973d15392cd7a,v2e2_1fd8536d13787e44dc17,qwen37_plus_direct,C2,authoritative,0.0,0.0,0.0,0.0,0.0,0.0,0.0,True,True,True,True,True
QWEN37_F1,qwen37f1_69544ce973d15392cd7a,v2e2_1fd8536d13787e44dc17,qwen37_plus_direct,S2,carrier_consistent,0.0,0.0,0.0,0.0,0.0,0.0,0.0,True,True,True,True,True
QWEN37_F1,qwen37f1_69544ce973d15392cd7a,v2e2_1fd8536d13787e44dc17,qwen37_plus_direct,S2,authoritative,0.0,0.0,0.0,0.0,0.0,0.0,0.0,True,True,True,True,True
QWEN37_F1,qwen37f1_69544ce973d15392cd7a,v2e2_1fd8536d13787e44dc17,qwen37_plus_direct,C1,carrier_consistent,0.0,0.0,0.0,0.0,0.0,0.0,0.0,True,True,True,True,True
QWEN37_F1,qwen37f1_69544ce973d15392cd7a,v2e2_1fd8536d13787e44dc17,qwen37_plus_direct,C1,authoritative,0.0,0.0,0.0,0.0,0.0,0.0,0.0,True,True,True,True,True
QWEN37_F1,qwen37f1_69544ce973d15392cd7a,v2e2_1fd8536d13787e44dc17,qwen37_plus_direct,S1,carrier_consistent,0.0,0.0,0.0,0.0,0.0,0.0,0.0,True,True,True,True,True
QWEN37_F1,qwen37f1_69544ce973d15392cd7a,v2e2_1fd8536d13787e44dc17,qwen37_plus_direct,S1,authoritative,0.0,0.0,0.0,0.0,0.0,0.0,0.0,True,True,True,True,True
QWEN37_F1,qwen37f1_6b01671985e6ddfc0f52,v2e2_689fd81bd1f3eec1e27d,qwen37_plus_direct,C1,carrier_consistent,0.0,0.0,0.0,0.0,0.0,0.0,0.0,True,True,True,True,True
QWEN37_F1,qwen37f1_6b01671985e6ddfc0f52,v2e2_689fd81bd1f3eec1e27d,qwen37_plus_direct,C1,authoritative,0.0,0.0,0.0,0.0,0.0,0.0,0.0,True,True,True,True,True
QWEN37_F1,qwen37f1_6b01671985e6ddfc0f52,v2e2_689fd81bd1f3eec1e27d,qwen37_plus_direct,S1,carrier_consistent,0.0,0.0,0.0,0.0,0.0,0.0,0.0,True,True,True,True,True
QWEN37_F1,qwen37f1_6b01671985e6ddfc0f52,v2e2_689fd81bd1f3eec1e27d,qwen37_plus_direct,S1,authoritative,0.0,0.0,0.0,0.0,0.0,0.0,0.0,True,True,True,True,True
QWEN37_F1,qwen37f1_6b01671985e6ddfc0f52,v2e2_689fd81bd1f3eec1e27d,qwen37_plus_direct,C2,carrier_consistent,0.0,0.0,0.0,0.0,0.0,0.0,0.0,True,True,True,True,True
QWEN37_F1,qwen37f1_6b01671985e6ddfc0f52,v2e2_689fd81bd1f3eec1e27d,qwen37_plus_direct,C2,authoritative,0.0,0.0,0.0,0.0,0.0,0.0,0.0,True,True,True,True,True
QWEN37_F1,qwen37f1_6b01671985e6ddfc0f52,v2e2_689fd81bd1f3eec1e27d,qwen37_plus_direct,S2,carrier_consistent,0.0,0.0,0.0,0.0,0.0,0.0,0.0,True,True,True,True,True
QWEN37_F1,qwen37f1_6b01671985e6ddfc0f52,v2e2_689fd81bd1f3eec1e27d,qwen37_plus_direct,S2,authoritative,0.0,0.0,0.0,0.0,0.0,0.0,0.0,True,True,True,True,True
QWEN37_F1,qwen37f1_6ed136996be36b88de0c,v2e2_a26fd019af93d45104b8,qwen37_plus_direct,C2,carrier_consistent,0.0,0.0,0.0,0.0,0.0,0.0,0.0,True,True,True,True,True
QWEN37_F1,qwen37f1_6ed136996be36b88de0c,v2e2_a26fd019af93d45104b8,qwen37_plus_direct,C2,authoritative,0.0,0.0,0.0,0.0,0.0,0.0,0.0,True,True,True,True,True
QWEN37_F1,qwen37f1_6ed136996be36b88de0c,v2e2_a26fd019af93d45104b8,qwen37_plus_direct,S2,carrier_consistent,0.0,0.0,0.0,0.0,0.0,0.0,0.0,True,True,True,True,True
QWEN37_F1,qwen37f1_6ed136996be36b88de0c,v2e2_a26fd019af93d45104b8,qwen37_plus_direct,S2,authoritative,0.0,0.0,0.0,0.0,0.0,0.0,0.0,True,True,True,True,True
QWEN37_F1,qwen37f1_6ed136996be36b88de0c,v2e2_a26fd019af93d45104b8,qwen37_plus_direct,C1,carrier_consistent,0.0,0.0,0.0,0.0,0.0,0.0,0.0,True,True,True,True,True
QWEN37_F1,qwen37f1_6ed136996be36b88de0c,v2e2_a26fd019af93d45104b8,qwen37_plus_direct,C1,authoritative,0.0,0.0,0.0,0.0,0.0,0.0,0.0,True,True,True,True,True
QWEN37_F1,qwen37f1_6ed136996be36b88de0c,v2e2_a26fd019af93d45104b8,qwen37_plus_direct,S1,carrier_consistent,0.0,0.0,0.0,0.0,0.0,0.0,0.0,True,True,True,True,True
QWEN37_F1,qwen37f1_6ed136996be36b88de0c,v2e2_a26fd019af93d45104b8,qwen37_plus_direct,S1,authoritative,0.0,0.0,0.0,0.0,0.0,0.0,0.0,True,True,True,True,True
QWEN37_F1,qwen37f1_818f412579461024d2b0,v2e2_eabe3c90461f173e872b,qwen37_plus_direct,C2,carrier_consistent,0.0,0.0,0.0,0.0,0.0,0.0,0.0,True,True,True,True,True
QWEN37_F1,qwen37f1_818f412579461024d2b0,v2e2_eabe3c90461f173e872b,qwen37_plus_direct,C2,authoritative,0.0,0.0,0.0,0.0,0.0,0.0,0.0,True,True,True,True,True
QWEN37_F1,qwen37f1_818f412579461024d2b0,v2e2_eabe3c90461f173e872b,qwen37_plus_direct,S2,carrier_consistent,0.0,0.0,0.0,0.0,0.0,0.0,0.0,True,True,True,True,True
QWEN37_F1,qwen37f1_818f412579461024d2b0,v2e2_eabe3c90461f173e872b,qwen37_plus_direct,S2,authoritative,0.0,0.0,0.0,0.0,0.0,0.0,0.0,True,True,True,True,True
QWEN37_F1,qwen37f1_818f412579461024d2b0,v2e2_eabe3c90461f173e872b,qwen37_plus_direct,C1,carrier_consistent,0.0,0.0,0.0,0.0,0.0,0.0,0.0,True,True,True,True,True
QWEN37_F1,qwen37f1_818f412579461024d2b0,v2e2_eabe3c90461f173e872b,qwen37_plus_direct,C1,authoritative,0.0,0.0,0.0,0.0,0.0,0.0,0.0,True,True,True,True,True
QWEN37_F1,qwen37f1_818f412579461024d2b0,v2e2_eabe3c90461f173e872b,qwen37_plus_direct,S1,carrier_consistent,0.0,0.0,0.0,0.0,0.0,0.0,0.0,True,True,True,True,True
QWEN37_F1,qwen37f1_818f412579461024d2b0,v2e2_eabe3c90461f173e872b,qwen37_plus_direct,S1,authoritative,0.0,0.0,0.0,0.0,0.0,0.0,0.0,True,True,True,True,True
QWEN37_F1,qwen37f1_86c207b5817e368dedb6,v2e2_e6c8a896df3972a400a6,qwen37_plus_direct,C2,carrier_consistent,0.0,0.0,0.0,0.0,0.0,0.0,0.0,True,True,True,True,True
QWEN37_F1,qwen37f1_86c207b5817e368dedb6,v2e2_e6c8a896df3972a400a6,qwen37_plus_direct,C2,authoritative,0.0,0.0,0.0,0.0,0.0,0.0,0.0,True,True,True,True,True
QWEN37_F1,qwen37f1_86c207b5817e368dedb6,v2e2_e6c8a896df3972a400a6,qwen37_plus_direct,S2,carrier_consistent,0.0,0.0,0.0,0.0,0.0,0.0,0.0,True,True,True,True,True
QWEN37_F1,qwen37f1_86c207b5817e368dedb6,v2e2_e6c8a896df3972a400a6,qwen37_plus_direct,S2,authoritative,0.0,0.0,0.0,0.0,0.0,0.0,0.0,True,True,True,True,True
QWEN37_F1,qwen37f1_86c207b5817e368dedb6,v2e2_e6c8a896df3972a400a6,qwen37_plus_direct,C1,carrier_consistent,0.0,0.0,0.0,0.0,0.0,0.0,0.0,True,True,True,True,True
QWEN37_F1,qwen37f1_86c207b5817e368dedb6,v2e2_e6c8a896df3972a400a6,qwen37_plus_direct,C1,authoritative,0.0,0.0,0.0,0.0,0.0,0.0,0.0,True,True,True,True,True
QWEN37_F1,qwen37f1_86c207b5817e368dedb6,v2e2_e6c8a896df3972a400a6,qwen37_plus_direct,S1,carrier_consistent,0.0,0.0,0.0,0.0,0.0,0.0,0.0,True,True,True,True,True
QWEN37_F1,qwen37f1_86c207b5817e368dedb6,v2e2_e6c8a896df3972a400a6,qwen37_plus_direct,S1,authoritative,0.0,0.0,0.0,0.0,0.0,0.0,0.0,True,True,True,True,True
QWEN37_F1,qwen37f1_89848d513923ab2382f4,v2e2_7b2e0628b0d7b7a4badd,qwen37_plus_direct,C1,carrier_consistent,0.0,0.0,0.0,0.0,0.0,0.0,0.0,True,True,True,True,True
QWEN37_F1,qwen37f1_89848d513923ab2382f4,v2e2_7b2e0628b0d7b7a4badd,qwen37_plus_direct,C1,authoritative,0.0,0.0,0.0,0.0,0.0,0.0,0.0,True,True,True,True,True
QWEN37_F1,qwen37f1_89848d513923ab2382f4,v2e2_7b2e0628b0d7b7a4badd,qwen37_plus_direct,S1,carrier_consistent,0.0,0.0,0.0,0.0,0.0,0.0,0.0,True,True,True,True,True
QWEN37_F1,qwen37f1_89848d513923ab2382f4,v2e2_7b2e0628b0d7b7a4badd,qwen37_plus_direct,S1,authoritative,0.0,0.0,0.0,0.0,0.0,0.0,0.0,True,True,True,True,True
QWEN37_F1,qwen37f1_89848d513923ab2382f4,v2e2_7b2e0628b0d7b7a4badd,qwen37_plus_direct,C2,carrier_consistent,0.0,0.0,0.0,0.0,0.0,0.0,0.0,True,True,True,True,True
QWEN37_F1,qwen37f1_89848d513923ab2382f4,v2e2_7b2e0628b0d7b7a4badd,qwen37_plus_direct,C2,authoritative,0.0,0.0,0.0,0.0,0.0,0.0,0.0,True,True,True,True,True
QWEN37_F1,qwen37f1_89848d513923ab2382f4,v2e2_7b2e0628b0d7b7a4badd,qwen37_plus_direct,S2,carrier_consistent,0.0,0.0,0.0,0.0,0.0,0.0,0.0,True,True,True,True,True
QWEN37_F1,qwen37f1_89848d513923ab2382f4,v2e2_7b2e0628b0d7b7a4badd,qwen37_plus_direct,S2,authoritative,0.0,0.0,0.0,0.0,0.0,0.0,0.0,True,True,True,True,True
QWEN37_F1,qwen37f1_8f159fe10d063d56228e,v2e2_ade91af586194aa1b583,qwen37_plus_direct,S1,carrier_consistent,0.0,0.0,0.0,0.0,0.0,0.0,0.0,True,True,True,True,True
QWEN37_F1,qwen37f1_8f159fe10d063d56228e,v2e2_ade91af586194aa1b583,qwen37_plus_direct,S1,authoritative,0.0,0.0,0.0,0.0,0.0,0.0,0.0,True,True,True,True,True
QWEN37_F1,qwen37f1_8f159fe10d063d56228e,v2e2_ade91af586194aa1b583,qwen37_plus_direct,C2,carrier_consistent,0.0,0.0,0.0,0.0,0.0,0.0,0.0,True,True,True,True,True
QWEN37_F1,qwen37f1_8f159fe10d063d56228e,v2e2_ade91af586194aa1b583,qwen37_plus_direct,C2,authoritative,0.0,0.0,0.0,0.0,0.0,0.0,0.0,True,True,True,True,True
QWEN37_F1,qwen37f1_8f159fe10d063d56228e,v2e2_ade91af586194aa1b583,qwen37_plus_direct,S2,carrier_consistent,0.0,0.0,0.0,0.0,0.0,0.0,0.0,True,True,True,True,True
QWEN37_F1,qwen37f1_8f159fe10d063d56228e,v2e2_ade91af586194aa1b583,qwen37_plus_direct,S2,authoritative,0.0,0.0,0.0,0.0,0.0,0.0,0.0,True,True,True,True,True
QWEN37_F1,qwen37f1_8f159fe10d063d56228e,v2e2_ade91af586194aa1b583,qwen37_plus_direct,C1,carrier_consistent,0.0,0.0,0.0,0.0,0.0,0.0,0.0,True,True,True,True,True
QWEN37_F1,qwen37f1_8f159fe10d063d56228e,v2e2_ade91af586194aa1b583,qwen37_plus_direct,C1,authoritative,0.0,0.0,0.0,0.0,0.0,0.0,0.0,True,True,True,True,True
QWEN37_F1,qwen37f1_9cc27ff15b109646cfaf,v2e2_90357feca5a42c2b5eee,qwen37_plus_direct,C1,carrier_consistent,0.0,0.0,0.0,0.0,0.0,0.0,0.0,True,True,True,True,True
QWEN37_F1,qwen37f1_9cc27ff15b109646cfaf,v2e2_90357feca5a42c2b5eee,qwen37_plus_direct,C1,authoritative,0.0,0.0,0.0,0.0,0.0,0.0,0.0,True,True,True,True,True
QWEN37_F1,qwen37f1_9cc27ff15b109646cfaf,v2e2_90357feca5a42c2b5eee,qwen37_plus_direct,S1,carrier_consistent,0.0,0.0,0.0,0.0,0.0,0.0,0.0,True,True,True,True,True
QWEN37_F1,qwen37f1_9cc27ff15b109646cfaf,v2e2_90357feca5a42c2b5eee,qwen37_plus_direct,S1,authoritative,0.0,0.0,0.0,0.0,0.0,0.0,0.0,True,True,True,True,True
QWEN37_F1,qwen37f1_9cc27ff15b109646cfaf,v2e2_90357feca5a42c2b5eee,qwen37_plus_direct,C2,carrier_consistent,0.0,0.0,0.0,0.0,0.0,0.0,0.0,True,True,True,True,True
QWEN37_F1,qwen37f1_9cc27ff15b109646cfaf,v2e2_90357feca5a42c2b5eee,qwen37_plus_direct,C2,authoritative,0.0,0.0,0.0,0.0,0.0,0.0,0.0,True,True,True,True,True
QWEN37_F1,qwen37f1_9cc27ff15b109646cfaf,v2e2_90357feca5a42c2b5eee,qwen37_plus_direct,S2,carrier_consistent,0.0,0.0,0.0,0.0,0.0,0.0,0.0,True,True,True,True,True
QWEN37_F1,qwen37f1_9cc27ff15b109646cfaf,v2e2_90357feca5a42c2b5eee,qwen37_plus_direct,S2,authoritative,0.0,0.0,0.0,0.0,0.0,0.0,0.0,True,True,True,True,True
QWEN37_F1,qwen37f1_9d240b5f2e3af4418515,v2e2_57ed2833756fcc2a81f4,qwen37_plus_direct,C1,carrier_consistent,0.0,0.0,0.0,0.0,0.0,0.0,0.0,True,True,True,True,True
QWEN37_F1,qwen37f1_9d240b5f2e3af4418515,v2e2_57ed2833756fcc2a81f4,qwen37_plus_direct,C1,authoritative,0.0,0.0,0.0,0.0,0.0,0.0,0.0,True,True,True,True,True
QWEN37_F1,qwen37f1_9d240b5f2e3af4418515,v2e2_57ed2833756fcc2a81f4,qwen37_plus_direct,S1,carrier_consistent,0.0,0.0,0.0,0.0,0.0,0.0,0.0,True,True,True,True,True
QWEN37_F1,qwen37f1_9d240b5f2e3af4418515,v2e2_57ed2833756fcc2a81f4,qwen37_plus_direct,S1,authoritative,0.0,0.0,0.0,0.0,0.0,0.0,0.0,True,True,True,True,True
QWEN37_F1,qwen37f1_9d240b5f2e3af4418515,v2e2_57ed2833756fcc2a81f4,qwen37_plus_direct,C2,carrier_consistent,0.0,0.0,0.0,0.0,0.0,0.0,0.0,True,True,True,True,True
QWEN37_F1,qwen37f1_9d240b5f2e3af4418515,v2e2_57ed2833756fcc2a81f4,qwen37_plus_direct,C2,authoritative,0.0,0.0,0.0,0.0,0.0,0.0,0.0,True,True,True,True,True
QWEN37_F1,qwen37f1_9d240b5f2e3af4418515,v2e2_57ed2833756fcc2a81f4,qwen37_plus_direct,S2,carrier_consistent,0.0,0.0,0.0,0.0,0.0,0.0,0.0,True,True,True,True,True
QWEN37_F1,qwen37f1_9d240b5f2e3af4418515,v2e2_57ed2833756fcc2a81f4,qwen37_plus_direct,S2,authoritative,0.0,0.0,0.0,0.0,0.0,0.0,0.0,True,True,True,True,True
QWEN37_F1,qwen37f1_9fa481f802e4a10b7994,v2e2_a7c71f5aa3db3e32fdd1,qwen37_plus_direct,C2,carrier_consistent,0.0,0.0,0.0,0.0,0.0,0.0,0.0,True,True,True,True,True
QWEN37_F1,qwen37f1_9fa481f802e4a10b7994,v2e2_a7c71f5aa3db3e32fdd1,qwen37_plus_direct,C2,authoritative,0.0,0.0,0.0,0.0,0.0,0.0,0.0,True,True,True,True,True
QWEN37_F1,qwen37f1_9fa481f802e4a10b7994,v2e2_a7c71f5aa3db3e32fdd1,qwen37_plus_direct,S2,carrier_consistent,0.0,0.0,0.0,0.0,0.0,0.0,0.0,True,True,True,True,True
QWEN37_F1,qwen37f1_9fa481f802e4a10b7994,v2e2_a7c71f5aa3db3e32fdd1,qwen37_plus_direct,S2,authoritative,0.0,0.0,0.0,0.0,0.0,0.0,0.0,True,True,True,True,True
QWEN37_F1,qwen37f1_9fa481f802e4a10b7994,v2e2_a7c71f5aa3db3e32fdd1,qwen37_plus_direct,C1,carrier_consistent,0.0,0.0,0.0,0.0,0.0,0.0,0.0,True,True,True,True,True
QWEN37_F1,qwen37f1_9fa481f802e4a10b7994,v2e2_a7c71f5aa3db3e32fdd1,qwen37_plus_direct,C1,authoritative,0.0,0.0,0.0,0.0,0.0,0.0,0.0,True,True,True,True,True
QWEN37_F1,qwen37f1_9fa481f802e4a10b7994,v2e2_a7c71f5aa3db3e32fdd1,qwen37_plus_direct,S1,carrier_consistent,0.0,0.0,0.0,0.0,0.0,0.0,0.0,True,True,True,True,True
QWEN37_F1,qwen37f1_9fa481f802e4a10b7994,v2e2_a7c71f5aa3db3e32fdd1,qwen37_plus_direct,S1,authoritative,0.0,0.0,0.0,0.0,0.0,0.0,0.0,True,True,True,True,True
QWEN37_F1,qwen37f1_a308bdf50eab9a3e3f68,v2e2_394e89f7d166924e9409,qwen37_plus_direct,S2,carrier_consistent,0.0,0.0,0.0,0.0,0.0,0.0,0.0,True,True,True,True,True
QWEN37_F1,qwen37f1_a308bdf50eab9a3e3f68,v2e2_394e89f7d166924e9409,qwen37_plus_direct,S2,authoritative,0.0,0.0,0.0,0.0,0.0,0.0,0.0,True,True,True,True,True
QWEN37_F1,qwen37f1_a308bdf50eab9a3e3f68,v2e2_394e89f7d166924e9409,qwen37_plus_direct,C1,carrier_consistent,0.0,0.0,0.0,0.0,0.0,0.0,0.0,True,True,True,True,True
QWEN37_F1,qwen37f1_a308bdf50eab9a3e3f68,v2e2_394e89f7d166924e9409,qwen37_plus_direct,C1,authoritative,0.0,0.0,0.0,0.0,0.0,0.0,0.0,True,True,True,True,True
QWEN37_F1,qwen37f1_a308bdf50eab9a3e3f68,v2e2_394e89f7d166924e9409,qwen37_plus_direct,S1,carrier_consistent,0.0,0.0,0.0,0.0,0.0,0.0,0.0,True,True,True,True,True
QWEN37_F1,qwen37f1_a308bdf50eab9a3e3f68,v2e2_394e89f7d166924e9409,qwen37_plus_direct,S1,authoritative,0.0,0.0,0.0,0.0,0.0,0.0,0.0,True,True,True,True,True
QWEN37_F1,qwen37f1_a308bdf50eab9a3e3f68,v2e2_394e89f7d166924e9409,qwen37_plus_direct,C2,carrier_consistent,0.0,0.0,0.0,0.0,0.0,0.0,0.0,True,True,True,True,True
QWEN37_F1,qwen37f1_a308bdf50eab9a3e3f68,v2e2_394e89f7d166924e9409,qwen37_plus_direct,C2,authoritative,0.0,0.0,0.0,0.0,0.0,0.0,0.0,True,True,True,True,True
QWEN37_F1,qwen37f1_a41f3c6598a3f69c732d,v2e2_1a991ca6b21c0ed79241,qwen37_plus_direct,S1,carrier_consistent,0.0,0.0,0.0,0.0,0.0,0.0,0.0,True,True,True,True,True
QWEN37_F1,qwen37f1_a41f3c6598a3f69c732d,v2e2_1a991ca6b21c0ed79241,qwen37_plus_direct,S1,authoritative,0.0,0.0,0.0,0.0,0.0,0.0,0.0,True,True,True,True,True
QWEN37_F1,qwen37f1_a41f3c6598a3f69c732d,v2e2_1a991ca6b21c0ed79241,qwen37_plus_direct,C2,carrier_consistent,0.0,0.0,0.0,0.0,0.0,0.0,0.0,True,True,True,True,True
QWEN37_F1,qwen37f1_a41f3c6598a3f69c732d,v2e2_1a991ca6b21c0ed79241,qwen37_plus_direct,C2,authoritative,0.0,0.0,0.0,0.0,0.0,0.0,0.0,True,True,True,True,True
QWEN37_F1,qwen37f1_a41f3c6598a3f69c732d,v2e2_1a991ca6b21c0ed79241,qwen37_plus_direct,S2,carrier_consistent,0.0,0.0,0.0,0.0,0.0,0.0,0.0,True,True,True,True,True
QWEN37_F1,qwen37f1_a41f3c6598a3f69c732d,v2e2_1a991ca6b21c0ed79241,qwen37_plus_direct,S2,authoritative,0.0,0.0,0.0,0.0,0.0,0.0,0.0,True,True,True,True,True
QWEN37_F1,qwen37f1_a41f3c6598a3f69c732d,v2e2_1a991ca6b21c0ed79241,qwen37_plus_direct,C1,carrier_consistent,0.0,0.0,0.0,0.0,0.0,0.0,0.0,True,True,True,True,True
QWEN37_F1,qwen37f1_a41f3c6598a3f69c732d,v2e2_1a991ca6b21c0ed79241,qwen37_plus_direct,C1,authoritative,0.0,0.0,0.0,0.0,0.0,0.0,0.0,True,True,True,True,True
QWEN37_F1,qwen37f1_ad373a37404f00160e88,v2e2_581afa30a65d6a5d08a5,qwen37_plus_direct,S1,carrier_consistent,0.0,0.0,0.0,0.0,0.0,0.0,0.0,True,True,True,True,True
QWEN37_F1,qwen37f1_ad373a37404f00160e88,v2e2_581afa30a65d6a5d08a5,qwen37_plus_direct,S1,authoritative,0.0,0.0,0.0,0.0,0.0,0.0,0.0,True,True,True,True,True
QWEN37_F1,qwen37f1_ad373a37404f00160e88,v2e2_581afa30a65d6a5d08a5,qwen37_plus_direct,C2,carrier_consistent,0.0,0.0,0.0,0.0,0.0,0.0,0.0,True,True,True,True,True
QWEN37_F1,qwen37f1_ad373a37404f00160e88,v2e2_581afa30a65d6a5d08a5,qwen37_plus_direct,C2,authoritative,0.0,0.0,0.0,0.0,0.0,0.0,0.0,True,True,True,True,True
QWEN37_F1,qwen37f1_ad373a37404f00160e88,v2e2_581afa30a65d6a5d08a5,qwen37_plus_direct,S2,carrier_consistent,0.0,0.0,0.0,0.0,0.0,0.0,0.0,True,True,True,True,True
QWEN37_F1,qwen37f1_ad373a37404f00160e88,v2e2_581afa30a65d6a5d08a5,qwen37_plus_direct,S2,authoritative,0.0,0.0,0.0,0.0,0.0,0.0,0.0,True,True,True,True,True
QWEN37_F1,qwen37f1_ad373a37404f00160e88,v2e2_581afa30a65d6a5d08a5,qwen37_plus_direct,C1,carrier_consistent,0.0,0.0,0.0,0.0,0.0,0.0,0.0,True,True,True,True,True
QWEN37_F1,qwen37f1_ad373a37404f00160e88,v2e2_581afa30a65d6a5d08a5,qwen37_plus_direct,C1,authoritative,0.0,0.0,0.0,0.0,0.0,0.0,0.0,True,True,True,True,True
QWEN37_F1,qwen37f1_b7348f05df4f34cefd1d,v2e2_babe8da2420b974ae448,qwen37_plus_direct,S2,carrier_consistent,0.0,0.0,0.0,0.0,0.0,0.0,0.0,True,True,True,True,True
QWEN37_F1,qwen37f1_b7348f05df4f34cefd1d,v2e2_babe8da2420b974ae448,qwen37_plus_direct,S2,authoritative,0.0,0.0,0.0,0.0,0.0,0.0,0.0,True,True,True,True,True
QWEN37_F1,qwen37f1_b7348f05df4f34cefd1d,v2e2_babe8da2420b974ae448,qwen37_plus_direct,C1,carrier_consistent,0.0,0.0,0.0,0.0,0.0,0.0,0.0,True,True,True,True,True
QWEN37_F1,qwen37f1_b7348f05df4f34cefd1d,v2e2_babe8da2420b974ae448,qwen37_plus_direct,C1,authoritative,0.0,0.0,0.0,0.0,0.0,0.0,0.0,True,True,True,True,True
QWEN37_F1,qwen37f1_b7348f05df4f34cefd1d,v2e2_babe8da2420b974ae448,qwen37_plus_direct,S1,carrier_consistent,0.0,0.0,0.0,0.0,0.0,0.0,0.0,True,True,True,True,True
QWEN37_F1,qwen37f1_b7348f05df4f34cefd1d,v2e2_babe8da2420b974ae448,qwen37_plus_direct,S1,authoritative,0.0,0.0,0.0,0.0,0.0,0.0,0.0,True,True,True,True,True
QWEN37_F1,qwen37f1_b7348f05df4f34cefd1d,v2e2_babe8da2420b974ae448,qwen37_plus_direct,C2,carrier_consistent,0.0,0.0,0.0,0.0,0.0,0.0,0.0,True,True,True,True,True
QWEN37_F1,qwen37f1_b7348f05df4f34cefd1d,v2e2_babe8da2420b974ae448,qwen37_plus_direct,C2,authoritative,0.0,0.0,0.0,0.0,0.0,0.0,0.0,True,True,True,True,True
QWEN37_F1,qwen37f1_bab7890ef7738048b0a9,v2e2_f60d5d4b26a4ec302fa4,qwen37_plus_direct,C2,carrier_consistent,0.0,0.0,0.0,0.0,0.0,0.0,0.0,True,True,True,True,True
QWEN37_F1,qwen37f1_bab7890ef7738048b0a9,v2e2_f60d5d4b26a4ec302fa4,qwen37_plus_direct,C2,authoritative,0.0,0.0,0.0,0.0,0.0,0.0,0.0,True,True,True,True,True
QWEN37_F1,qwen37f1_bab7890ef7738048b0a9,v2e2_f60d5d4b26a4ec302fa4,qwen37_plus_direct,S2,carrier_consistent,0.0,0.0,0.0,0.0,0.0,0.0,0.0,True,True,True,True,True
QWEN37_F1,qwen37f1_bab7890ef7738048b0a9,v2e2_f60d5d4b26a4ec302fa4,qwen37_plus_direct,S2,authoritative,0.0,0.0,0.0,0.0,0.0,0.0,0.0,True,True,True,True,True
QWEN37_F1,qwen37f1_bab7890ef7738048b0a9,v2e2_f60d5d4b26a4ec302fa4,qwen37_plus_direct,C1,carrier_consistent,0.0,0.0,0.0,0.0,0.0,0.0,0.0,True,True,True,True,True
QWEN37_F1,qwen37f1_bab7890ef7738048b0a9,v2e2_f60d5d4b26a4ec302fa4,qwen37_plus_direct,C1,authoritative,0.0,0.0,0.0,0.0,0.0,0.0,0.0,True,True,True,True,True
QWEN37_F1,qwen37f1_bab7890ef7738048b0a9,v2e2_f60d5d4b26a4ec302fa4,qwen37_plus_direct,S1,carrier_consistent,0.0,0.0,0.0,0.0,0.0,0.0,0.0,True,True,True,True,True
QWEN37_F1,qwen37f1_bab7890ef7738048b0a9,v2e2_f60d5d4b26a4ec302fa4,qwen37_plus_direct,S1,authoritative,0.0,0.0,0.0,0.0,0.0,0.0,0.0,True,True,True,True,True
QWEN37_F1,qwen37f1_bb3b8eb274674eb04b38,v2e2_eefa2a6aa00281c6d0de,qwen37_plus_direct,C1,carrier_consistent,0.0,0.0,0.0,0.0,0.0,0.0,0.0,True,True,True,True,True
QWEN37_F1,qwen37f1_bb3b8eb274674eb04b38,v2e2_eefa2a6aa00281c6d0de,qwen37_plus_direct,C1,authoritative,0.0,0.0,0.0,0.0,0.0,0.0,0.0,True,True,True,True,True
QWEN37_F1,qwen37f1_bb3b8eb274674eb04b38,v2e2_eefa2a6aa00281c6d0de,qwen37_plus_direct,S1,carrier_consistent,0.0,0.0,0.0,0.0,0.0,0.0,0.0,True,True,True,True,True
QWEN37_F1,qwen37f1_bb3b8eb274674eb04b38,v2e2_eefa2a6aa00281c6d0de,qwen37_plus_direct,S1,authoritative,0.0,0.0,0.0,0.0,0.0,0.0,0.0,True,True,True,True,True
QWEN37_F1,qwen37f1_bb3b8eb274674eb04b38,v2e2_eefa2a6aa00281c6d0de,qwen37_plus_direct,C2,carrier_consistent,0.0,0.0,0.0,0.0,0.0,0.0,0.0,True,True,True,True,True
QWEN37_F1,qwen37f1_bb3b8eb274674eb04b38,v2e2_eefa2a6aa00281c6d0de,qwen37_plus_direct,C2,authoritative,0.0,0.0,0.0,0.0,0.0,0.0,0.0,True,True,True,True,True
QWEN37_F1,qwen37f1_bb3b8eb274674eb04b38,v2e2_eefa2a6aa00281c6d0de,qwen37_plus_direct,S2,carrier_consistent,0.0,0.0,0.0,0.0,0.0,0.0,0.0,True,True,True,True,True
QWEN37_F1,qwen37f1_bb3b8eb274674eb04b38,v2e2_eefa2a6aa00281c6d0de,qwen37_plus_direct,S2,authoritative,0.0,0.0,0.0,0.0,0.0,0.0,0.0,True,True,True,True,True
QWEN37_F1,qwen37f1_bfdc857df31666bf3d04,v2e2_be357ad7fa505f6b8f35,qwen37_plus_direct,C1,carrier_consistent,0.0,0.0,0.0,0.0,0.0,0.0,0.0,True,True,True,True,True
QWEN37_F1,qwen37f1_bfdc857df31666bf3d04,v2e2_be357ad7fa505f6b8f35,qwen37_plus_direct,C1,authoritative,0.0,0.0,0.0,0.0,0.0,0.0,0.0,True,True,True,True,True
QWEN37_F1,qwen37f1_bfdc857df31666bf3d04,v2e2_be357ad7fa505f6b8f35,qwen37_plus_direct,S1,carrier_consistent,0.0,0.0,0.0,0.0,0.0,0.0,0.0,True,True,True,True,True
QWEN37_F1,qwen37f1_bfdc857df31666bf3d04,v2e2_be357ad7fa505f6b8f35,qwen37_plus_direct,S1,authoritative,0.0,0.0,0.0,0.0,0.0,0.0,0.0,True,True,True,True,True
QWEN37_F1,qwen37f1_bfdc857df31666bf3d04,v2e2_be357ad7fa505f6b8f35,qwen37_plus_direct,C2,carrier_consistent,0.0,0.0,0.0,0.0,0.0,0.0,0.0,True,True,True,True,True
QWEN37_F1,qwen37f1_bfdc857df31666bf3d04,v2e2_be357ad7fa505f6b8f35,qwen37_plus_direct,C2,authoritative,0.0,0.0,0.0,0.0,0.0,0.0,0.0,True,True,True,True,True
QWEN37_F1,qwen37f1_bfdc857df31666bf3d04,v2e2_be357ad7fa505f6b8f35,qwen37_plus_direct,S2,carrier_consistent,0.0,0.0,0.0,0.0,0.0,0.0,0.0,True,True,True,True,True
QWEN37_F1,qwen37f1_bfdc857df31666bf3d04,v2e2_be357ad7fa505f6b8f35,qwen37_plus_direct,S2,authoritative,0.0,0.0,0.0,0.0,0.0,0.0,0.0,True,True,True,True,True
QWEN37_F1,qwen37f1_c4ab0367a5476cc4717d,v2e2_eeaa2f40bad66efc8c57,qwen37_plus_direct,S2,carrier_consistent,0.0,0.0,0.0,0.0,0.0,0.0,0.0,True,True,True,True,True
QWEN37_F1,qwen37f1_c4ab0367a5476cc4717d,v2e2_eeaa2f40bad66efc8c57,qwen37_plus_direct,S2,authoritative,0.0,0.0,0.0,0.0,0.0,0.0,0.0,True,True,True,True,True
QWEN37_F1,qwen37f1_c4ab0367a5476cc4717d,v2e2_eeaa2f40bad66efc8c57,qwen37_plus_direct,C1,carrier_consistent,0.0,0.0,0.0,0.0,0.0,0.0,0.0,True,True,True,True,True
QWEN37_F1,qwen37f1_c4ab0367a5476cc4717d,v2e2_eeaa2f40bad66efc8c57,qwen37_plus_direct,C1,authoritative,0.0,0.0,0.0,0.0,0.0,0.0,0.0,True,True,True,True,True
QWEN37_F1,qwen37f1_c4ab0367a5476cc4717d,v2e2_eeaa2f40bad66efc8c57,qwen37_plus_direct,S1,carrier_consistent,0.0,0.0,0.0,0.0,0.0,0.0,0.0,True,True,True,True,True
QWEN37_F1,qwen37f1_c4ab0367a5476cc4717d,v2e2_eeaa2f40bad66efc8c57,qwen37_plus_direct,S1,authoritative,0.0,0.0,0.0,0.0,0.0,0.0,0.0,True,True,True,True,True
QWEN37_F1,qwen37f1_c4ab0367a5476cc4717d,v2e2_eeaa2f40bad66efc8c57,qwen37_plus_direct,C2,carrier_consistent,0.0,0.0,0.0,0.0,0.0,0.0,0.0,True,True,True,True,True
QWEN37_F1,qwen37f1_c4ab0367a5476cc4717d,v2e2_eeaa2f40bad66efc8c57,qwen37_plus_direct,C2,authoritative,0.0,0.0,0.0,0.0,0.0,0.0,0.0,True,True,True,True,True
QWEN37_F1,qwen37f1_cb0b4a938591b59e7598,v2e2_16c288d882ac6a326385,qwen37_plus_direct,C1,carrier_consistent,0.0,0.0,0.0,0.0,0.0,0.0,0.0,True,True,True,True,True
QWEN37_F1,qwen37f1_cb0b4a938591b59e7598,v2e2_16c288d882ac6a326385,qwen37_plus_direct,C1,authoritative,0.0,0.0,0.0,0.0,0.0,0.0,0.0,True,True,True,True,True
QWEN37_F1,qwen37f1_cb0b4a938591b59e7598,v2e2_16c288d882ac6a326385,qwen37_plus_direct,S1,carrier_consistent,0.0,0.0,0.0,0.0,0.0,0.0,0.0,True,True,True,True,True
QWEN37_F1,qwen37f1_cb0b4a938591b59e7598,v2e2_16c288d882ac6a326385,qwen37_plus_direct,S1,authoritative,0.0,0.0,0.0,0.0,0.0,0.0,0.0,True,True,True,True,True
QWEN37_F1,qwen37f1_cb0b4a938591b59e7598,v2e2_16c288d882ac6a326385,qwen37_plus_direct,C2,carrier_consistent,0.0,0.0,0.0,0.0,0.0,0.0,0.0,True,True,True,True,True
QWEN37_F1,qwen37f1_cb0b4a938591b59e7598,v2e2_16c288d882ac6a326385,qwen37_plus_direct,C2,authoritative,0.0,0.0,0.0,0.0,0.0,0.0,0.0,True,True,True,True,True
QWEN37_F1,qwen37f1_cb0b4a938591b59e7598,v2e2_16c288d882ac6a326385,qwen37_plus_direct,S2,carrier_consistent,0.0,0.0,0.0,0.0,0.0,0.0,0.0,True,True,True,True,True
QWEN37_F1,qwen37f1_cb0b4a938591b59e7598,v2e2_16c288d882ac6a326385,qwen37_plus_direct,S2,authoritative,0.0,0.0,0.0,0.0,0.0,0.0,0.0,True,True,True,True,True
QWEN37_F1,qwen37f1_ce6f722eecf69d0a2e4a,v2e2_e9230cb9c5afdd6582ec,qwen37_plus_direct,C1,carrier_consistent,0.0,0.0,0.0,0.0,0.0,0.0,0.0,True,True,True,True,True
QWEN37_F1,qwen37f1_ce6f722eecf69d0a2e4a,v2e2_e9230cb9c5afdd6582ec,qwen37_plus_direct,C1,authoritative,0.0,0.0,0.0,0.0,0.0,0.0,0.0,True,True,True,True,True
QWEN37_F1,qwen37f1_ce6f722eecf69d0a2e4a,v2e2_e9230cb9c5afdd6582ec,qwen37_plus_direct,S1,carrier_consistent,0.0,0.0,0.0,0.0,0.0,0.0,0.0,True,True,True,True,True
QWEN37_F1,qwen37f1_ce6f722eecf69d0a2e4a,v2e2_e9230cb9c5afdd6582ec,qwen37_plus_direct,S1,authoritative,0.0,0.0,0.0,0.0,0.0,0.0,0.0,True,True,True,True,True
QWEN37_F1,qwen37f1_ce6f722eecf69d0a2e4a,v2e2_e9230cb9c5afdd6582ec,qwen37_plus_direct,C2,carrier_consistent,0.0,0.0,0.0,0.0,0.0,0.0,0.0,True,True,True,True,True
QWEN37_F1,qwen37f1_ce6f722eecf69d0a2e4a,v2e2_e9230cb9c5afdd6582ec,qwen37_plus_direct,C2,authoritative,0.0,0.0,0.0,0.0,0.0,0.0,0.0,True,True,True,True,True
QWEN37_F1,qwen37f1_ce6f722eecf69d0a2e4a,v2e2_e9230cb9c5afdd6582ec,qwen37_plus_direct,S2,carrier_consistent,0.0,0.0,0.0,0.0,0.0,0.0,0.0,True,True,True,True,True
QWEN37_F1,qwen37f1_ce6f722eecf69d0a2e4a,v2e2_e9230cb9c5afdd6582ec,qwen37_plus_direct,S2,authoritative,0.0,0.0,0.0,0.0,0.0,0.0,0.0,True,True,True,True,True
QWEN37_F1,qwen37f1_cee9bb3db4379a0a2310,v2e2_7778cc641046e1b0a2cd,qwen37_plus_direct,S2,carrier_consistent,0.0,0.0,0.0,0.0,0.0,0.0,0.0,True,True,True,True,True
QWEN37_F1,qwen37f1_cee9bb3db4379a0a2310,v2e2_7778cc641046e1b0a2cd,qwen37_plus_direct,S2,authoritative,0.0,0.0,0.0,0.0,0.0,0.0,0.0,True,True,True,True,True
QWEN37_F1,qwen37f1_cee9bb3db4379a0a2310,v2e2_7778cc641046e1b0a2cd,qwen37_plus_direct,C1,carrier_consistent,0.0,0.0,0.0,0.0,0.0,0.0,0.0,True,True,True,True,True
QWEN37_F1,qwen37f1_cee9bb3db4379a0a2310,v2e2_7778cc641046e1b0a2cd,qwen37_plus_direct,C1,authoritative,0.0,0.0,0.0,0.0,0.0,0.0,0.0,True,True,True,True,True
QWEN37_F1,qwen37f1_cee9bb3db4379a0a2310,v2e2_7778cc641046e1b0a2cd,qwen37_plus_direct,S1,carrier_consistent,0.0,0.0,0.0,0.0,0.0,0.0,0.0,True,True,True,True,True
QWEN37_F1,qwen37f1_cee9bb3db4379a0a2310,v2e2_7778cc641046e1b0a2cd,qwen37_plus_direct,S1,authoritative,0.0,0.0,0.0,0.0,0.0,0.0,0.0,True,True,True,True,True
QWEN37_F1,qwen37f1_cee9bb3db4379a0a2310,v2e2_7778cc641046e1b0a2cd,qwen37_plus_direct,C2,carrier_consistent,0.0,0.0,0.0,0.0,0.0,0.0,0.0,True,True,True,True,True
QWEN37_F1,qwen37f1_cee9bb3db4379a0a2310,v2e2_7778cc641046e1b0a2cd,qwen37_plus_direct,C2,authoritative,0.0,0.0,0.0,0.0,0.0,0.0,0.0,True,True,True,True,True
QWEN37_F1,qwen37f1_d133068b1e8df25bb6a2,v2e2_4bc783ae8ece976241af,qwen37_plus_direct,C2,carrier_consistent,0.0,0.0,0.0,0.0,0.0,0.0,0.0,True,True,True,True,True
QWEN37_F1,qwen37f1_d133068b1e8df25bb6a2,v2e2_4bc783ae8ece976241af,qwen37_plus_direct,C2,authoritative,0.0,0.0,0.0,0.0,0.0,0.0,0.0,True,True,True,True,True
QWEN37_F1,qwen37f1_d133068b1e8df25bb6a2,v2e2_4bc783ae8ece976241af,qwen37_plus_direct,S2,carrier_consistent,0.0,0.0,0.0,0.0,0.0,0.0,0.0,True,True,True,True,True
QWEN37_F1,qwen37f1_d133068b1e8df25bb6a2,v2e2_4bc783ae8ece976241af,qwen37_plus_direct,S2,authoritative,0.0,0.0,0.0,0.0,0.0,0.0,0.0,True,True,True,True,True
QWEN37_F1,qwen37f1_d133068b1e8df25bb6a2,v2e2_4bc783ae8ece976241af,qwen37_plus_direct,C1,carrier_consistent,0.0,0.0,0.0,0.0,0.0,0.0,0.0,True,True,True,True,True
QWEN37_F1,qwen37f1_d133068b1e8df25bb6a2,v2e2_4bc783ae8ece976241af,qwen37_plus_direct,C1,authoritative,0.0,0.0,0.0,0.0,0.0,0.0,0.0,True,True,True,True,True
QWEN37_F1,qwen37f1_d133068b1e8df25bb6a2,v2e2_4bc783ae8ece976241af,qwen37_plus_direct,S1,carrier_consistent,0.0,0.0,0.0,0.0,0.0,0.0,0.0,True,True,True,True,True
QWEN37_F1,qwen37f1_d133068b1e8df25bb6a2,v2e2_4bc783ae8ece976241af,qwen37_plus_direct,S1,authoritative,0.0,0.0,0.0,0.0,0.0,0.0,0.0,True,True,True,True,True
QWEN37_F1,qwen37f1_d559ea0106d370f9fb5f,v2e2_20534de655a33fde87ca,qwen37_plus_direct,S2,carrier_consistent,0.0,0.0,0.0,0.0,0.0,0.0,0.0,True,True,True,True,True
QWEN37_F1,qwen37f1_d559ea0106d370f9fb5f,v2e2_20534de655a33fde87ca,qwen37_plus_direct,S2,authoritative,0.0,0.0,0.0,0.0,0.0,0.0,0.0,True,True,True,True,True
QWEN37_F1,qwen37f1_d559ea0106d370f9fb5f,v2e2_20534de655a33fde87ca,qwen37_plus_direct,C1,carrier_consistent,0.0,0.0,0.0,0.0,0.0,0.0,0.0,True,True,True,True,True
QWEN37_F1,qwen37f1_d559ea0106d370f9fb5f,v2e2_20534de655a33fde87ca,qwen37_plus_direct,C1,authoritative,0.0,0.0,0.0,0.0,0.0,0.0,0.0,True,True,True,True,True
QWEN37_F1,qwen37f1_d559ea0106d370f9fb5f,v2e2_20534de655a33fde87ca,qwen37_plus_direct,S1,carrier_consistent,0.0,0.0,0.0,0.0,0.0,0.0,0.0,True,True,True,True,True
QWEN37_F1,qwen37f1_d559ea0106d370f9fb5f,v2e2_20534de655a33fde87ca,qwen37_plus_direct,S1,authoritative,0.0,0.0,0.0,0.0,0.0,0.0,0.0,True,True,True,True,True
QWEN37_F1,qwen37f1_d559ea0106d370f9fb5f,v2e2_20534de655a33fde87ca,qwen37_plus_direct,C2,carrier_consistent,0.0,0.0,0.0,0.0,0.0,0.0,0.0,True,True,True,True,True
QWEN37_F1,qwen37f1_d559ea0106d370f9fb5f,v2e2_20534de655a33fde87ca,qwen37_plus_direct,C2,authoritative,0.0,0.0,0.0,0.0,0.0,0.0,0.0,True,True,True,True,True
QWEN37_F1,qwen37f1_dedabb5c8f24a1a133ae,v2e2_cd47662d04581b339960,qwen37_plus_direct,S1,carrier_consistent,0.0,0.0,0.0,0.0,0.0,0.0,0.0,True,True,True,True,True
QWEN37_F1,qwen37f1_dedabb5c8f24a1a133ae,v2e2_cd47662d04581b339960,qwen37_plus_direct,S1,authoritative,0.0,0.0,0.0,0.0,0.0,0.0,0.0,True,True,True,True,True
QWEN37_F1,qwen37f1_dedabb5c8f24a1a133ae,v2e2_cd47662d04581b339960,qwen37_plus_direct,C2,carrier_consistent,0.0,0.0,0.0,0.0,0.0,0.0,0.0,True,True,True,True,True
QWEN37_F1,qwen37f1_dedabb5c8f24a1a133ae,v2e2_cd47662d04581b339960,qwen37_plus_direct,C2,authoritative,0.0,0.0,0.0,0.0,0.0,0.0,0.0,True,True,True,True,True
QWEN37_F1,qwen37f1_dedabb5c8f24a1a133ae,v2e2_cd47662d04581b339960,qwen37_plus_direct,S2,carrier_consistent,0.0,0.0,0.0,0.0,0.0,0.0,0.0,True,True,True,True,True
QWEN37_F1,qwen37f1_dedabb5c8f24a1a133ae,v2e2_cd47662d04581b339960,qwen37_plus_direct,S2,authoritative,0.0,0.0,0.0,0.0,0.0,0.0,0.0,True,True,True,True,True
QWEN37_F1,qwen37f1_dedabb5c8f24a1a133ae,v2e2_cd47662d04581b339960,qwen37_plus_direct,C1,carrier_consistent,0.0,0.0,0.0,0.0,0.0,0.0,0.0,True,True,True,True,True
QWEN37_F1,qwen37f1_dedabb5c8f24a1a133ae,v2e2_cd47662d04581b339960,qwen37_plus_direct,C1,authoritative,0.0,0.0,0.0,0.0,0.0,0.0,0.0,True,True,True,True,True
QWEN37_F1,qwen37f1_df44c3059311d69be180,v2e2_c4d42554da4b1f44862b,qwen37_plus_direct,C2,carrier_consistent,0.0,0.0,0.0,0.0,0.0,0.0,0.0,True,True,True,True,True
QWEN37_F1,qwen37f1_df44c3059311d69be180,v2e2_c4d42554da4b1f44862b,qwen37_plus_direct,C2,authoritative,0.0,0.0,0.0,0.0,0.0,0.0,0.0,True,True,True,True,True
QWEN37_F1,qwen37f1_df44c3059311d69be180,v2e2_c4d42554da4b1f44862b,qwen37_plus_direct,S2,carrier_consistent,0.0,0.0,0.0,0.0,0.0,0.0,0.0,True,True,True,True,True
QWEN37_F1,qwen37f1_df44c3059311d69be180,v2e2_c4d42554da4b1f44862b,qwen37_plus_direct,S2,authoritative,0.0,0.0,0.0,0.0,0.0,0.0,0.0,True,True,True,True,True
QWEN37_F1,qwen37f1_df44c3059311d69be180,v2e2_c4d42554da4b1f44862b,qwen37_plus_direct,C1,carrier_consistent,0.0,0.0,0.0,0.0,0.0,0.0,0.0,True,True,True,True,True
QWEN37_F1,qwen37f1_df44c3059311d69be180,v2e2_c4d42554da4b1f44862b,qwen37_plus_direct,C1,authoritative,0.0,0.0,0.0,0.0,0.0,0.0,0.0,True,True,True,True,True
QWEN37_F1,qwen37f1_df44c3059311d69be180,v2e2_c4d42554da4b1f44862b,qwen37_plus_direct,S1,carrier_consistent,0.0,0.0,0.0,0.0,0.0,0.0,0.0,True,True,True,True,True
QWEN37_F1,qwen37f1_df44c3059311d69be180,v2e2_c4d42554da4b1f44862b,qwen37_plus_direct,S1,authoritative,0.0,0.0,0.0,0.0,0.0,0.0,0.0,True,True,True,True,True
QWEN37_F1,qwen37f1_e441f463386f128f1075,v2e2_31906e8fff0262a0bd53,qwen37_plus_direct,C2,carrier_consistent,0.0,0.0,0.0,0.0,0.0,0.0,0.0,True,True,True,True,True
QWEN37_F1,qwen37f1_e441f463386f128f1075,v2e2_31906e8fff0262a0bd53,qwen37_plus_direct,C2,authoritative,0.0,0.0,0.0,0.0,0.0,0.0,0.0,True,True,True,True,True
QWEN37_F1,qwen37f1_e441f463386f128f1075,v2e2_31906e8fff0262a0bd53,qwen37_plus_direct,S2,carrier_consistent,0.0,0.0,0.0,0.0,0.0,0.0,0.0,True,True,True,True,True
QWEN37_F1,qwen37f1_e441f463386f128f1075,v2e2_31906e8fff0262a0bd53,qwen37_plus_direct,S2,authoritative,0.0,0.0,0.0,0.0,0.0,0.0,0.0,True,True,True,True,True
QWEN37_F1,qwen37f1_e441f463386f128f1075,v2e2_31906e8fff0262a0bd53,qwen37_plus_direct,C1,carrier_consistent,0.0,0.0,0.0,0.0,0.0,0.0,0.0,True,True,True,True,True
QWEN37_F1,qwen37f1_e441f463386f128f1075,v2e2_31906e8fff0262a0bd53,qwen37_plus_direct,C1,authoritative,0.0,0.0,0.0,0.0,0.0,0.0,0.0,True,True,True,True,True
QWEN37_F1,qwen37f1_e441f463386f128f1075,v2e2_31906e8fff0262a0bd53,qwen37_plus_direct,S1,carrier_consistent,0.0,0.0,0.0,0.0,0.0,0.0,0.0,True,True,True,True,True
QWEN37_F1,qwen37f1_e441f463386f128f1075,v2e2_31906e8fff0262a0bd53,qwen37_plus_direct,S1,authoritative,0.0,0.0,0.0,0.0,0.0,0.0,0.0,True,True,True,True,True
QWEN37_F1,qwen37f1_e67624d3f156005e407e,v2e2_01647af4ab413aad9430,qwen37_plus_direct,C1,carrier_consistent,0.0,0.0,0.0,0.0,0.0,0.0,0.0,True,True,True,True,True
QWEN37_F1,qwen37f1_e67624d3f156005e407e,v2e2_01647af4ab413aad9430,qwen37_plus_direct,C1,authoritative,0.0,0.0,0.0,0.0,0.0,0.0,0.0,True,True,True,True,True
QWEN37_F1,qwen37f1_e67624d3f156005e407e,v2e2_01647af4ab413aad9430,qwen37_plus_direct,S1,carrier_consistent,0.0,0.0,0.0,0.0,0.0,0.0,0.0,True,True,True,True,True
QWEN37_F1,qwen37f1_e67624d3f156005e407e,v2e2_01647af4ab413aad9430,qwen37_plus_direct,S1,authoritative,0.0,0.0,0.0,0.0,0.0,0.0,0.0,True,True,True,True,True
QWEN37_F1,qwen37f1_e67624d3f156005e407e,v2e2_01647af4ab413aad9430,qwen37_plus_direct,C2,carrier_consistent,0.0,0.0,0.0,0.0,0.0,0.0,0.0,True,True,True,True,True
QWEN37_F1,qwen37f1_e67624d3f156005e407e,v2e2_01647af4ab413aad9430,qwen37_plus_direct,C2,authoritative,0.0,0.0,0.0,0.0,0.0,0.0,0.0,True,True,True,True,True
QWEN37_F1,qwen37f1_e67624d3f156005e407e,v2e2_01647af4ab413aad9430,qwen37_plus_direct,S2,carrier_consistent,0.0,0.0,0.0,0.0,0.0,0.0,0.0,True,True,True,True,True
QWEN37_F1,qwen37f1_e67624d3f156005e407e,v2e2_01647af4ab413aad9430,qwen37_plus_direct,S2,authoritative,0.0,0.0,0.0,0.0,0.0,0.0,0.0,True,True,True,True,True
QWEN37_F1,qwen37f1_e9279d3fb6c00b84b443,v2e2_f5ed58c9117bb14967a8,qwen37_plus_direct,S1,carrier_consistent,0.0,0.0,0.0,0.0,0.0,0.0,0.0,True,True,True,True,True
QWEN37_F1,qwen37f1_e9279d3fb6c00b84b443,v2e2_f5ed58c9117bb14967a8,qwen37_plus_direct,S1,authoritative,0.0,0.0,0.0,0.0,0.0,0.0,0.0,True,True,True,True,True
QWEN37_F1,qwen37f1_e9279d3fb6c00b84b443,v2e2_f5ed58c9117bb14967a8,qwen37_plus_direct,C2,carrier_consistent,0.0,0.0,0.0,0.0,0.0,0.0,0.0,True,True,True,True,True
QWEN37_F1,qwen37f1_e9279d3fb6c00b84b443,v2e2_f5ed58c9117bb14967a8,qwen37_plus_direct,C2,authoritative,0.0,0.0,0.0,0.0,0.0,0.0,0.0,True,True,True,True,True
QWEN37_F1,qwen37f1_e9279d3fb6c00b84b443,v2e2_f5ed58c9117bb14967a8,qwen37_plus_direct,S2,carrier_consistent,0.0,0.0,0.0,0.0,0.0,0.0,0.0,True,True,True,True,True
QWEN37_F1,qwen37f1_e9279d3fb6c00b84b443,v2e2_f5ed58c9117bb14967a8,qwen37_plus_direct,S2,authoritative,0.0,0.0,0.0,0.0,0.0,0.0,0.0,True,True,True,True,True
QWEN37_F1,qwen37f1_e9279d3fb6c00b84b443,v2e2_f5ed58c9117bb14967a8,qwen37_plus_direct,C1,carrier_consistent,0.0,0.0,0.0,0.0,0.0,0.0,0.0,True,True,True,True,True
QWEN37_F1,qwen37f1_e9279d3fb6c00b84b443,v2e2_f5ed58c9117bb14967a8,qwen37_plus_direct,C1,authoritative,0.0,0.0,0.0,0.0,0.0,0.0,0.0,True,True,True,True,True
QWEN37_F1,qwen37f1_ec592705915514026f43,v2e2_c9b994f593c92dd9efa9,qwen37_plus_direct,C1,carrier_consistent,0.0,0.0,0.0,0.0,0.0,0.0,0.0,True,True,True,True,True
QWEN37_F1,qwen37f1_ec592705915514026f43,v2e2_c9b994f593c92dd9efa9,qwen37_plus_direct,C1,authoritative,0.0,0.0,0.0,0.0,0.0,0.0,0.0,True,True,True,True,True
QWEN37_F1,qwen37f1_ec592705915514026f43,v2e2_c9b994f593c92dd9efa9,qwen37_plus_direct,S1,carrier_consistent,0.0,0.0,0.0,0.0,0.0,0.0,0.0,True,True,True,True,True
QWEN37_F1,qwen37f1_ec592705915514026f43,v2e2_c9b994f593c92dd9efa9,qwen37_plus_direct,S1,authoritative,0.0,0.0,0.0,0.0,0.0,0.0,0.0,True,True,True,True,True
QWEN37_F1,qwen37f1_ec592705915514026f43,v2e2_c9b994f593c92dd9efa9,qwen37_plus_direct,C2,carrier_consistent,0.0,0.0,0.0,0.0,0.0,0.0,0.0,True,True,True,True,True
QWEN37_F1,qwen37f1_ec592705915514026f43,v2e2_c9b994f593c92dd9efa9,qwen37_plus_direct,C2,authoritative,0.0,0.0,0.0,0.0,0.0,0.0,0.0,True,True,True,True,True
QWEN37_F1,qwen37f1_ec592705915514026f43,v2e2_c9b994f593c92dd9efa9,qwen37_plus_direct,S2,carrier_consistent,0.0,0.0,0.0,0.0,0.0,0.0,0.0,True,True,True,True,True
QWEN37_F1,qwen37f1_ec592705915514026f43,v2e2_c9b994f593c92dd9efa9,qwen37_plus_direct,S2,authoritative,0.0,0.0,0.0,0.0,0.0,0.0,0.0,True,True,True,True,True
QWEN37_F1,qwen37f1_ee7f0861126b4b76602e,v2e2_d6ba00286f170447ebbf,qwen37_plus_direct,S1,carrier_consistent,0.0,0.0,0.0,0.0,0.0,0.0,0.0,True,True,True,True,True
QWEN37_F1,qwen37f1_ee7f0861126b4b76602e,v2e2_d6ba00286f170447ebbf,qwen37_plus_direct,S1,authoritative,0.0,0.0,0.0,0.0,0.0,0.0,0.0,True,True,True,True,True
QWEN37_F1,qwen37f1_ee7f0861126b4b76602e,v2e2_d6ba00286f170447ebbf,qwen37_plus_direct,C2,carrier_consistent,0.0,0.0,0.0,0.0,0.0,0.0,0.0,True,True,True,True,True
QWEN37_F1,qwen37f1_ee7f0861126b4b76602e,v2e2_d6ba00286f170447ebbf,qwen37_plus_direct,C2,authoritative,0.0,0.0,0.0,0.0,0.0,0.0,0.0,True,True,True,True,True
QWEN37_F1,qwen37f1_ee7f0861126b4b76602e,v2e2_d6ba00286f170447ebbf,qwen37_plus_direct,S2,carrier_consistent,0.0,0.0,0.0,0.0,0.0,0.0,0.0,True,True,True,True,True
QWEN37_F1,qwen37f1_ee7f0861126b4b76602e,v2e2_d6ba00286f170447ebbf,qwen37_plus_direct,S2,authoritative,0.0,0.0,0.0,0.0,0.0,0.0,0.0,True,True,True,True,True
QWEN37_F1,qwen37f1_ee7f0861126b4b76602e,v2e2_d6ba00286f170447ebbf,qwen37_plus_direct,C1,carrier_consistent,0.0,0.0,0.0,0.0,0.0,0.0,0.0,True,True,True,True,True
QWEN37_F1,qwen37f1_ee7f0861126b4b76602e,v2e2_d6ba00286f170447ebbf,qwen37_plus_direct,C1,authoritative,0.0,0.0,0.0,0.0,0.0,0.0,0.0,True,True,True,True,True
QWEN37_F1,qwen37f1_f6a01d8d47b6708952df,v2e2_599ab783e7af2d598059,qwen37_plus_direct,C2,carrier_consistent,0.0,0.0,0.0,0.0,0.0,0.0,0.0,True,True,True,True,True
QWEN37_F1,qwen37f1_f6a01d8d47b6708952df,v2e2_599ab783e7af2d598059,qwen37_plus_direct,C2,authoritative,0.0,0.0,0.0,0.0,0.0,0.0,0.0,True,True,True,True,True
QWEN37_F1,qwen37f1_f6a01d8d47b6708952df,v2e2_599ab783e7af2d598059,qwen37_plus_direct,S2,carrier_consistent,0.0,0.0,0.0,0.0,0.0,0.0,0.0,True,True,True,True,True
QWEN37_F1,qwen37f1_f6a01d8d47b6708952df,v2e2_599ab783e7af2d598059,qwen37_plus_direct,S2,authoritative,0.0,0.0,0.0,0.0,0.0,0.0,0.0,True,True,True,True,True
QWEN37_F1,qwen37f1_f6a01d8d47b6708952df,v2e2_599ab783e7af2d598059,qwen37_plus_direct,C1,carrier_consistent,0.0,0.0,0.0,0.0,0.0,0.0,0.0,True,True,True,True,True
QWEN37_F1,qwen37f1_f6a01d8d47b6708952df,v2e2_599ab783e7af2d598059,qwen37_plus_direct,C1,authoritative,0.0,0.0,0.0,0.0,0.0,0.0,0.0,True,True,True,True,True
QWEN37_F1,qwen37f1_f6a01d8d47b6708952df,v2e2_599ab783e7af2d598059,qwen37_plus_direct,S1,carrier_consistent,0.0,0.0,0.0,0.0,0.0,0.0,0.0,True,True,True,True,True
QWEN37_F1,qwen37f1_f6a01d8d47b6708952df,v2e2_599ab783e7af2d598059,qwen37_plus_direct,S1,authoritative,0.0,0.0,0.0,0.0,0.0,0.0,0.0,True,True,True,True,True
QWEN37_F1,qwen37f1_f89f6500a768ca00cca8,v2e2_12b72852882928644d40,qwen37_plus_direct,C2,carrier_consistent,0.0,0.0,0.0,0.0,0.0,0.0,0.0,True,True,True,True,True
QWEN37_F1,qwen37f1_f89f6500a768ca00cca8,v2e2_12b72852882928644d40,qwen37_plus_direct,C2,authoritative,0.0,0.0,0.0,0.0,0.0,0.0,0.0,True,True,True,True,True
QWEN37_F1,qwen37f1_f89f6500a768ca00cca8,v2e2_12b72852882928644d40,qwen37_plus_direct,S2,carrier_consistent,0.0,0.0,0.0,0.0,0.0,0.0,0.0,True,True,True,True,True
QWEN37_F1,qwen37f1_f89f6500a768ca00cca8,v2e2_12b72852882928644d40,qwen37_plus_direct,S2,authoritative,0.0,0.0,0.0,0.0,0.0,0.0,0.0,True,True,True,True,True
QWEN37_F1,qwen37f1_f89f6500a768ca00cca8,v2e2_12b72852882928644d40,qwen37_plus_direct,C1,carrier_consistent,0.0,0.0,0.0,0.0,0.0,0.0,0.0,True,True,True,True,True
QWEN37_F1,qwen37f1_f89f6500a768ca00cca8,v2e2_12b72852882928644d40,qwen37_plus_direct,C1,authoritative,0.0,0.0,0.0,0.0,0.0,0.0,0.0,True,True,True,True,True
QWEN37_F1,qwen37f1_f89f6500a768ca00cca8,v2e2_12b72852882928644d40,qwen37_plus_direct,S1,carrier_consistent,0.0,0.0,0.0,0.0,0.0,0.0,0.0,True,True,True,True,True
QWEN37_F1,qwen37f1_f89f6500a768ca00cca8,v2e2_12b72852882928644d40,qwen37_plus_direct,S1,authoritative,0.0,0.0,0.0,0.0,0.0,0.0,0.0,True,True,True,True,True
QWEN37_F1,qwen37f1_f9e9536ccb06550366dd,v2e2_a66e250328b3cef2064f,qwen37_plus_direct,S1,carrier_consistent,0.0,0.0,0.0,0.0,0.0,0.0,0.0,True,True,True,True,True
QWEN37_F1,qwen37f1_f9e9536ccb06550366dd,v2e2_a66e250328b3cef2064f,qwen37_plus_direct,S1,authoritative,0.0,0.0,0.0,0.0,0.0,0.0,0.0,True,True,True,True,True
QWEN37_F1,qwen37f1_f9e9536ccb06550366dd,v2e2_a66e250328b3cef2064f,qwen37_plus_direct,C2,carrier_consistent,0.0,0.0,0.0,0.0,0.0,0.0,0.0,True,True,True,True,True
QWEN37_F1,qwen37f1_f9e9536ccb06550366dd,v2e2_a66e250328b3cef2064f,qwen37_plus_direct,C2,authoritative,0.0,0.0,0.0,0.0,0.0,0.0,0.0,True,True,True,True,True
QWEN37_F1,qwen37f1_f9e9536ccb06550366dd,v2e2_a66e250328b3cef2064f,qwen37_plus_direct,S2,carrier_consistent,0.0,0.0,0.0,0.0,0.0,0.0,0.0,True,True,True,True,True
QWEN37_F1,qwen37f1_f9e9536ccb06550366dd,v2e2_a66e250328b3cef2064f,qwen37_plus_direct,S2,authoritative,0.0,0.0,0.0,0.0,0.0,0.0,0.0,True,True,True,True,True
QWEN37_F1,qwen37f1_f9e9536ccb06550366dd,v2e2_a66e250328b3cef2064f,qwen37_plus_direct,C1,carrier_consistent,0.0,0.0,0.0,0.0,0.0,0.0,0.0,True,True,True,True,True
QWEN37_F1,qwen37f1_f9e9536ccb06550366dd,v2e2_a66e250328b3cef2064f,qwen37_plus_direct,C1,authoritative,0.0,0.0,0.0,0.0,0.0,0.0,0.0,True,True,True,True,True
QWEN37_F1,qwen37f1_fcd31e299a3d8c530bc7,v2e2_ff7d4d179a2e6d483137,qwen37_plus_direct,S2,carrier_consistent,0.0,0.0,0.0,0.0,0.0,0.0,0.0,True,True,True,True,True
QWEN37_F1,qwen37f1_fcd31e299a3d8c530bc7,v2e2_ff7d4d179a2e6d483137,qwen37_plus_direct,S2,authoritative,0.0,0.0,0.0,0.0,0.0,0.0,0.0,True,True,True,True,True
QWEN37_F1,qwen37f1_fcd31e299a3d8c530bc7,v2e2_ff7d4d179a2e6d483137,qwen37_plus_direct,C1,carrier_consistent,0.0,0.0,0.0,0.0,0.0,0.0,0.0,True,True,True,True,True
QWEN37_F1,qwen37f1_fcd31e299a3d8c530bc7,v2e2_ff7d4d179a2e6d483137,qwen37_plus_direct,C1,authoritative,0.0,0.0,0.0,0.0,0.0,0.0,0.0,True,True,True,True,True
QWEN37_F1,qwen37f1_fcd31e299a3d8c530bc7,v2e2_ff7d4d179a2e6d483137,qwen37_plus_direct,S1,carrier_consistent,0.0,0.0,0.0,0.0,0.0,0.0,0.0,True,True,True,True,True
QWEN37_F1,qwen37f1_fcd31e299a3d8c530bc7,v2e2_ff7d4d179a2e6d483137,qwen37_plus_direct,S1,authoritative,0.0,0.0,0.0,0.0,0.0,0.0,0.0,True,True,True,True,True
QWEN37_F1,qwen37f1_fcd31e299a3d8c530bc7,v2e2_ff7d4d179a2e6d483137,qwen37_plus_direct,C2,carrier_consistent,0.0,0.0,0.0,0.0,0.0,0.0,0.0,True,True,True,True,True
QWEN37_F1,qwen37f1_fcd31e299a3d8c530bc7,v2e2_ff7d4d179a2e6d483137,qwen37_plus_direct,C2,authoritative,0.0,0.0,0.0,0.0,0.0,0.0,0.0,True,True,True,True,True
QWEN37_F0,qwen37f0_01edd5e0d8aea97f864a,v2e2_7778cc641046e1b0a2cd,qwen37_plus_direct,S2,carrier_consistent,0.0,0.0,0.0,0.0,0.0,0.0,0.0,True,True,True,True,True
QWEN37_F0,qwen37f0_01edd5e0d8aea97f864a,v2e2_7778cc641046e1b0a2cd,qwen37_plus_direct,S2,authoritative,0.0,0.0,0.0,0.0,0.0,0.0,0.0,True,True,True,True,True
QWEN37_F0,qwen37f0_01edd5e0d8aea97f864a,v2e2_7778cc641046e1b0a2cd,qwen37_plus_direct,C1,carrier_consistent,0.0,0.0,0.0,0.0,0.0,0.0,0.0,True,True,True,True,True
QWEN37_F0,qwen37f0_01edd5e0d8aea97f864a,v2e2_7778cc641046e1b0a2cd,qwen37_plus_direct,C1,authoritative,0.0,0.0,0.0,0.0,0.0,0.0,0.0,True,True,True,True,True
QWEN37_F0,qwen37f0_01edd5e0d8aea97f864a,v2e2_7778cc641046e1b0a2cd,qwen37_plus_direct,S1,carrier_consistent,0.0,0.0,0.0,0.0,0.0,0.0,0.0,True,True,True,True,True
QWEN37_F0,qwen37f0_01edd5e0d8aea97f864a,v2e2_7778cc641046e1b0a2cd,qwen37_plus_direct,S1,authoritative,0.0,0.0,0.0,0.0,0.0,0.0,0.0,True,True,True,True,True
QWEN37_F0,qwen37f0_01edd5e0d8aea97f864a,v2e2_7778cc641046e1b0a2cd,qwen37_plus_direct,C2,carrier_consistent,0.0,0.0,0.0,0.0,0.0,0.0,0.0,True,True,True,True,True
QWEN37_F0,qwen37f0_01edd5e0d8aea97f864a,v2e2_7778cc641046e1b0a2cd,qwen37_plus_direct,C2,authoritative,0.0,0.0,0.0,0.0,0.0,0.0,0.0,True,True,True,True,True
QWEN37_F0,qwen37f0_1ce6e32bc06aa7dc6f53,v2e2_01647af4ab413aad9430,qwen37_plus_direct,C1,carrier_consistent,0.0,0.0,0.0,0.0,0.0,0.0,0.0,True,True,True,True,True
QWEN37_F0,qwen37f0_1ce6e32bc06aa7dc6f53,v2e2_01647af4ab413aad9430,qwen37_plus_direct,C1,authoritative,0.0,0.0,0.0,0.0,0.0,0.0,0.0,True,True,True,True,True
QWEN37_F0,qwen37f0_1ce6e32bc06aa7dc6f53,v2e2_01647af4ab413aad9430,qwen37_plus_direct,S1,carrier_consistent,0.0,0.0,0.0,0.0,0.0,0.0,0.0,True,True,True,True,True
QWEN37_F0,qwen37f0_1ce6e32bc06aa7dc6f53,v2e2_01647af4ab413aad9430,qwen37_plus_direct,S1,authoritative,0.0,0.0,0.0,0.0,0.0,0.0,0.0,True,True,True,True,True
QWEN37_F0,qwen37f0_1ce6e32bc06aa7dc6f53,v2e2_01647af4ab413aad9430,qwen37_plus_direct,C2,carrier_consistent,0.0,0.0,0.0,0.0,0.0,0.0,0.0,True,True,True,True,True
QWEN37_F0,qwen37f0_1ce6e32bc06aa7dc6f53,v2e2_01647af4ab413aad9430,qwen37_plus_direct,C2,authoritative,0.0,0.0,0.0,0.0,0.0,0.0,0.0,True,True,True,True,True
QWEN37_F0,qwen37f0_1ce6e32bc06aa7dc6f53,v2e2_01647af4ab413aad9430,qwen37_plus_direct,S2,carrier_consistent,0.0,0.0,0.0,0.0,0.0,0.0,0.0,True,True,True,True,True
QWEN37_F0,qwen37f0_1ce6e32bc06aa7dc6f53,v2e2_01647af4ab413aad9430,qwen37_plus_direct,S2,authoritative,0.0,0.0,0.0,0.0,0.0,0.0,0.0,True,True,True,True,True
QWEN37_F0,qwen37f0_2af3869e046374defe64,v2e2_28d9724eea09520d5cd7,qwen37_plus_direct,S1,carrier_consistent,0.0,0.0,0.0,0.0,0.0,0.0,0.0,True,True,True,True,True
QWEN37_F0,qwen37f0_2af3869e046374defe64,v2e2_28d9724eea09520d5cd7,qwen37_plus_direct,S1,authoritative,0.0,0.0,0.0,0.0,0.0,0.0,0.0,True,True,True,True,True
QWEN37_F0,qwen37f0_2af3869e046374defe64,v2e2_28d9724eea09520d5cd7,qwen37_plus_direct,C2,carrier_consistent,0.0,0.0,0.0,0.0,0.0,0.0,0.0,True,True,True,True,True
QWEN37_F0,qwen37f0_2af3869e046374defe64,v2e2_28d9724eea09520d5cd7,qwen37_plus_direct,C2,authoritative,0.0,0.0,0.0,0.0,0.0,0.0,0.0,True,True,True,True,True
QWEN37_F0,qwen37f0_2af3869e046374defe64,v2e2_28d9724eea09520d5cd7,qwen37_plus_direct,S2,carrier_consistent,0.0,0.0,0.0,0.0,0.0,0.0,0.0,True,True,True,True,True
QWEN37_F0,qwen37f0_2af3869e046374defe64,v2e2_28d9724eea09520d5cd7,qwen37_plus_direct,S2,authoritative,0.0,0.0,0.0,0.0,0.0,0.0,0.0,True,True,True,True,True
QWEN37_F0,qwen37f0_2af3869e046374defe64,v2e2_28d9724eea09520d5cd7,qwen37_plus_direct,C1,carrier_consistent,0.0,0.0,0.0,0.0,0.0,0.0,0.0,True,True,True,True,True
QWEN37_F0,qwen37f0_2af3869e046374defe64,v2e2_28d9724eea09520d5cd7,qwen37_plus_direct,C1,authoritative,0.0,0.0,0.0,0.0,0.0,0.0,0.0,True,True,True,True,True
QWEN37_F0,qwen37f0_3dc0af9594d02e1dc109,v2e2_12b72852882928644d40,qwen37_plus_direct,C2,carrier_consistent,0.0,0.0,0.0,0.0,0.0,0.0,0.0,True,True,True,True,True
QWEN37_F0,qwen37f0_3dc0af9594d02e1dc109,v2e2_12b72852882928644d40,qwen37_plus_direct,C2,authoritative,0.0,0.0,0.0,0.0,0.0,0.0,0.0,True,True,True,True,True
QWEN37_F0,qwen37f0_3dc0af9594d02e1dc109,v2e2_12b72852882928644d40,qwen37_plus_direct,S2,carrier_consistent,0.0,0.0,0.0,0.0,0.0,0.0,0.0,True,True,True,True,True
QWEN37_F0,qwen37f0_3dc0af9594d02e1dc109,v2e2_12b72852882928644d40,qwen37_plus_direct,S2,authoritative,0.0,0.0,0.0,0.0,0.0,0.0,0.0,True,True,True,True,True
QWEN37_F0,qwen37f0_3dc0af9594d02e1dc109,v2e2_12b72852882928644d40,qwen37_plus_direct,C1,carrier_consistent,0.0,0.0,0.0,0.0,0.0,0.0,0.0,True,True,True,True,True
QWEN37_F0,qwen37f0_3dc0af9594d02e1dc109,v2e2_12b72852882928644d40,qwen37_plus_direct,C1,authoritative,0.0,0.0,0.0,0.0,0.0,0.0,0.0,True,True,True,True,True
QWEN37_F0,qwen37f0_3dc0af9594d02e1dc109,v2e2_12b72852882928644d40,qwen37_plus_direct,S1,carrier_consistent,0.0,0.0,0.0,0.0,0.0,0.0,0.0,True,True,True,True,True
QWEN37_F0,qwen37f0_3dc0af9594d02e1dc109,v2e2_12b72852882928644d40,qwen37_plus_direct,S1,authoritative,0.0,0.0,0.0,0.0,0.0,0.0,0.0,True,True,True,True,True
QWEN37_F0,qwen37f0_435de2ad5ee8eee720d3,v2e2_1fd8536d13787e44dc17,qwen37_plus_direct,C2,carrier_consistent,0.0,0.0,0.0,0.0,0.0,0.0,0.0,True,True,True,True,True
QWEN37_F0,qwen37f0_435de2ad5ee8eee720d3,v2e2_1fd8536d13787e44dc17,qwen37_plus_direct,C2,authoritative,0.0,0.0,0.0,0.0,0.0,0.0,0.0,True,True,True,True,True
QWEN37_F0,qwen37f0_435de2ad5ee8eee720d3,v2e2_1fd8536d13787e44dc17,qwen37_plus_direct,S2,carrier_consistent,0.0,0.0,0.0,0.0,0.0,0.0,0.0,True,True,True,True,True
QWEN37_F0,qwen37f0_435de2ad5ee8eee720d3,v2e2_1fd8536d13787e44dc17,qwen37_plus_direct,S2,authoritative,0.0,0.0,0.0,0.0,0.0,0.0,0.0,True,True,True,True,True
QWEN37_F0,qwen37f0_435de2ad5ee8eee720d3,v2e2_1fd8536d13787e44dc17,qwen37_plus_direct,C1,carrier_consistent,0.0,0.0,0.0,0.0,0.0,0.0,0.0,True,True,True,True,True
QWEN37_F0,qwen37f0_435de2ad5ee8eee720d3,v2e2_1fd8536d13787e44dc17,qwen37_plus_direct,C1,authoritative,0.0,0.0,0.0,0.0,0.0,0.0,0.0,True,True,True,True,True
QWEN37_F0,qwen37f0_435de2ad5ee8eee720d3,v2e2_1fd8536d13787e44dc17,qwen37_plus_direct,S1,carrier_consistent,0.0,0.0,0.0,0.0,0.0,0.0,0.0,True,True,True,True,True
QWEN37_F0,qwen37f0_435de2ad5ee8eee720d3,v2e2_1fd8536d13787e44dc17,qwen37_plus_direct,S1,authoritative,0.0,0.0,0.0,0.0,0.0,0.0,0.0,True,True,True,True,True
QWEN37_F0,qwen37f0_67ef0b505bfbf7ac9d4b,v2e2_b7e962716394d888d563,qwen37_plus_direct,C2,carrier_consistent,0.0,0.0,0.0,0.0,0.0,0.0,0.0,True,True,True,True,True
QWEN37_F0,qwen37f0_67ef0b505bfbf7ac9d4b,v2e2_b7e962716394d888d563,qwen37_plus_direct,C2,authoritative,0.0,0.0,0.0,0.0,0.0,0.0,0.0,True,True,True,True,True
QWEN37_F0,qwen37f0_67ef0b505bfbf7ac9d4b,v2e2_b7e962716394d888d563,qwen37_plus_direct,S2,carrier_consistent,0.0,0.0,0.0,0.0,0.0,0.0,0.0,True,True,True,True,True
QWEN37_F0,qwen37f0_67ef0b505bfbf7ac9d4b,v2e2_b7e962716394d888d563,qwen37_plus_direct,S2,authoritative,0.0,0.0,0.0,0.0,0.0,0.0,0.0,True,True,True,True,True
QWEN37_F0,qwen37f0_67ef0b505bfbf7ac9d4b,v2e2_b7e962716394d888d563,qwen37_plus_direct,C1,carrier_consistent,0.0,0.0,0.0,0.0,0.0,0.0,0.0,True,True,True,True,True
QWEN37_F0,qwen37f0_67ef0b505bfbf7ac9d4b,v2e2_b7e962716394d888d563,qwen37_plus_direct,C1,authoritative,0.0,0.0,0.0,0.0,0.0,0.0,0.0,True,True,True,True,True
QWEN37_F0,qwen37f0_67ef0b505bfbf7ac9d4b,v2e2_b7e962716394d888d563,qwen37_plus_direct,S1,carrier_consistent,0.0,0.0,0.0,0.0,0.0,0.0,0.0,True,True,True,True,True
QWEN37_F0,qwen37f0_67ef0b505bfbf7ac9d4b,v2e2_b7e962716394d888d563,qwen37_plus_direct,S1,authoritative,0.0,0.0,0.0,0.0,0.0,0.0,0.0,True,True,True,True,True
QWEN37_F0,qwen37f0_6937c71adb8cfb278b77,v2e2_7f938d120000eec26457,qwen37_plus_direct,C2,carrier_consistent,0.0,0.0,0.0,0.0,0.0,0.0,0.0,True,True,True,True,True
QWEN37_F0,qwen37f0_6937c71adb8cfb278b77,v2e2_7f938d120000eec26457,qwen37_plus_direct,C2,authoritative,0.0,0.0,0.0,0.0,0.0,0.0,0.0,True,True,True,True,True
QWEN37_F0,qwen37f0_6937c71adb8cfb278b77,v2e2_7f938d120000eec26457,qwen37_plus_direct,S2,carrier_consistent,0.0,0.0,0.0,0.0,0.0,0.0,0.0,True,True,True,True,True
QWEN37_F0,qwen37f0_6937c71adb8cfb278b77,v2e2_7f938d120000eec26457,qwen37_plus_direct,S2,authoritative,0.0,0.0,0.0,0.0,0.0,0.0,0.0,True,True,True,True,True
QWEN37_F0,qwen37f0_6937c71adb8cfb278b77,v2e2_7f938d120000eec26457,qwen37_plus_direct,C1,carrier_consistent,0.0,0.0,0.0,0.0,0.0,0.0,0.0,True,True,True,True,True
QWEN37_F0,qwen37f0_6937c71adb8cfb278b77,v2e2_7f938d120000eec26457,qwen37_plus_direct,C1,authoritative,0.0,0.0,0.0,0.0,0.0,0.0,0.0,True,True,True,True,True
QWEN37_F0,qwen37f0_6937c71adb8cfb278b77,v2e2_7f938d120000eec26457,qwen37_plus_direct,S1,carrier_consistent,0.0,0.0,0.0,0.0,0.0,0.0,0.0,True,True,True,True,True
QWEN37_F0,qwen37f0_6937c71adb8cfb278b77,v2e2_7f938d120000eec26457,qwen37_plus_direct,S1,authoritative,0.0,0.0,0.0,0.0,0.0,0.0,0.0,True,True,True,True,True
QWEN37_F0,qwen37f0_6a190c0d081e6b1e37f7,v2e2_20534de655a33fde87ca,qwen37_plus_direct,S2,carrier_consistent,0.0,0.0,0.0,0.0,0.0,0.0,0.0,True,True,True,True,True
QWEN37_F0,qwen37f0_6a190c0d081e6b1e37f7,v2e2_20534de655a33fde87ca,qwen37_plus_direct,S2,authoritative,0.0,0.0,0.0,0.0,0.0,0.0,0.0,True,True,True,True,True
QWEN37_F0,qwen37f0_6a190c0d081e6b1e37f7,v2e2_20534de655a33fde87ca,qwen37_plus_direct,C1,carrier_consistent,0.0,0.0,0.0,0.0,0.0,0.0,0.0,True,True,True,True,True
QWEN37_F0,qwen37f0_6a190c0d081e6b1e37f7,v2e2_20534de655a33fde87ca,qwen37_plus_direct,C1,authoritative,0.0,0.0,0.0,0.0,0.0,0.0,0.0,True,True,True,True,True
QWEN37_F0,qwen37f0_6a190c0d081e6b1e37f7,v2e2_20534de655a33fde87ca,qwen37_plus_direct,S1,carrier_consistent,0.0,0.0,0.0,0.0,0.0,0.0,0.0,True,True,True,True,True
QWEN37_F0,qwen37f0_6a190c0d081e6b1e37f7,v2e2_20534de655a33fde87ca,qwen37_plus_direct,S1,authoritative,0.0,0.0,0.0,0.0,0.0,0.0,0.0,True,True,True,True,True
QWEN37_F0,qwen37f0_6a190c0d081e6b1e37f7,v2e2_20534de655a33fde87ca,qwen37_plus_direct,C2,carrier_consistent,0.0,0.0,0.0,0.0,0.0,0.0,0.0,True,True,True,True,True
QWEN37_F0,qwen37f0_6a190c0d081e6b1e37f7,v2e2_20534de655a33fde87ca,qwen37_plus_direct,C2,authoritative,0.0,0.0,0.0,0.0,0.0,0.0,0.0,True,True,True,True,True
QWEN37_F0,qwen37f0_790d8a3bd0010dd2deb7,v2e2_16c288d882ac6a326385,qwen37_plus_direct,C1,carrier_consistent,0.0,0.0,0.0,0.0,0.0,0.0,0.0,True,True,True,True,True
QWEN37_F0,qwen37f0_790d8a3bd0010dd2deb7,v2e2_16c288d882ac6a326385,qwen37_plus_direct,C1,authoritative,0.0,0.0,0.0,0.0,0.0,0.0,0.0,True,True,True,True,True
QWEN37_F0,qwen37f0_790d8a3bd0010dd2deb7,v2e2_16c288d882ac6a326385,qwen37_plus_direct,S1,carrier_consistent,0.0,0.0,0.0,0.0,0.0,0.0,0.0,True,True,True,True,True
QWEN37_F0,qwen37f0_790d8a3bd0010dd2deb7,v2e2_16c288d882ac6a326385,qwen37_plus_direct,S1,authoritative,0.0,0.0,0.0,0.0,0.0,0.0,0.0,True,True,True,True,True
QWEN37_F0,qwen37f0_790d8a3bd0010dd2deb7,v2e2_16c288d882ac6a326385,qwen37_plus_direct,C2,carrier_consistent,0.0,0.0,0.0,0.0,0.0,0.0,0.0,True,True,True,True,True
QWEN37_F0,qwen37f0_790d8a3bd0010dd2deb7,v2e2_16c288d882ac6a326385,qwen37_plus_direct,C2,authoritative,0.0,0.0,0.0,0.0,0.0,0.0,0.0,True,True,True,True,True
QWEN37_F0,qwen37f0_790d8a3bd0010dd2deb7,v2e2_16c288d882ac6a326385,qwen37_plus_direct,S2,carrier_consistent,0.0,0.0,0.0,0.0,0.0,0.0,0.0,True,True,True,True,True
QWEN37_F0,qwen37f0_790d8a3bd0010dd2deb7,v2e2_16c288d882ac6a326385,qwen37_plus_direct,S2,authoritative,0.0,0.0,0.0,0.0,0.0,0.0,0.0,True,True,True,True,True
QWEN37_F0,qwen37f0_81b93e378ed685d77d0c,v2e2_599ab783e7af2d598059,qwen37_plus_direct,C2,carrier_consistent,0.0,0.0,0.0,0.0,0.0,0.0,0.0,True,True,True,True,True
QWEN37_F0,qwen37f0_81b93e378ed685d77d0c,v2e2_599ab783e7af2d598059,qwen37_plus_direct,C2,authoritative,0.0,0.0,0.0,0.0,0.0,0.0,0.0,True,True,True,True,True
QWEN37_F0,qwen37f0_81b93e378ed685d77d0c,v2e2_599ab783e7af2d598059,qwen37_plus_direct,S2,carrier_consistent,0.0,0.0,0.0,0.0,0.0,0.0,0.0,True,True,True,True,True
QWEN37_F0,qwen37f0_81b93e378ed685d77d0c,v2e2_599ab783e7af2d598059,qwen37_plus_direct,S2,authoritative,0.0,0.0,0.0,0.0,0.0,0.0,0.0,True,True,True,True,True
QWEN37_F0,qwen37f0_81b93e378ed685d77d0c,v2e2_599ab783e7af2d598059,qwen37_plus_direct,C1,carrier_consistent,0.0,0.0,0.0,0.0,0.0,0.0,0.0,True,True,True,True,True
QWEN37_F0,qwen37f0_81b93e378ed685d77d0c,v2e2_599ab783e7af2d598059,qwen37_plus_direct,C1,authoritative,0.0,0.0,0.0,0.0,0.0,0.0,0.0,True,True,True,True,True
QWEN37_F0,qwen37f0_81b93e378ed685d77d0c,v2e2_599ab783e7af2d598059,qwen37_plus_direct,S1,carrier_consistent,0.0,0.0,0.0,0.0,0.0,0.0,0.0,True,True,True,True,True
QWEN37_F0,qwen37f0_81b93e378ed685d77d0c,v2e2_599ab783e7af2d598059,qwen37_plus_direct,S1,authoritative,0.0,0.0,0.0,0.0,0.0,0.0,0.0,True,True,True,True,True
QWEN37_F0,qwen37f0_af0e8b5712f44d5eec65,v2e2_16b5f26ad506f7afac02,qwen37_plus_direct,S2,carrier_consistent,0.0,0.0,0.0,0.0,0.0,0.0,0.0,True,True,True,True,True
QWEN37_F0,qwen37f0_af0e8b5712f44d5eec65,v2e2_16b5f26ad506f7afac02,qwen37_plus_direct,S2,authoritative,0.0,0.0,0.0,0.0,0.0,0.0,0.0,True,True,True,True,True
QWEN37_F0,qwen37f0_af0e8b5712f44d5eec65,v2e2_16b5f26ad506f7afac02,qwen37_plus_direct,C1,carrier_consistent,0.0,0.0,0.0,0.0,0.0,0.0,0.0,True,True,True,True,True
QWEN37_F0,qwen37f0_af0e8b5712f44d5eec65,v2e2_16b5f26ad506f7afac02,qwen37_plus_direct,C1,authoritative,0.0,0.0,0.0,0.0,0.0,0.0,0.0,True,True,True,True,True
QWEN37_F0,qwen37f0_af0e8b5712f44d5eec65,v2e2_16b5f26ad506f7afac02,qwen37_plus_direct,S1,carrier_consistent,0.0,0.0,0.0,0.0,0.0,0.0,0.0,True,True,True,True,True
QWEN37_F0,qwen37f0_af0e8b5712f44d5eec65,v2e2_16b5f26ad506f7afac02,qwen37_plus_direct,S1,authoritative,0.0,0.0,0.0,0.0,0.0,0.0,0.0,True,True,True,True,True
QWEN37_F0,qwen37f0_af0e8b5712f44d5eec65,v2e2_16b5f26ad506f7afac02,qwen37_plus_direct,C2,carrier_consistent,0.0,0.0,0.0,0.0,0.0,0.0,0.0,True,True,True,True,True
QWEN37_F0,qwen37f0_af0e8b5712f44d5eec65,v2e2_16b5f26ad506f7afac02,qwen37_plus_direct,C2,authoritative,0.0,0.0,0.0,0.0,0.0,0.0,0.0,True,True,True,True,True
QWEN37_F0,qwen37f0_d3d6a8152a742a59fa9f,v2e2_7b2e0628b0d7b7a4badd,qwen37_plus_direct,C1,carrier_consistent,0.0,0.0,0.0,0.0,0.0,0.0,0.0,True,True,True,True,True
QWEN37_F0,qwen37f0_d3d6a8152a742a59fa9f,v2e2_7b2e0628b0d7b7a4badd,qwen37_plus_direct,C1,authoritative,0.0,0.0,0.0,0.0,0.0,0.0,0.0,True,True,True,True,True
QWEN37_F0,qwen37f0_d3d6a8152a742a59fa9f,v2e2_7b2e0628b0d7b7a4badd,qwen37_plus_direct,S1,carrier_consistent,0.0,0.0,0.0,0.0,0.0,0.0,0.0,True,True,True,True,True
QWEN37_F0,qwen37f0_d3d6a8152a742a59fa9f,v2e2_7b2e0628b0d7b7a4badd,qwen37_plus_direct,S1,authoritative,0.0,0.0,0.0,0.0,0.0,0.0,0.0,True,True,True,True,True
QWEN37_F0,qwen37f0_d3d6a8152a742a59fa9f,v2e2_7b2e0628b0d7b7a4badd,qwen37_plus_direct,C2,carrier_consistent,0.0,0.0,0.0,0.0,0.0,0.0,0.0,True,True,True,True,True
QWEN37_F0,qwen37f0_d3d6a8152a742a59fa9f,v2e2_7b2e0628b0d7b7a4badd,qwen37_plus_direct,C2,authoritative,0.0,0.0,0.0,0.0,0.0,0.0,0.0,True,True,True,True,True
QWEN37_F0,qwen37f0_d3d6a8152a742a59fa9f,v2e2_7b2e0628b0d7b7a4badd,qwen37_plus_direct,S2,carrier_consistent,0.0,0.0,0.0,0.0,0.0,0.0,0.0,True,True,True,True,True
QWEN37_F0,qwen37f0_d3d6a8152a742a59fa9f,v2e2_7b2e0628b0d7b7a4badd,qwen37_plus_direct,S2,authoritative,0.0,0.0,0.0,0.0,0.0,0.0,0.0,True,True,True,True,True
QWEN37_F0,qwen37f0_f13a18fccb1fbe2cf34b,v2e2_c9b994f593c92dd9efa9,qwen37_plus_direct,C1,carrier_consistent,0.0,0.0,0.0,0.0,0.0,0.0,0.0,True,True,True,True,True
QWEN37_F0,qwen37f0_f13a18fccb1fbe2cf34b,v2e2_c9b994f593c92dd9efa9,qwen37_plus_direct,C1,authoritative,0.0,0.0,0.0,0.0,0.0,0.0,0.0,True,True,True,True,True
QWEN37_F0,qwen37f0_f13a18fccb1fbe2cf34b,v2e2_c9b994f593c92dd9efa9,qwen37_plus_direct,S1,carrier_consistent,0.0,0.0,0.0,0.0,0.0,0.0,0.0,True,True,True,True,True
QWEN37_F0,qwen37f0_f13a18fccb1fbe2cf34b,v2e2_c9b994f593c92dd9efa9,qwen37_plus_direct,S1,authoritative,0.0,0.0,0.0,0.0,0.0,0.0,0.0,True,True,True,True,True
QWEN37_F0,qwen37f0_f13a18fccb1fbe2cf34b,v2e2_c9b994f593c92dd9efa9,qwen37_plus_direct,C2,carrier_consistent,0.0,0.0,0.0,0.0,0.0,0.0,0.0,True,True,True,True,True
QWEN37_F0,qwen37f0_f13a18fccb1fbe2cf34b,v2e2_c9b994f593c92dd9efa9,qwen37_plus_direct,C2,authoritative,0.0,0.0,0.0,0.0,0.0,0.0,0.0,True,True,True,True,True
QWEN37_F0,qwen37f0_f13a18fccb1fbe2cf34b,v2e2_c9b994f593c92dd9efa9,qwen37_plus_direct,S2,carrier_consistent,0.0,0.0,0.0,0.0,0.0,0.0,0.0,True,True,True,True,True
QWEN37_F0,qwen37f0_f13a18fccb1fbe2cf34b,v2e2_c9b994f593c92dd9efa9,qwen37_plus_direct,S2,authoritative,0.0,0.0,0.0,0.0,0.0,0.0,0.0,True,True,True,True,True
QWEN37_F0,qwen37f0_fd885bbff4141c9825da,v2e2_07ecea8c63a586f9fa3b,qwen37_plus_direct,S1,carrier_consistent,0.0,0.0,0.0,0.0,0.0,0.0,0.0,True,True,True,True,True
QWEN37_F0,qwen37f0_fd885bbff4141c9825da,v2e2_07ecea8c63a586f9fa3b,qwen37_plus_direct,S1,authoritative,0.0,0.0,0.0,0.0,0.0,0.0,0.0,True,True,True,True,True
QWEN37_F0,qwen37f0_fd885bbff4141c9825da,v2e2_07ecea8c63a586f9fa3b,qwen37_plus_direct,C2,carrier_consistent,0.0,0.0,0.0,0.0,0.0,0.0,0.0,True,True,True,True,True
QWEN37_F0,qwen37f0_fd885bbff4141c9825da,v2e2_07ecea8c63a586f9fa3b,qwen37_plus_direct,C2,authoritative,0.0,0.0,0.0,0.0,0.0,0.0,0.0,True,True,True,True,True
QWEN37_F0,qwen37f0_fd885bbff4141c9825da,v2e2_07ecea8c63a586f9fa3b,qwen37_plus_direct,S2,carrier_consistent,0.0,0.0,0.0,0.0,0.0,0.0,0.0,True,True,True,True,True
QWEN37_F0,qwen37f0_fd885bbff4141c9825da,v2e2_07ecea8c63a586f9fa3b,qwen37_plus_direct,S2,authoritative,0.0,0.0,0.0,0.0,0.0,0.0,0.0,True,True,True,True,True
QWEN37_F0,qwen37f0_fd885bbff4141c9825da,v2e2_07ecea8c63a586f9fa3b,qwen37_plus_direct,C1,carrier_consistent,0.0,0.0,0.0,0.0,0.0,0.0,0.0,True,True,True,True,True
QWEN37_F0,qwen37f0_fd885bbff4141c9825da,v2e2_07ecea8c63a586f9fa3b,qwen37_plus_direct,C1,authoritative,0.0,0.0,0.0,0.0,0.0,0.0,0.0,True,True,True,True,True
QWEN37_F0,qwen37f0_fdb70a084a3a1a08d9eb,v2e2_47a354a03084871e0ca3,qwen37_plus_direct,S1,carrier_consistent,0.0,0.0,0.0,0.0,0.0,0.0,0.0,True,True,True,True,True
QWEN37_F0,qwen37f0_fdb70a084a3a1a08d9eb,v2e2_47a354a03084871e0ca3,qwen37_plus_direct,S1,authoritative,0.0,0.0,0.0,0.0,0.0,0.0,0.0,True,True,True,True,True
QWEN37_F0,qwen37f0_fdb70a084a3a1a08d9eb,v2e2_47a354a03084871e0ca3,qwen37_plus_direct,C2,carrier_consistent,0.0,0.0,0.0,0.0,0.0,0.0,0.0,True,True,True,True,True
QWEN37_F0,qwen37f0_fdb70a084a3a1a08d9eb,v2e2_47a354a03084871e0ca3,qwen37_plus_direct,C2,authoritative,0.0,0.0,0.0,0.0,0.0,0.0,0.0,True,True,True,True,True
QWEN37_F0,qwen37f0_fdb70a084a3a1a08d9eb,v2e2_47a354a03084871e0ca3,qwen37_plus_direct,S2,carrier_consistent,0.0,0.0,0.0,0.0,0.0,0.0,0.0,True,True,True,True,True
QWEN37_F0,qwen37f0_fdb70a084a3a1a08d9eb,v2e2_47a354a03084871e0ca3,qwen37_plus_direct,S2,authoritative,0.0,0.0,0.0,0.0,0.0,0.0,0.0,True,True,True,True,True
QWEN37_F0,qwen37f0_fdb70a084a3a1a08d9eb,v2e2_47a354a03084871e0ca3,qwen37_plus_direct,C1,carrier_consistent,0.0,0.0,0.0,0.0,0.0,0.0,0.0,True,True,True,True,True
QWEN37_F0,qwen37f0_fdb70a084a3a1a08d9eb,v2e2_47a354a03084871e0ca3,qwen37_plus_direct,C1,authoritative,0.0,0.0,0.0,0.0,0.0,0.0,0.0,True,True,True,True,True
