tier,block_id,scenario_id,model_condition,run_order,branch_order,event_family,difficulty,season,location_id,activation_step,horizon_intervals,horizon_hours,canonical_soc_kwh,stale_soc_kwh,soc_gap_signed_kwh,soc_gap_abs_kwh,soc_gap_direction,divergence_kwh,B_kwh,Wc_kwh,Ws_kwh,ED_kwh,B_avg_kw,Wc_avg_kw,Ws_avg_kw,ED_avg_kw,B_fraction_pairwise_max,ED_fraction_theoretical_max,B_per_soc_gap,ED_per_soc_gap,B_per_battery_capacity,ED_per_battery_capacity,terminal_alignment_kwh,mpc_alignment_kwh,soc_direction_net_energy_kwh,canonical_minus_stale_net_energy_kwh,block_span_seconds,C_duplicate_start_gap_seconds,S_duplicate_start_gap_seconds,mean_latency_seconds,alignment_power_violation_peak_kw,alignment_power_violation_energy_kwh,alignment_soc_lower_violation_peak_kwh,alignment_soc_lower_violation_sum_kwh_steps,alignment_soc_upper_violation_peak_kwh,alignment_soc_upper_violation_sum_kwh_steps,alignment_export_violation_peak_kw,alignment_export_violation_energy_kwh,alignment_terminal_absolute_error_kwh,alignment_violation_interval_count,alignment_total_violation_energy
QWEN37_F1,qwen37f1_011f732c105348b17496,v2e2_4029a98e7ae402335d31,qwen37_plus_direct,61,C1-S1-C2-S2,export_limit_update,medium,spring,fresno,4,92,23.0,175.0,250.0,-75.0,75.0,canonical_lower,75.0,0.09544999999998183,0.0,0.006900000000065631,0.18399999999989802,0.00414999999999921,0.0,0.00030000000000285354,0.007999999999995566,8.29999999999842e-06,7.999999999995566e-06,0.0012726666666664243,0.002453333333331974,0.00019089999999996366,0.00036799999999979606,0.09067750000178876,0.08507499999973334,-0.09544999999998183,-0.09544999999998183,7.034865140914917,4.128295183181763,2.898313045501709,1.738845,0.0,0.0,0.0,0.0,0.09067750000178876,0.7806150000158709,0.0,0.0,0.09067750000178876,0.0,0.7806150000158709
QWEN37_F1,qwen37f1_043c12b7330e60ca555b,v2e2_28d9724eea09520d5cd7,qwen37_plus_direct,20,S1-C2-S2-C1,reserve_commitment_update,medium,spring,los_angeles,6,90,22.5,175.0,250.0,-75.0,75.0,canonical_lower,75.0,3412.484999999999,0.022500000000107434,3.937499999999936,6821.009999999998,151.66599999999997,0.0010000000000047748,0.17499999999999716,303.15599999999995,0.30333199999999994,0.3031559999999999,45.499799999999986,90.94679999999998,6.824969999999999,13.642019999999997,-3241.8607499999953,-2881.6540000000005,3412.4849999999988,3412.4849999999988,10.43291687965393,2.472184896469116,2.2164599895477295,2.5860245,0.0,0.0,0.0,0.0,-3241.8607499999953,-135554.3662062499,0.0,0.0,-3241.8607499999953,-73.5,-135554.36620624992
QWEN37_F1,qwen37f1_0f366cce0fb761f14bc8,v2e2_8e9a9550f230c7b3cff3,qwen37_plus_direct,36,S2-C1-S1-C2,forecast_revision,medium,summer,los_angeles,4,92,23.0,175.0,250.0,-75.0,75.0,canonical_lower,75.0,0.0,0.0,0.0,0.0,0.0,0.0,0.0,0.0,0.0,0.0,0.0,0.0,0.0,0.0,0.0,0.0,0.0,0.0,7.059000015258789,2.896399974822998,4.617592096328735,1.744654,0.0,0.0,0.0,0.0,0.0,0.0,0.0,0.0,0.0,0.0,0.0
QWEN37_F1,qwen37f1_143d4851945fe71e55d7,v2e2_729fd4e9cb1879f64d23,qwen37_plus_direct,37,C2-S2-C1-S1,forecast_revision,hard,winter,los_angeles,14,82,20.5,200.0,250.0,-50.0,50.0,canonical_lower,50.0,54.99996250000001,0.11992500000001183,109.88,1.4210854715202004e-14,2.6829250000000004,0.005850000000000577,5.359999999999999,6.932124251318051e-16,0.005365850000000001,6.932124251318051e-19,1.0999992500000002,2.842170943040401e-16,0.10999992500000001,2.842170943040401e-17,-52.249964374999934,-48.29264999999998,54.999962500000024,54.999962500000024,7.111253976821899,4.213819980621338,2.8964498043060303,1.7523585,0.0,0.0,0.0,0.0,0.0,0.0,0.0,0.0,-52.249964374999934,0.0,0.0
QWEN37_F1,qwen37f1_15b9580deeef7a90c854,v2e2_c577765fa5c45c1fea7a,qwen37_plus_direct,74,S2-C1-S1-C2,battery_capacity_derating,medium,autumn,san_diego,8,88,22.0,200.0,250.0,-50.0,50.0,canonical_lower,50.0,1648.2894999999999,2822.5009999999993,0.8800000000000008,473.19800000000043,74.92224999999999,128.29549999999998,0.040000000000000036,21.509000000000018,0.1498445,0.02150900000000002,32.96579,9.463960000000009,3.296579,0.9463960000000009,-1459.2490250000003,-1483.450980263158,1648.2894999999994,1648.2894999999994,5.346473932266235,2.5939831733703613,3.0445971488952637,1.31526325,0.0,0.0,0.0,0.0,-1437.5620250000002,-58432.07364375,0.0,0.0,-1459.2490250000003,-56.0,-58432.07364375
QWEN37_F1,qwen37f1_1763a30013826fd5f5e2,v2e2_aa86ae40329fa58392a5,qwen37_plus_direct,1,S2-C1-S1-C2,battery_capacity_derating,medium,spring,sacramento,13,83,20.75,350.0,250.0,100.0,100.0,canonical_higher,100.0,169.21625,227.00500000000002,5.1875,106.23999999999998,8.155,10.940000000000001,0.25,5.119999999999999,0.01631,0.005119999999999999,1.6921625,1.0623999999999998,0.3384325,0.21247999999999997,-81.37343749999906,-107.76625000000001,169.21625,-169.21625,7.972901105880737,2.578747034072876,4.95473313331604,1.9717444999999998,0.0,0.0,0.0,0.0,0.0,0.0,0.0,0.0,-81.37343749999906,0.0,0.0
QWEN37_F1,qwen37f1_1b7a51c9d887d40ffd14,v2e2_68ad1227a66cd68252f6,qwen37_plus_direct,19,S1-C2-S2-C1,power_limit_derating,easy,winter,fresno,4,92,23.0,175.0,250.0,-75.0,75.0,canonical_lower,75.0,361.56000000000006,0.0,0.0,723.1200000000001,15.720000000000002,0.0,0.0,31.440000000000005,0.03144,0.03144,4.820800000000001,9.641600000000002,0.7231200000000001,1.4462400000000002,-114.71300000000087,-337.9799999999998,361.56000000000006,361.56000000000006,10.896093130111694,2.7536089420318604,8.253715991973877,2.7010705,0.0,0.0,0.0,0.0,-54.097500000001105,-382.3881250000138,0.0,0.0,-114.71300000000087,-14.0,-382.3881250000138
QWEN37_F1,qwen37f1_1f77745ae5b9317d718c,v2e2_a49aba98f0f44c8c6622,qwen37_plus_direct,7,S2-C1-S1-C2,reserve_commitment_update,hard,autumn,los_angeles,15,81,20.25,300.0,250.0,50.0,50.0,canonical_higher,50.0,268.44007500000004,0.0,437.49315,99.38700000000006,13.256300000000001,0.0,21.6046,4.908000000000003,0.026512600000000004,0.004908000000000003,5.368801500000001,1.9877400000000012,0.5368801500000001,0.19877400000000012,253.11182124999974,202.15857499999947,268.440075,-268.440075,5.169262170791626,2.4608571529388428,2.4293010234832764,1.2549425,0.0,0.0,0.0,0.0,143.43709624999917,3494.893649999972,0.0,0.0,253.11182124999974,24.0,3494.8936499999727
QWEN37_F1,qwen37f1_1fc5085e99faac2363ac,v2e2_ac2a6bbea5f71d8219ff,qwen37_plus_direct,28,C1-S1-C2-S2,forecast_revision,medium,spring,sacramento,7,89,22.25,175.0,250.0,-75.0,75.0,canonical_lower,75.0,174.10625,14.462499999999968,0.0,333.75,7.824999999999999,0.6499999999999986,0.0,15.0,0.015649999999999997,0.015,2.3214166666666665,4.45,0.3482125,0.6675,165.40093750000028,142.80624999999986,-174.10625000000005,-174.10625000000005,6.336122035980225,3.655456066131592,3.208214044570923,1.56360975,0.0,0.0,0.0,0.0,165.40093750000028,3386.1712500000026,0.0,0.0,165.40093750000028,25.5,3386.1712500000026
QWEN37_F1,qwen37f1_27479db8834038d8e285,v2e2_d00d3a4d54f973fa24ac,qwen37_plus_direct,71,C2-S2-C1-S1,forecast_revision,medium,winter,sacramento,4,92,23.0,175.0,250.0,-75.0,75.0,canonical_lower,75.0,148.39945000000006,0.09890000000001464,296.7989,-0.09889999999990096,6.452150000000002,0.004300000000000637,12.904300000000001,-0.0042999999999956936,0.012904300000000006,-4.299999999995694e-06,1.9786593333333342,-0.001318666666665346,0.29679890000000014,-0.0001977999999998019,-65.22249999999946,-132.22500000000014,148.35000000000008,148.35000000000008,8.540534019470215,5.950648069381714,2.7337400913238525,2.113188,0.0,0.0,0.0,0.0,-15.577499999999247,-70.51499999999294,0.0,0.0,-65.22249999999946,-4.5,-70.51499999999294
QWEN37_F1,qwen37f1_27567cea2021f9a1a948,v2e2_a015340abe1151fa1614,qwen37_plus_direct,49,S1-C2-S2-C1,reserve_commitment_update,easy,summer,fresno,14,82,20.5,175.0,250.0,-75.0,75.0,canonical_lower,75.0,210.67542500000005,0.0,3.1508500000000126,418.2000000000001,10.276850000000003,0.0,0.15370000000000061,20.400000000000006,0.020553700000000005,0.020400000000000005,2.809005666666667,5.576000000000001,0.4213508500000001,0.8364000000000003,-200.1416537500009,-174.70645000000002,210.67542499999993,210.67542499999993,7.780848979949951,4.521404981613159,3.7654969692230225,1.91045225,0.0,0.0,0.0,0.0,-54.762500000001296,-351.48750000001417,0.0,0.0,-200.1416537500009,-12.0,-351.48750000001417
QWEN37_F1,qwen37f1_282080863cda4e420908,v2e2_7e727667efa4e288ccd0,qwen37_plus_direct,24,S1-C2-S2-C1,export_limit_update,medium,summer,fresno,4,92,23.0,200.0,250.0,-50.0,50.0,canonical_lower,50.0,64.40000000000002,0.0,0.0,128.80000000000004,2.8000000000000007,0.0,0.0,5.600000000000001,0.005600000000000002,0.005600000000000002,1.2880000000000005,2.576000000000001,0.12880000000000005,0.2576000000000001,61.179999999997676,53.20000000000016,-64.40000000000002,-64.40000000000002,10.609476804733276,7.362437963485718,8.309873819351196,2.6316175,0.0,0.0,0.0,0.0,56.15499999999872,435.84374999997783,0.0,0.0,61.179999999997676,15.0,435.84374999997783
QWEN37_F1,qwen37f1_31aac6d8f61d7eb15e22,v2e2_c049d4bc657bdc82a484,qwen37_plus_direct,52,S1-C2-S2-C1,reserve_commitment_update,hard,autumn,san_diego,5,91,22.75,300.0,250.0,50.0,50.0,canonical_higher,50.0,5118.75,0.0,0.0,10237.5,225.0,0.0,0.0,450.0,0.45,0.45,102.375,204.75,10.2375,20.475,4862.8125,4957.434210526315,5118.75,-5118.75,11.601828813552856,3.1281960010528564,7.826344013214111,2.8787005,0.0,0.0,0.0,0.0,4862.8125,220664.0625,0.0,0.0,4862.8125,30.0,220664.0625
QWEN37_F1,qwen37f1_383f613114221f16240a,v2e2_579d7046347071a2967e,qwen37_plus_direct,66,S2-C1-S1-C2,battery_capacity_derating,easy,autumn,los_angeles,7,89,22.25,350.0,250.0,100.0,100.0,canonical_higher,100.0,1112.5,0.0,0.0,2225.0,50.0,0.0,0.0,100.0,0.1,0.1,11.125,22.25,2.225,4.45,-7.088815789473188,0.0,1112.5,-1112.5,9.506323099136353,2.451274871826172,7.193434000015259,2.35369375,0.0,0.0,-310.5263157894732,-7484.210526315772,418.4375,14954.375,0.0,0.0,-7.088815789473188,23.0,7470.164473684228
QWEN37_F1,qwen37f1_3c5aa7c5edca9c9b3591,v2e2_b7e962716394d888d563,qwen37_plus_direct,47,C2-S2-C1-S1,forecast_revision,easy,autumn,sacramento,5,91,22.75,150.0,250.0,-100.0,100.0,canonical_lower,100.0,5365.8150000000005,0.0,494.13,10237.500000000002,235.86,0.0,21.72,450.00000000000006,0.47172000000000003,0.45000000000000007,53.658150000000006,102.37500000000001,10.731630000000001,20.475000000000005,-4993.41325,-4874.849210526317,5365.815000000002,5365.815000000002,5.957000970840454,3.496785879135132,3.055009126663208,1.4674232500000002,0.0,0.0,0.0,0.0,-4957.96875,-215980.46875,0.0,0.0,-4993.41325,-69.5,-215980.46875
QWEN37_F1,qwen37f1_3e0c5f963e869ad9b952,v2e2_16b5f26ad506f7afac02,qwen37_plus_direct,44,S2-C1-S1-C2,export_limit_update,medium,autumn,san_diego,15,81,20.25,175.0,250.0,-75.0,75.0,canonical_lower,75.0,213.72457500000002,6.249149999999968,421.20000000000005,0.0,10.554300000000001,0.30859999999999843,20.8,0.0,0.0211086,0.0,2.849661,0.0,0.42744915000000006,0.0,-133.8358462499995,-171.50737500000002,213.724575,213.724575,9.142477035522461,3.2343461513519287,5.332161903381348,2.26659225,0.0,0.0,0.0,0.0,-80.9370962499994,-1130.4075149999871,0.0,0.0,-133.8358462499995,-13.5,-1130.4075149999871
QWEN37_F1,qwen37f1_3e3b5704ff481994ec3a,v2e2_ea69a5744fe4489919e6,qwen37_plus_direct,33,S1-C2-S2-C1,export_limit_update,hard,summer,los_angeles,13,83,20.75,350.0,250.0,100.0,100.0,canonical_higher,100.0,959.6875,0.0,840.375,1079.0,46.25,0.0,40.5,52.0,0.0925,0.052,9.596875,10.79,1.919375,2.158,-77.16200657894501,-49.80592105263145,959.6875,-959.6875,6.308996915817261,3.6461398601531982,2.9496238231658936,1.5566490000000002,0.0,0.0,-271.05263157894694,-5719.736842105248,334.03437500000143,11488.068750000046,0.0,0.0,-77.16200657894501,-8.0,5768.331907894796
QWEN37_F1,qwen37f1_3f5c48b910488a8d5a3c,v2e2_a614c009acc530c12890,qwen37_plus_direct,51,C1-S1-C2-S2,reserve_commitment_update,easy,autumn,los_angeles,5,91,22.75,300.0,250.0,50.0,50.0,canonical_higher,50.0,253.12787499999993,506.25574999999986,0.0,0.0,11.126499999999997,22.252999999999993,0.0,0.0,0.022252999999999995,0.0,5.062557499999999,0.0,0.5062557499999999,0.0,240.47148124999887,186.3688749999999,253.12787499999993,-253.12787499999993,12.72598910331726,5.5216240882873535,8.687028884887695,3.160194,0.0,0.0,0.0,0.0,170.15625,4961.71875,0.0,0.0,240.47148124999887,29.0,4961.71875
QWEN37_F1,qwen37f1_432cbcaad18dba17ba76,v2e2_d6701d548a93409fed9a,qwen37_plus_direct,17,C1-S1-C2-S2,forecast_revision,hard,summer,los_angeles,4,92,23.0,200.0,250.0,-50.0,50.0,canonical_lower,50.0,1533.7550000000003,2794.5,337.4100000000002,-64.39999999999952,66.68500000000002,121.5,14.670000000000009,-2.7999999999999794,0.13337000000000002,-0.002799999999999979,30.675100000000008,-1.2879999999999905,3.067510000000001,-0.12879999999999905,-1337.0927500000012,-1179.6897160664819,1501.5549999999994,1501.5549999999994,6.426800012588501,3.446209192276001,2.8673810958862305,1.58539225,0.0,0.0,0.0,0.0,-1296.7975000000006,-55192.359375000015,0.0,0.0,-1337.0927500000012,-34.0,-55192.359375000015
QWEN37_F1,qwen37f1_4377914064a64354900c,v2e2_6044c2cf8efb739eb457,qwen37_plus_direct,64,S2-C1-S1-C2,reserve_commitment_update,easy,winter,sacramento,5,91,22.75,350.0,250.0,100.0,100.0,canonical_higher,100.0,890.4350000000002,0.0,494.13,1286.7400000000002,39.14000000000001,0.0,21.72,56.56000000000001,0.07828000000000002,0.05656000000000001,8.90435,12.867400000000002,1.7808700000000004,2.5734800000000004,-243.08346052631543,-221.55500000000006,890.4349999999997,-890.4349999999997,7.7099409103393555,3.5312390327453613,4.298785924911499,1.90453725,0.0,0.0,-357.68421052631527,-9902.894736842085,195.15625,6512.34375,0.0,0.0,-243.08346052631543,-22.0,-3390.550986842085
QWEN37_F1,qwen37f1_49f6c905ac62acd4334f,v2e2_07ecea8c63a586f9fa3b,qwen37_plus_direct,57,S1-C2-S2-C1,reserve_commitment_update,hard,spring,fresno,9,87,21.75,350.0,250.0,100.0,100.0,canonical_higher,100.0,3393.0,282.75,4893.75,1609.5,156.0,13.0,225.0,74.0,0.312,0.074,33.93,16.095,6.786,3.219,2467.541118421053,2439.355263157895,3393.0,-3393.0,6.014562129974365,2.752969980239868,2.961754083633423,1.46620075,0.0,0.0,-310.05263157894694,-10214.789473684184,2691.09375,112929.21875,0.0,0.0,2467.541118421053,12.5,102714.42927631582
QWEN37_F1,qwen37f1_55c1de52ece5fb0ef642,v2e2_25e030e6613f44a39649,qwen37_plus_direct,60,C1-S1-C2-S2,export_limit_update,hard,spring,los_angeles,7,89,22.25,175.0,250.0,-75.0,75.0,canonical_lower,75.0,166.875,178.0,333.75,-178.0,7.5,8.0,15.0,-8.0,0.015,-0.008,2.225,-2.3733333333333335,0.33375,-0.356,-73.98125000000073,-63.875,77.875,77.875,9.092952966690063,5.406944990158081,4.119058847427368,2.25009225,0.0,0.0,0.0,0.0,-17.168750000000728,-81.84375000000614,0.0,0.0,-73.98125000000073,-4.5,-81.84375000000614
QWEN37_F1,qwen37f1_56d4cec0083088dc9871,v2e2_d2a42e359dd264f920da,qwen37_plus_direct,5,S2-C1-S1-C2,power_limit_derating,medium,autumn,san_diego,5,91,22.75,175.0,250.0,-75.0,75.0,canonical_lower,75.0,2047.5,0.0,4095.0,0.0,90.0,0.0,180.0,0.0,0.18,0.0,27.3,0.0,4.095,0.0,-1945.125,-1814.3421052631584,2047.5,2047.5,7.514714002609253,2.9357731342315674,4.064670085906982,1.85694925,0.0,0.0,0.0,0.0,-1945.125,-84473.75,0.0,0.0,-1945.125,-31.0,-84473.75
QWEN37_F1,qwen37f1_57f5366dedb07226c3a5,v2e2_e87de31d325befcf7b51,qwen37_plus_direct,46,S2-C1-S1-C2,forecast_revision,hard,summer,sacramento,7,89,22.25,300.0,250.0,50.0,50.0,canonical_higher,50.0,2853.22875,5006.25,337.53250000000014,362.6750000000003,128.235,225.0,15.170000000000007,16.300000000000015,0.25647000000000003,0.016300000000000012,57.064575000000005,7.253500000000006,5.706457500000001,0.7253500000000006,-2710.5673124999994,-2581.9833552631576,-2853.228750000001,2853.228750000001,5.508409023284912,2.8307390213012695,3.127232074737549,1.3574505000000001,0.0,0.0,0.0,0.0,-2628.3228124999996,-113182.08125,0.0,0.0,-2710.5673124999994,-51.0,-113182.08125
QWEN37_F1,qwen37f1_5b84d1573b4ea848679e,v2e2_7f938d120000eec26457,qwen37_plus_direct,14,C2-S2-C1-S1,battery_capacity_derating,easy,summer,los_angeles,8,88,22.0,175.0,250.0,-75.0,75.0,canonical_lower,75.0,181.50000000000006,4.289999999999928,363.0,-4.289999999999793,8.250000000000002,0.19499999999999673,16.5,-0.1949999999999906,0.016500000000000004,-0.0001949999999999906,2.420000000000001,-0.05719999999999724,0.3630000000000001,-0.008579999999999586,-35.85324999999983,-153.90375000000006,173.63499999999996,173.63499999999996,6.9617860317230225,4.0843799114227295,4.092747926712036,1.72042375,0.0,0.0,0.0,0.0,-32.90324999999933,-284.2441562499861,0.0,0.0,-35.85324999999983,-8.5,-284.2441562499861
QWEN37_F1,qwen37f1_63357aaa83e19fa548a0,v2e2_47a354a03084871e0ca3,qwen37_plus_direct,65,S1-C2-S2-C1,export_limit_update,medium,autumn,san_diego,6,90,22.5,200.0,250.0,-50.0,50.0,canonical_lower,50.0,156.35375000000002,0.1999999999999913,187.49249999999995,125.0150000000001,6.949055555555557,0.008888888888888502,8.332999999999998,5.556222222222226,0.013898111111111113,0.005556222222222226,3.1270750000000005,2.500300000000002,0.3127075,0.2500300000000002,148.53606250000195,138.9811111111112,-156.35375000000008,-156.35375000000008,7.460896015167236,3.0476880073547363,2.979964017868042,1.8449735000000003,0.0,0.0,0.0,0.0,145.31606250000038,2585.986781250005,0.0,0.0,148.53606250000195,27.5,2585.986781250005
QWEN37_F1,qwen37f1_69544ce973d15392cd7a,v2e2_1fd8536d13787e44dc17,qwen37_plus_direct,8,C2-S2-C1-S1,battery_capacity_derating,easy,spring,fresno,6,90,22.5,350.0,250.0,100.0,100.0,canonical_higher,100.0,1324.17,0.0,1401.6599999999999,1246.6800000000003,58.852000000000004,0.0,62.29599999999999,55.408000000000015,0.117704,0.05540800000000001,13.241700000000002,12.466800000000003,2.64834,2.4933600000000005,178.51775000000043,288.1700000000001,1324.17,-1324.17,7.811466932296753,5.320393085479736,3.5011188983917236,1.93049975,0.0,0.0,-317.1052631578942,-7801.315789473666,641.0177500000003,20089.367276315796,0.0,0.0,178.51775000000043,5.5,12288.051486842134
QWEN37_F1,qwen37f1_6b01671985e6ddfc0f52,v2e2_689fd81bd1f3eec1e27d,qwen37_plus_direct,3,C1-S1-C2-S2,reserve_commitment_update,easy,autumn,san_diego,14,82,20.5,175.0,250.0,-75.0,75.0,canonical_lower,75.0,191.75085000000004,0.0,0.0,383.5017000000001,9.353700000000002,0.0,0.0,18.707400000000003,0.018707400000000002,0.018707400000000002,2.5566780000000007,5.113356000000001,0.3835017000000001,0.7670034000000002,-182.16330750000054,-173.04345,191.75085000000004,191.75085000000004,10.26924204826355,5.175028085708618,4.103147983551025,2.5419964999999998,0.0,0.0,0.0,0.0,-35.28750000000059,-159.4125000000068,0.0,0.0,-182.16330750000054,-9.0,-159.4125000000068
QWEN37_F1,qwen37f1_6ed136996be36b88de0c,v2e2_a26fd019af93d45104b8,qwen37_plus_direct,27,C2-S2-C1-S1,export_limit_update,medium,spring,sacramento,13,83,20.75,300.0,250.0,50.0,50.0,canonical_higher,50.0,249.0,5.1875,498.0,-5.1875,12.0,0.25,24.0,-0.25,0.024,-0.00025,4.98,-0.10375,0.498,-0.010375,233.7265625,210.78125,246.40625,-246.40625,12.049056053161621,4.142656087875366,3.710325002670288,2.9927795,0.0,0.0,0.0,0.0,146.40625,3683.59375,0.0,0.0,233.7265625,25.0,3683.59375
QWEN37_F1,qwen37f1_818f412579461024d2b0,v2e2_eabe3c90461f173e872b,qwen37_plus_direct,15,C2-S2-C1-S1,battery_capacity_derating,easy,autumn,sacramento,6,90,22.5,150.0,250.0,-100.0,100.0,canonical_lower,100.0,4950.0,0.0,225.0,9675.0,220.0,0.0,10.0,430.0,0.44,0.43,49.5,96.75,9.9,19.35,-4702.5,-4130.214019390582,4950.0,4950.0,5.959375858306885,3.3921098709106445,2.7942960262298584,1.468671,0.0,0.0,0.0,0.0,-4702.5,-207840.90625,0.0,0.0,-4702.5,-39.5,-207840.90625
QWEN37_F1,qwen37f1_86c207b5817e368dedb6,v2e2_e6c8a896df3972a400a6,qwen37_plus_direct,13,C2-S2-C1-S1,reserve_commitment_update,medium,summer,fresno,4,92,23.0,175.0,250.0,-75.0,75.0,canonical_lower,75.0,6.20999999999999,4.501099999999969,12.41999999999998,-4.501099999999969,0.2699999999999996,0.19569999999999865,0.5399999999999991,-0.19569999999999865,0.0005399999999999991,-0.00019569999999999866,0.08279999999999987,-0.06001466666666625,0.01241999999999998,-0.009002199999999938,3.66752250000053,3.021299999999883,-3.860550000000032,-3.860550000000032,6.495809078216553,3.190199851989746,2.780306816101074,1.60062925,0.0,0.0,0.0,0.0,3.66752250000053,36.40321000000688,0.0,0.0,3.66752250000053,0.5,36.40321000000688
QWEN37_F1,qwen37f1_89848d513923ab2382f4,v2e2_7b2e0628b0d7b7a4badd,qwen37_plus_direct,48,C1-S1-C2-S2,power_limit_derating,medium,summer,fresno,4,92,23.0,350.0,250.0,100.0,100.0,canonical_higher,100.0,685.4988999999999,0.0,0.0,1370.9977999999999,29.804299999999998,0.0,0.0,59.608599999999996,0.0596086,0.0596086,6.854989,13.709978,1.3709977999999998,2.7419955999999996,79.40684973684398,58.62954999999988,685.4988999999999,-685.4988999999999,5.68730092048645,2.6170809268951416,2.6531169414520264,1.40023625,0.0,0.0,-51.84210526315729,-404.60526315788553,206.24895500000127,5596.223411250012,0.0,0.0,79.40684973684398,39.0,5191.618148092127
QWEN37_F1,qwen37f1_8f159fe10d063d56228e,v2e2_ade91af586194aa1b583,qwen37_plus_direct,40,S1-C2-S2-C1,battery_capacity_derating,medium,autumn,san_diego,5,91,22.75,300.0,250.0,50.0,50.0,canonical_higher,50.0,494.13,0.0,0.0,988.26,21.72,0.0,0.0,43.44,0.04344,0.04344,9.8826,19.7652,0.98826,1.97652,-469.42350000000033,-439.83000000000004,-494.13,494.13,7.728058099746704,3.7459139823913574,5.489761114120483,1.9040549999999998,0.0,0.0,0.0,0.0,-440.3125,-16546.875,0.0,0.0,-469.42350000000033,-75.0,-16546.875
QWEN37_F1,qwen37f1_9cc27ff15b109646cfaf,v2e2_90357feca5a42c2b5eee,qwen37_plus_direct,26,C1-S1-C2-S2,forecast_revision,medium,spring,los_angeles,6,90,22.5,175.0,250.0,-75.0,75.0,canonical_lower,75.0,243.75374999999997,0.0,487.5075,-5.684341886080802e-14,10.833499999999999,0.0,21.666999999999998,-2.5263741715914674e-15,0.021667,-2.5263741715914674e-18,3.2500499999999994,-7.579122514774402e-16,0.4875074999999999,-1.1368683772161603e-16,21.397312500000908,-45.61950000000047,60.37875000000005,60.37875000000005,6.504671096801758,3.301314115524292,3.093322992324829,1.60516175,0.0,0.0,0.0,0.0,69.51875000000052,1725.986250000006,0.0,0.0,21.397312500000908,9.0,1725.986250000006
QWEN37_F1,qwen37f1_9d240b5f2e3af4418515,v2e2_57ed2833756fcc2a81f4,qwen37_plus_direct,0,C1-S1-C2-S2,export_limit_update,easy,winter,los_angeles,7,89,22.25,150.0,250.0,-100.0,100.0,canonical_lower,100.0,5006.25,0.0,0.0,10012.5,225.0,0.0,0.0,450.0,0.45,0.45,50.0625,100.125,10.0125,20.025,-4755.9375,-4542.434210526317,5006.25,5006.25,9.558032989501953,5.750694990158081,3.084918975830078,2.3685395,0.0,0.0,0.0,0.0,-4755.9375,-204735.625,0.0,0.0,-4755.9375,-53.0,-204735.625
QWEN37_F1,qwen37f1_9fa481f802e4a10b7994,v2e2_a7c71f5aa3db3e32fdd1,qwen37_plus_direct,11,C2-S2-C1-S1,power_limit_derating,hard,spring,fresno,4,92,23.0,350.0,250.0,100.0,100.0,canonical_higher,100.0,3766.135000000001,0.0,327.29,7204.980000000002,163.74500000000006,0.0,14.23,313.2600000000001,0.3274900000000001,0.3132600000000001,37.66135000000001,72.04980000000002,7.532270000000002,14.409960000000005,-3511.5533289473656,-2871.9725,3766.135,-3766.135,11.080465078353882,8.944584131240845,7.329372882843018,2.7475060000000004,0.0,0.0,-3477.631578947367,-149990.78947368424,98.27050000000008,2613.0457500000034,0.0,0.0,-3511.5533289473656,-59.5,-147377.74372368425
QWEN37_F1,qwen37f1_a308bdf50eab9a3e3f68,v2e2_394e89f7d166924e9409,qwen37_plus_direct,55,S2-C1-S1-C2,export_limit_update,easy,winter,fresno,5,91,22.75,175.0,250.0,-75.0,75.0,canonical_lower,75.0,494.13,0.0,0.0,988.26,21.72,0.0,0.0,43.44,0.04344,0.04344,6.5884,13.1768,0.98826,1.97652,311.20149999999967,439.8300000000001,-494.13,-494.13,7.71682596206665,3.4382898807525635,4.869907855987549,1.9065825,0.0,0.0,0.0,0.0,215.3125,4012.1875,0.0,0.0,311.20149999999967,37.0,4012.1875
QWEN37_F1,qwen37f1_a41f3c6598a3f69c732d,v2e2_1a991ca6b21c0ed79241,qwen37_plus_direct,35,S1-C2-S2-C1,forecast_revision,hard,spring,sacramento,14,82,20.5,300.0,250.0,50.0,50.0,canonical_higher,50.0,80.05250000000001,3.8949999999999987,156.21,0.0,3.9050000000000002,0.18999999999999995,7.62,0.0,0.007810000000000001,0.0,1.60105,0.0,0.16010500000000003,0.0,76.04987500000203,70.28999999999996,80.0525,-80.0525,6.868913173675537,3.7232329845428467,4.608640193939209,1.6960985,0.0,0.0,0.0,0.0,0.0,0.0,0.0,0.0,76.04987500000203,0.0,0.0
QWEN37_F1,qwen37f1_ad373a37404f00160e88,v2e2_581afa30a65d6a5d08a5,qwen37_plus_direct,41,S1-C2-S2-C1,export_limit_update,hard,spring,fresno,6,90,22.5,350.0,250.0,100.0,100.0,canonical_higher,100.0,719.7750000000001,1.8000000000000016,659.2500000000002,778.5,31.990000000000006,0.08000000000000007,29.30000000000001,34.6,0.06398000000000001,0.0346,7.197750000000001,7.785,1.43955,1.557,110.16677631578898,70.65999999999985,719.775,-719.775,7.373836040496826,3.879328966140747,4.76849102973938,1.8227639999999998,0.0,0.0,-52.789473684210456,-409.42105263157777,275.54999999999893,9884.97499999997,0.0,0.0,110.16677631578898,20.5,9475.553947368391
QWEN37_F1,qwen37f1_b7348f05df4f34cefd1d,v2e2_babe8da2420b974ae448,qwen37_plus_direct,45,S2-C1-S1-C2,battery_capacity_derating,medium,autumn,sacramento,6,90,22.5,200.0,250.0,-50.0,50.0,canonical_lower,50.0,141.8175,187.28999999999996,3.8249999999999984,92.52000000000002,6.303,8.323999999999998,0.16999999999999993,4.112000000000001,0.012606,0.004112000000000001,2.83635,1.8504000000000005,0.28363499999999997,0.18504000000000004,-36.95837500000047,-126.06000000000006,141.81749999999997,141.81749999999997,6.2918860912323,2.774949073791504,3.8188111782073975,1.55184825,0.0,0.0,0.0,0.0,-48.34249999999935,-733.2862499999846,0.0,0.0,-36.95837500000047,-15.0,-733.2862499999846
QWEN37_F1,qwen37f1_bab7890ef7738048b0a9,v2e2_f60d5d4b26a4ec302fa4,qwen37_plus_direct,12,C2-S2-C1-S1,battery_capacity_derating,easy,autumn,san_diego,7,89,22.25,175.0,250.0,-75.0,75.0,canonical_lower,75.0,166.875,0.0,333.75,0.0,7.5,0.0,15.0,0.0,0.015,0.0,2.225,0.0,0.33375,0.0,-158.53125,-148.125,166.875,166.875,6.543851852416992,3.7947518825531006,2.6950159072875977,1.614944,0.0,0.0,0.0,0.0,-121.71875,-2556.09375,0.0,0.0,-158.53125,-20.5,-2556.09375
QWEN37_F1,qwen37f1_bb3b8eb274674eb04b38,v2e2_eefa2a6aa00281c6d0de,qwen37_plus_direct,22,C1-S1-C2-S2,battery_capacity_derating,easy,summer,fresno,6,90,22.5,300.0,250.0,50.0,50.0,canonical_higher,50.0,1228.5,0.0,207.00000000000009,2250.0,54.6,0.0,9.200000000000005,100.0,0.1092,0.1,24.57,45.0,2.457,4.5,-9.405263157895888,66.59999999999991,1228.5000000000005,-1228.5000000000005,6.720962047576904,3.8669841289520264,2.818795919418335,1.65875675,0.0,0.0,-367.1052631578942,-10426.315789473667,472.69999999999834,16174.181249999945,0.0,0.0,-9.405263157895888,11.5,5747.86546052628
QWEN37_F1,qwen37f1_bfdc857df31666bf3d04,v2e2_be357ad7fa505f6b8f35,qwen37_plus_direct,54,C1-S1-C2-S2,battery_capacity_derating,easy,winter,fresno,8,88,22.0,200.0,250.0,-50.0,50.0,canonical_lower,50.0,264.0,0.0,528.0,0.0,12.0,0.0,24.0,0.0,0.024,0.0,5.28,0.0,0.528,0.0,-146.7000000000005,-234.0,264.0,264.0,7.724045038223267,4.835132122039795,3.0717720985412598,1.9095039999999999,0.0,0.0,0.0,0.0,-131.25,-2967.1875,0.0,0.0,-146.7000000000005,-22.5,-2967.1875
QWEN37_F1,qwen37f1_c4ab0367a5476cc4717d,v2e2_eeaa2f40bad66efc8c57,qwen37_plus_direct,68,S2-C1-S1-C2,power_limit_derating,easy,winter,los_angeles,5,91,22.75,150.0,250.0,-100.0,100.0,canonical_lower,100.0,214.98750000000007,429.97500000000014,0.0,0.0,9.450000000000003,18.900000000000006,0.0,0.0,0.018900000000000007,0.0,2.1498750000000006,0.0,0.42997500000000016,0.0,128.65562499999982,196.08749999999998,-214.98750000000007,-214.98750000000007,6.749300003051758,3.5508251190185547,4.370865106582642,1.6645492499999999,0.0,0.0,0.0,0.0,78.94687499999975,1156.465625000002,0.0,0.0,128.65562499999982,14.5,1156.465625000002
QWEN37_F1,qwen37f1_cb0b4a938591b59e7598,v2e2_16c288d882ac6a326385,qwen37_plus_direct,72,C1-S1-C2-S2,battery_capacity_derating,easy,spring,fresno,4,92,23.0,200.0,250.0,-50.0,50.0,canonical_lower,50.0,168.70499999999998,0.0,337.4100000000002,-2.2737367544323206e-13,7.334999999999999,0.0,14.670000000000009,-9.885811975792698e-15,0.014669999999999999,-9.885811975792699e-18,3.3741,-4.547473508864641e-15,0.33741,-4.547473508864641e-16,-9.70525000000157,-92.96749999999975,104.305,104.305,13.447255849838257,7.276170015335083,6.350701093673706,3.3381012500000002,0.0,0.0,0.0,0.0,13.102499999998315,412.86874999997093,0.0,0.0,-9.70525000000157,1.5,412.86874999997093
QWEN37_F1,qwen37f1_ce6f722eecf69d0a2e4a,v2e2_e9230cb9c5afdd6582ec,qwen37_plus_direct,29,C1-S1-C2-S2,power_limit_derating,hard,autumn,san_diego,7,89,22.25,150.0,250.0,-100.0,100.0,canonical_lower,100.0,1701.0125000000003,3402.0250000000005,0.0,0.0,76.45000000000002,152.90000000000003,0.0,0.0,0.15290000000000004,0.0,17.010125000000002,0.0,3.4020250000000005,0.0,1485.350625,1441.529605263158,-1701.0125000000003,-1701.0125000000003,6.922000885009766,4.317240953445435,3.1024301052093506,1.7095025,0.0,0.0,0.0,0.0,1463.15625,58888.75,0.0,0.0,1485.350625,40.0,58888.75
QWEN37_F1,qwen37f1_cee9bb3db4379a0a2310,v2e2_7778cc641046e1b0a2cd,qwen37_plus_direct,42,S2-C1-S1-C2,forecast_revision,hard,autumn,san_diego,14,82,20.5,175.0,250.0,-75.0,75.0,canonical_lower,75.0,355.08746999999994,1.1750600000000144,0.0,708.9998799999998,17.321339999999996,0.057320000000000704,0.0,34.585359999999994,0.034642679999999995,0.034585359999999996,4.7344995999999995,9.45333173333333,0.7101749399999999,1.4179997599999996,-76.2830965000004,-311.78412000000003,355.0874699999999,355.0874699999999,6.231218099594116,3.8952860832214355,3.110245943069458,1.53339925,0.0,0.0,0.0,0.0,-31.808096499999465,-132.6278609999965,0.0,0.0,-76.2830965000004,-8.0,-132.6278609999965
QWEN37_F1,qwen37f1_d133068b1e8df25bb6a2,v2e2_4bc783ae8ece976241af,qwen37_plus_direct,56,C2-S2-C1-S1,reserve_commitment_update,easy,spring,los_angeles,8,88,22.0,350.0,250.0,100.0,100.0,canonical_higher,100.0,624.9979999999999,0.0,0.0,1249.9959999999999,28.408999999999995,0.0,0.0,56.81799999999999,0.056817999999999994,0.056817999999999994,6.249979999999999,12.499959999999998,1.2499959999999999,2.4999919999999998,-457.69926842105144,-431.82000000000005,624.9979999999999,-624.9979999999999,6.463961839675903,3.8470048904418945,2.9300458431243896,1.5952195,0.0,0.0,-337.94736842105215,-8849.578947368402,0.0,0.0,0.0,0.0,-457.69926842105144,-52.0,-8849.578947368402
QWEN37_F1,qwen37f1_d559ea0106d370f9fb5f,v2e2_20534de655a33fde87ca,qwen37_plus_direct,69,S2-C1-S1-C2,export_limit_update,easy,summer,los_angeles,4,92,23.0,150.0,250.0,-100.0,100.0,canonical_lower,100.0,202.74499999999998,393.53,0.0,11.95999999999998,8.815,17.11,0.0,0.5199999999999991,0.017629999999999996,0.0005199999999999991,2.02745,0.11959999999999979,0.40548999999999996,0.02391999999999996,-47.542250000000195,-167.48500000000013,202.74500000000003,202.74500000000003,7.084270000457764,3.3993871212005615,3.918017864227295,1.75008275,0.0,0.0,0.0,0.0,-32.57499999999982,-251.71874999999497,0.0,0.0,-47.542250000000195,-7.5,-251.71874999999497
QWEN37_F1,qwen37f1_dedabb5c8f24a1a133ae,v2e2_cd47662d04581b339960,qwen37_plus_direct,18,S1-C2-S2-C1,power_limit_derating,medium,spring,los_angeles,6,90,22.5,200.0,250.0,-50.0,50.0,canonical_lower,50.0,338.60249999999996,310.0049999999999,187.2,180.00000000000006,15.048999999999998,13.777999999999995,8.32,8.000000000000002,0.030097999999999996,0.008000000000000002,6.772049999999999,3.600000000000001,0.677205,0.3600000000000001,-232.58237499999933,-293.4554999999999,338.6025000000001,338.6025000000001,5.5903098583221436,2.971198797225952,3.011924982070923,1.3756415,0.0,0.0,0.0,0.0,-146.8773749999998,-3343.8307500000074,0.0,0.0,-232.58237499999933,-22.5,-3343.8307500000074
QWEN37_F1,qwen37f1_df44c3059311d69be180,v2e2_c4d42554da4b1f44862b,qwen37_plus_direct,34,C2-S2-C1-S1,power_limit_derating,hard,winter,fresno,5,91,22.75,350.0,250.0,100.0,100.0,canonical_higher,100.0,681.135,0.0,18.655,1343.615,29.94,0.0,0.8200000000000001,59.06,0.05988,0.05906,6.81135,13.43615,1.36227,2.68723,-555.8181315789479,-472.31499999999994,681.1350000000001,-681.1350000000001,6.799803972244263,4.072059869766235,3.5724449157714844,1.6785242500000002,0.0,0.0,-383.5526315789476,-10355.92105263159,0.0,0.0,0.0,0.0,-555.8181315789479,-53.0,-10355.921052631591
QWEN37_F1,qwen37f1_e441f463386f128f1075,v2e2_31906e8fff0262a0bd53,qwen37_plus_direct,21,C2-S2-C1-S1,power_limit_derating,medium,autumn,san_diego,4,92,23.0,175.0,250.0,-75.0,75.0,canonical_lower,75.0,337.4100000000002,0.0,0.0,674.8200000000004,14.670000000000009,0.0,0.0,29.340000000000018,0.029340000000000015,0.029340000000000015,4.498800000000003,8.997600000000006,0.6748200000000004,1.3496400000000008,-91.77049999999826,-271.3950000000002,337.4100000000002,337.4100000000002,11.752339839935303,9.134920835494995,8.084699869155884,2.9158105,0.0,0.0,0.0,0.0,-31.154999999998495,-141.02999999998588,0.0,0.0,-91.77049999999826,-9.0,-141.02999999998588
QWEN37_F1,qwen37f1_e67624d3f156005e407e,v2e2_01647af4ab413aad9430,qwen37_plus_direct,25,C1-S1-C2-S2,power_limit_derating,hard,winter,sacramento,5,91,22.75,175.0,250.0,-75.0,75.0,canonical_lower,75.0,147.87500000000006,295.75,9.555,-9.554999999999886,6.500000000000003,13.0,0.42,-0.419999999999995,0.013000000000000005,-0.000419999999999995,1.9716666666666673,-0.1273999999999985,0.2957500000000001,-0.019109999999999773,-56.61549999999987,-104.71999999999997,123.75999999999996,123.75999999999996,6.560467958450317,3.757246971130371,2.8395471572875977,1.61613125,0.0,0.0,0.0,0.0,0.0,0.0,0.0,0.0,-56.61549999999987,0.0,0.0
QWEN37_F1,qwen37f1_e9279d3fb6c00b84b443,v2e2_f5ed58c9117bb14967a8,qwen37_plus_direct,58,S1-C2-S2-C1,power_limit_derating,medium,spring,fresno,5,91,22.75,150.0,250.0,-100.0,100.0,canonical_lower,100.0,4517.501625,0.0,64.99675,8970.0065,198.5715,0.0,2.857,394.286,0.39714299999999997,0.39428599999999997,45.17501625,89.700065,9.035003249999999,17.940013,-4003.3734562500003,-3995.471335526316,4517.501624999998,4517.501624999998,12.684866905212402,4.230095148086548,8.711408853530884,3.14895525,0.0,0.0,0.0,0.0,-3972.5,-168105.0,0.0,0.0,-4003.3734562500003,-84.0,-168105.0
QWEN37_F1,qwen37f1_ec592705915514026f43,v2e2_c9b994f593c92dd9efa9,qwen37_plus_direct,53,C1-S1-C2-S2,power_limit_derating,hard,autumn,san_diego,5,91,22.75,200.0,250.0,-50.0,50.0,canonical_lower,50.0,147.87500000000003,0.0,295.75,5.684341886080802e-14,6.500000000000001,0.0,13.0,2.4986118180574954e-15,0.013000000000000003,2.498611818057495e-18,2.9575000000000005,1.1368683772161603e-15,0.29575000000000007,1.1368683772161603e-16,134.23113125000089,44.33112499999993,-68.37512499999997,-68.37512499999997,7.308104038238525,4.889708042144775,3.803493022918701,1.8043047499999998,0.0,0.0,0.0,0.0,12.09375,47.25,0.0,0.0,134.23113125000089,3.5,47.25
QWEN37_F1,qwen37f1_ee7f0861126b4b76602e,v2e2_d6ba00286f170447ebbf,qwen37_plus_direct,9,S1-C2-S2-C1,forecast_revision,hard,summer,sacramento,4,92,23.0,175.0,250.0,-75.0,75.0,canonical_lower,75.0,2.299999999999992,0.0,4.599999999999984,0.0,0.09999999999999964,0.0,0.1999999999999993,0.0,0.00019999999999999928,0.0,0.030666666666666557,0.0,0.0045999999999999834,0.0,2.1850000000004,1.7499999999997726,-2.299999999999951,-2.299999999999951,12.413623094558716,7.869366884231567,10.011253118515015,3.08002825,0.0,0.0,0.0,0.0,2.1850000000004,18.938125000002685,0.0,0.0,2.1850000000004,0.5,18.938125000002685
QWEN37_F1,qwen37f1_f6a01d8d47b6708952df,v2e2_599ab783e7af2d598059,qwen37_plus_direct,4,C2-S2-C1-S1,reserve_commitment_update,hard,spring,los_angeles,5,91,22.75,300.0,250.0,50.0,50.0,canonical_higher,50.0,2559.375,0.0,5118.75,0.0,112.5,0.0,225.0,0.0,0.225,0.0,51.1875,0.0,5.11875,0.0,2431.40625,2478.7171052631575,2559.375,-2559.375,6.6227171421051025,3.900315999984741,2.7649929523468018,1.630327,0.0,0.0,0.0,0.0,2431.40625,110332.03125,0.0,0.0,2431.40625,15.0,110332.03125
QWEN37_F1,qwen37f1_f89f6500a768ca00cca8,v2e2_12b72852882928644d40,qwen37_plus_direct,62,C2-S2-C1-S1,forecast_revision,easy,winter,los_angeles,10,86,21.5,300.0,250.0,50.0,50.0,canonical_higher,50.0,237.25249999999994,474.5049999999998,0.0,5.684341886080802e-14,11.034999999999997,22.069999999999993,0.0,2.6438799470143262e-15,0.022069999999999996,2.643879947014326e-18,4.745049999999999,1.1368683772161603e-15,0.4745049999999999,1.1368683772161603e-16,72.20237499999996,67.16500000000008,76.00250000000004,-76.00250000000004,8.713937044143677,5.426102876663208,5.588690996170044,2.1578405,0.0,0.0,0.0,0.0,2.125,-1079.84375,0.0,0.0,72.20237499999996,11.5,-1079.84375
QWEN37_F1,qwen37f1_f9e9536ccb06550366dd,v2e2_a66e250328b3cef2064f,qwen37_plus_direct,63,S1-C2-S2-C1,reserve_commitment_update,medium,spring,fresno,5,91,22.75,350.0,250.0,100.0,100.0,canonical_higher,100.0,979.1600000000002,0.0,671.5799999999997,1286.7400000000007,43.040000000000006,0.0,29.519999999999985,56.56000000000003,0.08608000000000002,0.05656000000000003,9.791600000000003,12.867400000000007,1.9583200000000003,2.5734800000000013,-158.79471052631652,-147.9000000000001,979.1600000000002,-979.1600000000002,5.857881784439087,2.97918701171875,3.2982168197631836,1.4437439999999997,0.0,0.0,-408.68421052631527,-12898.421052631556,279.4449999999989,10164.41999999997,0.0,0.0,-158.79471052631652,-27.0,-2734.0010526315855
QWEN37_F1,qwen37f1_fcd31e299a3d8c530bc7,v2e2_ff7d4d179a2e6d483137,qwen37_plus_direct,16,S2-C1-S1-C2,export_limit_update,easy,winter,fresno,5,91,22.75,350.0,250.0,100.0,100.0,canonical_higher,100.0,1146.873,18.746000000000034,0.0,2275.0,50.412,0.8240000000000015,0.0,100.0,0.10082400000000001,0.1,11.46873,22.75,2.293746,4.55,-18.238026315789284,-9.934041551246537,1146.873,-1146.873,8.46711802482605,4.399590969085693,4.626114130020142,2.0952409999999997,0.0,0.0,-333.5505263157894,-8487.313684210525,390.3125,13024.6875,0.0,0.0,-18.238026315789284,15.5,4537.373815789475
