scenario_id,event_family,registered_difficulty,horizon_steps,terminal_reachability_slack,initial_soc_lower_slack,initial_soc_upper_slack,passive_export_slack,aggregate_normalized_slack,diagnostic_difficulty,definition_status
v2e2_c9b994f593c92dd9efa9,power_limit_derating,hard,91,6.449875,0.29411764705882354,0.7058823529411765,0.12014678354021824,0.12014678354021824,medium,post_hoc_provider_free_diagnostic_not_registered_admission_rule
v2e2_eabe3c90461f173e872b,battery_capacity_derating,easy,90,10.3375,0.17647058823529413,0.8235294117647058,0.10725180928784173,0.10725180928784173,medium,post_hoc_provider_free_diagnostic_not_registered_admission_rule
v2e2_7b2e0628b0d7b7a4badd,power_limit_derating,medium,92,9.63421052631579,0.6470588235294118,0.35294117647058826,0.2013788203360908,0.2013788203360908,easy,post_hoc_provider_free_diagnostic_not_registered_admission_rule
v2e2_31906e8fff0262a0bd53,power_limit_derating,medium,92,8.44,0.23529411764705882,0.7647058823529411,0.12522985596513153,0.12522985596513153,medium,post_hoc_provider_free_diagnostic_not_registered_admission_rule
v2e2_6044c2cf8efb739eb457,reserve_commitment_update,easy,91,11.923684210526316,0.6470588235294118,0.35294117647058826,0.252686465889236,0.252686465889236,easy,post_hoc_provider_free_diagnostic_not_registered_admission_rule
v2e2_16b5f26ad506f7afac02,export_limit_update,medium,81,9.31875,0.23529411764705882,0.7647058823529411,0.10725180928784173,0.10725180928784173,medium,post_hoc_provider_free_diagnostic_not_registered_admission_rule
v2e2_28d9724eea09520d5cd7,reserve_commitment_update,medium,90,10.3875,0.23529411764705882,0.7647058823529411,0.1594183126278505,0.1594183126278505,medium,post_hoc_provider_free_diagnostic_not_registered_admission_rule
v2e2_a26fd019af93d45104b8,export_limit_update,medium,83,9.80625,0.5294117647058824,0.47058823529411764,0.06812825236708382,0.06812825236708382,medium,post_hoc_provider_free_diagnostic_not_registered_admission_rule
v2e2_e87de31d325befcf7b51,forecast_revision,hard,89,10.51875,0.5294117647058824,0.47058823529411764,0.331064832585831,0.331064832585831,easy,post_hoc_provider_free_diagnostic_not_registered_admission_rule
v2e2_be357ad7fa505f6b8f35,battery_capacity_derating,easy,88,10.2,0.29411764705882354,0.7058823529411765,0.2638923780308415,0.2638923780308415,easy,post_hoc_provider_free_diagnostic_not_registered_admission_rule
v2e2_ea69a5744fe4489919e6,export_limit_update,hard,83,10.871052631578948,0.6470588235294118,0.35294117647058826,0.2215683266960335,0.2215683266960335,easy,post_hoc_provider_free_diagnostic_not_registered_admission_rule
v2e2_4029a98e7ae402335d31,export_limit_update,medium,92,10.625,0.23529411764705882,0.7647058823529411,0.06005848582259257,0.06005848582259257,medium,post_hoc_provider_free_diagnostic_not_registered_admission_rule
v2e2_7f938d120000eec26457,battery_capacity_derating,easy,88,10.15,0.23529411764705882,0.7647058823529411,0.17051436168075926,0.17051436168075926,medium,post_hoc_provider_free_diagnostic_not_registered_admission_rule
v2e2_eefa2a6aa00281c6d0de,battery_capacity_derating,easy,90,10.6375,0.5294117647058824,0.47058823529411764,0.2845063651679122,0.2845063651679122,easy,post_hoc_provider_free_diagnostic_not_registered_admission_rule
v2e2_7778cc641046e1b0a2cd,forecast_revision,hard,82,9.4375,0.23529411764705882,0.7647058823529411,0.9367080357632926,0.23529411764705882,easy,post_hoc_provider_free_diagnostic_not_registered_admission_rule
v2e2_a614c009acc530c12890,reserve_commitment_update,easy,91,10.75625,0.5294117647058824,0.47058823529411764,0.13136878869160387,0.13136878869160387,medium,post_hoc_provider_free_diagnostic_not_registered_admission_rule
v2e2_c049d4bc657bdc82a484,reserve_commitment_update,hard,91,10.75625,0.5294117647058824,0.47058823529411764,0.19015672345225298,0.19015672345225298,medium,post_hoc_provider_free_diagnostic_not_registered_admission_rule
v2e2_ac2a6bbea5f71d8219ff,forecast_revision,medium,89,10.26875,0.23529411764705882,0.7647058823529411,0.07137614303474973,0.07137614303474973,medium,post_hoc_provider_free_diagnostic_not_registered_admission_rule
v2e2_ade91af586194aa1b583,battery_capacity_derating,medium,91,10.75625,0.5294117647058824,0.47058823529411764,0.19015672345225298,0.19015672345225298,medium,post_hoc_provider_free_diagnostic_not_registered_admission_rule
v2e2_68ad1227a66cd68252f6,power_limit_derating,easy,92,9.751,0.23529411764705882,0.7647058823529411,0.61323476635985,0.23529411764705882,easy,post_hoc_provider_free_diagnostic_not_registered_admission_rule
v2e2_aa86ae40329fa58392a5,battery_capacity_derating,medium,83,10.871052631578948,0.6470588235294118,0.35294117647058826,0.15054204336941576,0.15054204336941576,medium,post_hoc_provider_free_diagnostic_not_registered_admission_rule
v2e2_b7e962716394d888d563,forecast_revision,easy,91,10.45625,0.17647058823529413,0.8235294117647058,0.248947348452434,0.17647058823529413,medium,post_hoc_provider_free_diagnostic_not_registered_admission_rule
v2e2_25e030e6613f44a39649,export_limit_update,hard,89,10.26875,0.23529411764705882,0.7647058823529411,0.14663583632889324,0.14663583632889324,medium,post_hoc_provider_free_diagnostic_not_registered_admission_rule
v2e2_ff7d4d179a2e6d483137,export_limit_update,easy,91,11.923684210526316,0.6470588235294118,0.35294117647058826,0.24475641786867242,0.24475641786867242,easy,post_hoc_provider_free_diagnostic_not_registered_admission_rule
v2e2_c4d42554da4b1f44862b,power_limit_derating,hard,91,7.373684210526315,0.6470588235294118,0.35294117647058826,0.23514985050825676,0.23514985050825676,easy,post_hoc_provider_free_diagnostic_not_registered_admission_rule
v2e2_394e89f7d166924e9409,export_limit_update,easy,91,10.50625,0.23529411764705882,0.7647058823529411,0.23574892868000344,0.23529411764705882,easy,post_hoc_provider_free_diagnostic_not_registered_admission_rule
v2e2_f5ed58c9117bb14967a8,power_limit_derating,medium,91,8.295,0.17647058823529413,0.8235294117647058,0.22202998841334365,0.17647058823529413,medium,post_hoc_provider_free_diagnostic_not_registered_admission_rule
v2e2_f60d5d4b26a4ec302fa4,battery_capacity_derating,easy,89,10.26875,0.23529411764705882,0.7647058823529411,0.10824318055529965,0.10824318055529965,medium,post_hoc_provider_free_diagnostic_not_registered_admission_rule
v2e2_a49aba98f0f44c8c6622,reserve_commitment_update,hard,81,9.56875,0.5294117647058824,0.47058823529411764,0.13136878869160387,0.13136878869160387,medium,post_hoc_provider_free_diagnostic_not_registered_admission_rule
v2e2_57ed2833756fcc2a81f4,export_limit_update,easy,89,10.21875,0.17647058823529413,0.8235294117647058,0.5788562804795512,0.17647058823529413,medium,post_hoc_provider_free_diagnostic_not_registered_admission_rule
v2e2_7e727667efa4e288ccd0,export_limit_update,medium,92,10.675,0.29411764705882354,0.7058823529411765,0.29510010369732936,0.29411764705882354,easy,post_hoc_provider_free_diagnostic_not_registered_admission_rule
v2e2_d6701d548a93409fed9a,forecast_revision,hard,92,10.675,0.29411764705882354,0.7058823529411765,0.2834136235703687,0.2834136235703687,easy,post_hoc_provider_free_diagnostic_not_registered_admission_rule
v2e2_01647af4ab413aad9430,power_limit_derating,hard,91,6.399875,0.23529411764705882,0.7647058823529411,0.2536103384449924,0.23529411764705882,easy,post_hoc_provider_free_diagnostic_not_registered_admission_rule
v2e2_07ecea8c63a586f9fa3b,reserve_commitment_update,hard,87,11.397368421052631,0.6470588235294118,0.35294117647058826,0.3380712313595843,0.3380712313595843,easy,post_hoc_provider_free_diagnostic_not_registered_admission_rule
v2e2_20534de655a33fde87ca,export_limit_update,easy,92,10.575,0.17647058823529413,0.8235294117647058,0.19496648581982925,0.17647058823529413,medium,post_hoc_provider_free_diagnostic_not_registered_admission_rule
v2e2_e9230cb9c5afdd6582ec,power_limit_derating,hard,89,6.202625,0.17647058823529413,0.8235294117647058,0.7448818483908828,0.17647058823529413,medium,post_hoc_provider_free_diagnostic_not_registered_admission_rule
v2e2_689fd81bd1f3eec1e27d,reserve_commitment_update,easy,82,9.4375,0.23529411764705882,0.7647058823529411,0.19949847507239094,0.19949847507239094,medium,post_hoc_provider_free_diagnostic_not_registered_admission_rule
v2e2_e6c8a896df3972a400a6,reserve_commitment_update,medium,92,10.625,0.23529411764705882,0.7647058823529411,0.2507853540429308,0.23529411764705882,easy,post_hoc_provider_free_diagnostic_not_registered_admission_rule
v2e2_babe8da2420b974ae448,battery_capacity_derating,medium,90,10.4375,0.29411764705882354,0.7058823529411765,0.11067070163461135,0.11067070163461135,medium,post_hoc_provider_free_diagnostic_not_registered_admission_rule
v2e2_599ab783e7af2d598059,reserve_commitment_update,hard,91,10.75625,0.5294117647058824,0.47058823529411764,0.189914038507904,0.189914038507904,medium,post_hoc_provider_free_diagnostic_not_registered_admission_rule
v2e2_90357feca5a42c2b5eee,forecast_revision,medium,90,10.3875,0.23529411764705882,0.7647058823529411,0.13490387279812158,0.13490387279812158,medium,post_hoc_provider_free_diagnostic_not_registered_admission_rule
v2e2_12b72852882928644d40,forecast_revision,easy,86,10.1625,0.5294117647058824,0.47058823529411764,0.22738478829593206,0.22738478829593206,easy,post_hoc_provider_free_diagnostic_not_registered_admission_rule
v2e2_4bc783ae8ece976241af,reserve_commitment_update,easy,88,11.528947368421054,0.6470588235294118,0.35294117647058826,0.16575481345870344,0.16575481345870344,medium,post_hoc_provider_free_diagnostic_not_registered_admission_rule
v2e2_d00d3a4d54f973fa24ac,forecast_revision,medium,92,10.625,0.23529411764705882,0.7647058823529411,0.41604574522094584,0.23529411764705882,easy,post_hoc_provider_free_diagnostic_not_registered_admission_rule
v2e2_c577765fa5c45c1fea7a,battery_capacity_derating,medium,88,10.2,0.29411764705882354,0.7058823529411765,0.21569936112215982,0.21569936112215982,easy,post_hoc_provider_free_diagnostic_not_registered_admission_rule
v2e2_cd47662d04581b339960,power_limit_derating,medium,90,8.3,0.29411764705882354,0.7058823529411765,0.1342276775132683,0.1342276775132683,medium,post_hoc_provider_free_diagnostic_not_registered_admission_rule
v2e2_579d7046347071a2967e,battery_capacity_derating,easy,89,11.660526315789475,0.6470588235294118,0.35294117647058826,0.7033249661722086,0.35294117647058826,easy,post_hoc_provider_free_diagnostic_not_registered_admission_rule
v2e2_a7c71f5aa3db3e32fdd1,power_limit_derating,hard,92,7.455263157894738,0.6470588235294118,0.35294117647058826,0.2766726498885272,0.2766726498885272,easy,post_hoc_provider_free_diagnostic_not_registered_admission_rule
v2e2_d2a42e359dd264f920da,power_limit_derating,medium,91,8.345,0.23529411764705882,0.7647058823529411,0.19015672345225298,0.19015672345225298,medium,post_hoc_provider_free_diagnostic_not_registered_admission_rule
v2e2_1fd8536d13787e44dc17,battery_capacity_derating,easy,90,11.792105263157895,0.6470588235294118,0.35294117647058826,0.13982901658819097,0.13982901658819097,medium,post_hoc_provider_free_diagnostic_not_registered_admission_rule
v2e2_1a991ca6b21c0ed79241,forecast_revision,hard,82,9.6875,0.5294117647058824,0.47058823529411764,0.9495872879092914,0.47058823529411764,easy,post_hoc_provider_free_diagnostic_not_registered_admission_rule
v2e2_d6ba00286f170447ebbf,forecast_revision,hard,92,10.625,0.23529411764705882,0.7647058823529411,0.29709455890891656,0.23529411764705882,easy,post_hoc_provider_free_diagnostic_not_registered_admission_rule
v2e2_8e9a9550f230c7b3cff3,forecast_revision,medium,92,10.625,0.23529411764705882,0.7647058823529411,0.20871219538231878,0.20871219538231878,easy,post_hoc_provider_free_diagnostic_not_registered_admission_rule
v2e2_729fd4e9cb1879f64d23,forecast_revision,hard,82,9.4875,0.29411764705882354,0.7058823529411765,0.9457593630051377,0.29411764705882354,easy,post_hoc_provider_free_diagnostic_not_registered_admission_rule
v2e2_a015340abe1151fa1614,reserve_commitment_update,easy,82,9.4375,0.23529411764705882,0.7647058823529411,0.20866077652459214,0.20866077652459214,easy,post_hoc_provider_free_diagnostic_not_registered_admission_rule
v2e2_581afa30a65d6a5d08a5,export_limit_update,hard,90,11.792105263157895,0.6470588235294118,0.35294117647058826,0.15528292410481365,0.15528292410481365,medium,post_hoc_provider_free_diagnostic_not_registered_admission_rule
v2e2_a66e250328b3cef2064f,reserve_commitment_update,medium,91,11.923684210526316,0.6470588235294118,0.35294117647058826,0.06593073935363582,0.06593073935363582,medium,post_hoc_provider_free_diagnostic_not_registered_admission_rule
v2e2_47a354a03084871e0ca3,export_limit_update,medium,90,10.4375,0.29411764705882354,0.7058823529411765,0.09778229610408819,0.09778229610408819,medium,post_hoc_provider_free_diagnostic_not_registered_admission_rule
v2e2_eeaa2f40bad66efc8c57,power_limit_derating,easy,91,9.59175,0.17647058823529413,0.8235294117647058,0.07663915234089143,0.07663915234089143,medium,post_hoc_provider_free_diagnostic_not_registered_admission_rule
v2e2_16c288d882ac6a326385,battery_capacity_derating,easy,92,10.675,0.29411764705882354,0.7058823529411765,0.22224970014031628,0.22224970014031628,easy,post_hoc_provider_free_diagnostic_not_registered_admission_rule
